timestamp,nodeId,event,details
INIT,0,credential_issued,level_3
INIT,1,credential_issued,level_2
INIT,2,credential_issued,level_3
INIT,3,credential_issued,level_2
INIT,4,credential_issued,level_2
INIT,5,credential_issued,level_2
INIT,6,credential_issued,level_1
INIT,7,credential_issued,level_3
INIT,8,credential_issued,level_2
INIT,9,credential_issued,level_3
INIT,10,credential_issued,level_2
INIT,11,credential_issued,level_1
INIT,12,credential_issued,level_2
INIT,13,credential_issued,level_1
INIT,14,credential_issued,level_3
INIT,15,credential_issued,level_2
INIT,16,credential_issued,level_1
INIT,17,credential_issued,level_3
INIT,18,credential_issued,level_1
INIT,19,credential_issued,level_2
INIT,20,credential_issued,level_2
INIT,21,credential_issued,level_3
INIT,22,credential_issued,level_3
INIT,23,credential_issued,level_2
INIT,24,credential_issued,level_3
INIT,25,credential_issued,level_1
INIT,26,credential_issued,level_1
INIT,27,credential_issued,level_3
INIT,28,credential_issued,level_2
INIT,29,credential_issued,level_2
INIT,30,credential_issued,level_2
INIT,31,credential_issued,level_1
INIT,32,credential_issued,level_1
INIT,33,credential_issued,level_2
INIT,34,credential_issued,level_3
INIT,35,credential_issued,level_1
INIT,36,credential_issued,level_1
INIT,37,credential_issued,level_2
INIT,38,credential_issued,level_1
INIT,39,credential_issued,level_2
INIT,40,credential_issued,level_1
INIT,41,credential_issued,level_1
INIT,42,credential_issued,level_3
INIT,43,credential_issued,level_2
INIT,44,credential_issued,level_3
INIT,45,credential_issued,level_3
INIT,46,credential_issued,level_2
INIT,47,credential_issued,level_1
INIT,48,credential_issued,level_1
INIT,49,credential_issued,level_2
INIT,50,credential_issued,level_1
INIT,51,credential_issued,level_3
INIT,52,credential_issued,level_1
INIT,53,credential_issued,level_2
INIT,54,credential_issued,level_3
INIT,55,credential_issued,level_3
INIT,56,credential_issued,level_3
INIT,57,credential_issued,level_3
INIT,58,credential_issued,level_3
INIT,59,credential_issued,level_3
INIT,60,credential_issued,level_1
INIT,61,credential_issued,level_3
INIT,62,credential_issued,level_2
INIT,63,credential_issued,level_3
INIT,64,credential_issued,level_1
INIT,65,credential_issued,level_3
INIT,66,credential_issued,level_1
INIT,67,credential_issued,level_2
INIT,68,credential_issued,level_2
INIT,69,credential_issued,level_1
INIT,70,credential_issued,level_2
INIT,71,credential_issued,level_2
INIT,72,credential_issued,level_3
INIT,73,credential_issued,level_3
INIT,74,credential_issued,level_3
INIT,75,credential_issued,level_2
INIT,76,credential_issued,level_3
INIT,77,credential_issued,level_1
INIT,78,credential_issued,level_1
INIT,79,credential_issued,level_1
INIT,80,credential_issued,level_2
INIT,81,credential_issued,level_2
INIT,82,credential_issued,level_3
INIT,83,credential_issued,level_2
INIT,84,credential_issued,level_3
INIT,85,credential_issued,level_1
INIT,86,credential_issued,level_1
INIT,87,credential_issued,level_2
INIT,88,credential_issued,level_1
INIT,89,credential_issued,level_2
INIT,90,credential_issued,level_1
INIT,91,credential_issued,level_2
INIT,92,credential_issued,level_2
INIT,93,credential_issued,level_1
INIT,94,credential_issued,level_3
INIT,95,credential_issued,level_2
INIT,96,credential_issued,level_3
INIT,97,credential_issued,level_1
INIT,98,credential_issued,level_3
INIT,99,credential_issued,level_1
INIT,100,credential_issued,level_3
INIT,101,credential_issued,level_3
INIT,102,credential_issued,level_3
INIT,103,credential_issued,level_1
INIT,104,credential_issued,level_1
INIT,105,credential_issued,level_2
INIT,106,credential_issued,level_2
INIT,107,credential_issued,level_2
INIT,108,credential_issued,level_3
INIT,109,credential_issued,level_1
INIT,110,credential_issued,level_3
INIT,111,credential_issued,level_3
INIT,112,credential_issued,level_1
INIT,113,credential_issued,level_2
INIT,114,credential_issued,level_3
INIT,115,credential_issued,level_3
INIT,116,credential_issued,level_3
INIT,117,credential_issued,level_1
INIT,118,credential_issued,level_2
INIT,119,credential_issued,level_2
INIT,120,credential_issued,level_1
INIT,121,credential_issued,level_3
INIT,122,credential_issued,level_1
INIT,123,credential_issued,level_3
INIT,124,credential_issued,level_1
INIT,125,credential_issued,level_2
INIT,126,credential_issued,level_3
INIT,127,credential_issued,level_1
INIT,128,credential_issued,level_2
INIT,129,credential_issued,level_3
INIT,130,credential_issued,level_3
INIT,131,credential_issued,level_2
1,0,pre_auth_passed
1,0,auth_success,level_3
1,1,pre_auth_passed
1,1,auth_success,level_2
1,2,pre_auth_passed
1,2,auth_failed,crypto_failure
1,3,pre_auth_passed
1,3,auth_success,level_2
1,4,pre_auth_passed
1,4,auth_success,level_2
1,5,pre_auth_passed
1,5,auth_success,level_2
1,6,pre_auth_passed
1,6,auth_success,level_1
1,7,pre_auth_passed
1,7,auth_success,level_3
1,8,pre_auth_passed
1,8,auth_success,level_2
1,9,pre_auth_passed
1,9,auth_success,level_3
1,10,pre_auth_passed
1,10,auth_success,level_2
1,11,pre_auth_passed
1,11,auth_success,level_1
1,12,pre_auth_passed
1,12,auth_success,level_2
1,13,pre_auth_passed
1,13,auth_failed,crypto_failure
1,14,pre_auth_passed
1,14,auth_success,level_3
1,15,pre_auth_passed
1,15,auth_success,level_2
1,16,pre_auth_passed
1,16,auth_success,level_1
1,17,pre_auth_passed
1,17,auth_success,level_3
1,18,pre_auth_passed
1,18,auth_success,level_1
1,19,pre_auth_passed
1,19,auth_success,level_2
1,20,pre_auth_passed
1,20,auth_success,level_2
1,21,pre_auth_passed
1,21,auth_success,level_3
1,22,pre_auth_passed
1,22,auth_success,level_3
1,23,pre_auth_passed
1,23,auth_success,level_2
1,24,pre_auth_passed
1,24,auth_success,level_3
1,25,pre_auth_passed
1,25,auth_success,level_1
1,26,pre_auth_passed
1,26,auth_success,level_1
1,27,pre_auth_passed
1,27,auth_success,level_3
1,28,pre_auth_passed
1,28,auth_success,level_2
1,29,pre_auth_passed
1,29,auth_success,level_2
1,30,pre_auth_passed
1,30,auth_success,level_2
1,31,pre_auth_passed
1,31,auth_success,level_1
1,32,pre_auth_passed
1,32,auth_success,level_1
1,33,pre_auth_passed
1,33,auth_success,level_2
1,34,pre_auth_passed
1,34,auth_success,level_3
1,35,pre_auth_passed
1,35,auth_success,level_1
1,36,pre_auth_passed
1,36,auth_success,level_1
1,37,pre_auth_passed
1,37,auth_success,level_2
1,38,pre_auth_passed
1,38,auth_success,level_1
1,39,pre_auth_passed
1,39,auth_success,level_2
1,40,pre_auth_passed
1,40,auth_success,level_1
1,41,pre_auth_passed
1,41,auth_success,level_1
1,42,pre_auth_passed
1,42,auth_success,level_3
1,43,pre_auth_passed
1,43,auth_success,level_2
1,44,pre_auth_passed
1,44,auth_success,level_3
1,45,pre_auth_passed
1,45,auth_success,level_3
1,46,pre_auth_passed
1,46,auth_failed,crypto_failure
1,47,pre_auth_passed
1,47,auth_success,level_1
1,48,pre_auth_passed
1,48,auth_success,level_1
1,49,pre_auth_passed
1,49,auth_success,level_2
1,50,pre_auth_passed
1,50,auth_success,level_1
1,51,pre_auth_passed
1,51,auth_success,level_3
1,52,pre_auth_passed
1,52,auth_success,level_1
1,53,pre_auth_passed
1,53,auth_success,level_2
1,54,pre_auth_passed
1,54,auth_success,level_3
1,55,pre_auth_passed
1,55,auth_success,level_3
1,56,pre_auth_passed
1,56,auth_success,level_3
1,57,pre_auth_passed
1,57,auth_success,level_3
1,58,pre_auth_passed
1,58,auth_success,level_3
1,59,pre_auth_passed
1,59,auth_success,level_3
1,60,pre_auth_passed
1,60,auth_success,level_1
1,61,pre_auth_passed
1,61,auth_success,level_3
1,62,pre_auth_passed
1,62,auth_success,level_2
1,63,pre_auth_passed
1,63,auth_success,level_3
1,64,pre_auth_passed
1,64,auth_success,level_1
1,65,pre_auth_passed
1,65,auth_success,level_3
1,66,pre_auth_passed
1,66,auth_success,level_1
1,67,pre_auth_passed
1,67,auth_success,level_2
1,68,pre_auth_passed
1,68,auth_success,level_2
1,69,pre_auth_passed
1,69,auth_success,level_1
1,70,pre_auth_passed
1,70,auth_success,level_2
1,71,pre_auth_passed
1,71,auth_success,level_2
1,72,pre_auth_passed
1,72,auth_success,level_3
1,73,pre_auth_passed
1,73,auth_success,level_3
1,74,pre_auth_passed
1,74,auth_success,level_3
1,75,pre_auth_passed
1,75,auth_success,level_2
1,76,pre_auth_passed
1,76,auth_success,level_3
1,77,pre_auth_passed
1,77,auth_success,level_1
1,78,pre_auth_passed
1,78,auth_success,level_1
1,79,pre_auth_passed
1,79,auth_success,level_1
1,80,pre_auth_passed
1,80,auth_success,level_2
1,81,pre_auth_passed
1,81,auth_success,level_2
1,82,pre_auth_passed
1,82,auth_success,level_3
1,83,pre_auth_passed
1,83,auth_success,level_2
1,84,pre_auth_passed
1,84,auth_success,level_3
1,85,pre_auth_passed
1,85,auth_success,level_1
1,86,pre_auth_passed
1,86,auth_success,level_1
1,87,pre_auth_passed
1,87,auth_success,level_2
1,88,pre_auth_passed
1,88,auth_success,level_1
1,89,pre_auth_passed
1,89,auth_success,level_2
1,90,pre_auth_passed
1,90,auth_success,level_1
1,91,pre_auth_passed
1,91,auth_success,level_2
1,92,pre_auth_passed
1,92,auth_success,level_2
1,93,pre_auth_passed
1,93,auth_success,level_1
1,94,pre_auth_passed
1,94,auth_success,level_3
1,95,pre_auth_passed
1,95,auth_success,level_2
1,96,pre_auth_passed
1,96,auth_success,level_3
1,97,pre_auth_passed
1,97,auth_failed,crypto_failure
1,98,pre_auth_passed
1,98,auth_success,level_3
1,99,pre_auth_passed
1,99,auth_success,level_1
1,100,pre_auth_passed
1,100,auth_success,level_3
1,101,pre_auth_passed
1,101,auth_failed,crypto_failure
1,102,pre_auth_passed
1,102,auth_success,level_3
1,103,pre_auth_passed
1,103,auth_success,level_1
1,104,pre_auth_passed
1,104,auth_success,level_1
1,105,pre_auth_passed
1,105,auth_success,level_2
1,106,pre_auth_passed
1,106,auth_success,level_2
1,107,pre_auth_passed
1,107,auth_success,level_2
1,108,pre_auth_passed
1,108,auth_success,level_3
1,109,pre_auth_passed
1,109,auth_success,level_1
1,110,pre_auth_passed
1,110,auth_success,level_3
1,111,pre_auth_passed
1,111,auth_success,level_3
1,112,pre_auth_passed
1,112,auth_success,level_1
1,113,pre_auth_passed
1,113,auth_success,level_2
1,114,pre_auth_passed
1,114,auth_success,level_3
1,115,pre_auth_passed
1,115,auth_success,level_3
1,116,pre_auth_passed
1,116,auth_success,level_3
1,117,pre_auth_passed
1,117,auth_success,level_1
1,118,pre_auth_passed
1,118,auth_success,level_2
1,119,pre_auth_passed
1,119,auth_success,level_2
1,120,pre_auth_passed
1,120,auth_success,level_1
1,121,pre_auth_passed
1,121,auth_success,level_3
1,122,pre_auth_passed
1,122,auth_success,level_1
1,123,pre_auth_passed
1,123,auth_success,level_3
1,124,pre_auth_passed
1,124,auth_success,level_1
1,125,pre_auth_passed
1,125,auth_success,level_2
1,126,pre_auth_passed
1,126,auth_success,level_3
1,127,pre_auth_passed
1,127,auth_success,level_1
1,128,pre_auth_passed
1,128,auth_success,level_2
1,129,pre_auth_passed
1,129,auth_success,level_3
1,130,pre_auth_passed
1,130,auth_failed,crypto_failure
1,131,pre_auth_passed
1,131,auth_success,level_2
3,4,post_auth_suspicious,high_anomaly_count
3,4,auth_revoked,high_anomaly_count
3,6,post_auth_suspicious,high_anomaly_count
3,6,auth_revoked,high_anomaly_count
3,25,post_auth_suspicious,attack_detected
3,25,auth_revoked,attack_detected
3,2,pre_auth_passed
3,2,auth_success,level_3
3,13,pre_auth_passed
3,13,auth_success,level_1
3,46,pre_auth_passed
3,46,auth_success,level_2
3,97,pre_auth_passed
3,97,auth_success,level_1
3,101,pre_auth_passed
3,101,auth_success,level_3
3,130,pre_auth_passed
3,130,auth_success,level_3
3,4,pre_auth_passed
3,4,auth_failed,invalid_cert
3,6,pre_auth_passed
3,6,auth_failed,invalid_cert
4,4,pre_auth_passed
4,4,auth_failed,invalid_cert
4,6,pre_auth_passed
4,6,auth_failed,invalid_cert
