timestamp,nodeId,attackType,detectionScore
1,0,ml_anomaly,1
1,2,ml_anomaly,1
1,4,ml_anomaly,1
1,6,ml_anomaly,1
1.1,0,rule_violation,high_frequency
1.2,0,rule_violation,high_frequency
1.3,0,rule_violation,high_frequency
1.4,0,rule_violation,high_frequency
1.5,0,ml_anomaly,3
1.5,2,ml_anomaly,3
1.5,4,ml_anomaly,3
1.5,6,ml_anomaly,3
1.5,0,rule_violation,high_frequency
1.6,0,rule_violation,high_frequency
1.7,0,rule_violation,high_frequency
1.8,0,rule_violation,high_frequency
1.9,0,rule_violation,high_frequency
2,0,ml_anomaly,6
2,2,ml_anomaly,6
2,4,ml_anomaly,6
2,6,ml_anomaly,6
2,0,rule_violation,high_frequency
2.1,0,hybrid_detection,trust_score=0
2.1,0,rule_violation,high_frequency
2.1,25,rule_violation,high_frequency
2.2,0,rule_violation,high_frequency
2.2,25,rule_violation,high_frequency
2.3,0,hybrid_detection,trust_score=0
2.3,0,rule_violation,high_frequency
2.3,25,rule_violation,high_frequency
2.4,0,rule_violation,high_frequency
2.4,25,rule_violation,high_frequency
2.5,0,ml_anomaly,9
2.5,2,ml_anomaly,9
2.5,4,ml_anomaly,9
2.5,6,ml_anomaly,9
2.5,0,hybrid_detection,trust_score=0
2.5,25,rule_violation,high_frequency
2.7,0,hybrid_detection,trust_score=0
2.9,0,hybrid_detection,trust_score=0
3,0,ml_anomaly,13
3,2,ml_anomaly,13
3,4,ml_anomaly,13
3,6,ml_anomaly,13
3.1,0,hybrid_detection,trust_score=0
3.3,0,hybrid_detection,trust_score=0
3.5,0,ml_anomaly,16
3.5,2,ml_anomaly,16
3.5,4,ml_anomaly,16
3.5,6,ml_anomaly,16
3.5,0,hybrid_detection,trust_score=0
3.7,0,hybrid_detection,trust_score=0
3.9,0,hybrid_detection,trust_score=0
4,0,ml_anomaly,20
4,2,ml_anomaly,20
4,4,ml_anomaly,20
4,6,ml_anomaly,20
4.1,0,hybrid_detection,trust_score=0
4.1,2,hybrid_detection,trust_score=0
4.3,0,hybrid_detection,trust_score=0
4.3,2,hybrid_detection,trust_score=0
4.5,0,ml_anomaly,23
4.5,2,ml_anomaly,23
4.5,4,ml_anomaly,23
4.5,6,ml_anomaly,23
4.5,0,hybrid_detection,trust_score=0
4.5,2,hybrid_detection,trust_score=0
4.7,0,hybrid_detection,trust_score=0
4.7,2,hybrid_detection,trust_score=0
4.9,0,hybrid_detection,trust_score=0
4.9,2,hybrid_detection,trust_score=0
5,0,ml_anomaly,27
5,2,ml_anomaly,27
5,4,ml_anomaly,27
5,6,ml_anomaly,27
5.1,0,hybrid_detection,trust_score=0
5.1,2,hybrid_detection,trust_score=0
5.1,4,hybrid_detection,trust_score=0
5.1,6,hybrid_detection,trust_score=0
5.3,0,hybrid_detection,trust_score=0
5.3,2,hybrid_detection,trust_score=0
5.3,4,hybrid_detection,trust_score=0
5.3,6,hybrid_detection,trust_score=0
5.5,0,ml_anomaly,30
5.5,2,ml_anomaly,30
5.5,4,ml_anomaly,30
5.5,6,ml_anomaly,30
5.5,0,hybrid_detection,trust_score=0
5.5,2,hybrid_detection,trust_score=0
5.5,4,hybrid_detection,trust_score=0
5.5,6,hybrid_detection,trust_score=0
5.7,0,hybrid_detection,trust_score=0
5.7,2,hybrid_detection,trust_score=0
5.7,4,hybrid_detection,trust_score=0
5.7,6,hybrid_detection,trust_score=0
5.9,0,hybrid_detection,trust_score=0
5.9,2,hybrid_detection,trust_score=0
5.9,4,hybrid_detection,trust_score=0
5.9,6,hybrid_detection,trust_score=0
6,0,ml_anomaly,34
6,2,ml_anomaly,34
6,4,ml_anomaly,34
6,6,ml_anomaly,34
6.1,0,hybrid_detection,trust_score=0
6.1,2,hybrid_detection,trust_score=0
6.1,4,hybrid_detection,trust_score=0
6.1,6,hybrid_detection,trust_score=0
6.3,0,hybrid_detection,trust_score=0
6.3,2,hybrid_detection,trust_score=0
6.3,4,hybrid_detection,trust_score=0
6.3,6,hybrid_detection,trust_score=0
6.5,0,ml_anomaly,37
6.5,2,ml_anomaly,37
6.5,4,ml_anomaly,37
6.5,6,ml_anomaly,37
6.5,0,hybrid_detection,trust_score=0
6.5,2,hybrid_detection,trust_score=0
6.5,4,hybrid_detection,trust_score=0
6.5,6,hybrid_detection,trust_score=0
6.7,0,hybrid_detection,trust_score=0
6.7,2,hybrid_detection,trust_score=0
6.7,4,hybrid_detection,trust_score=0
6.7,6,hybrid_detection,trust_score=0
6.9,0,hybrid_detection,trust_score=0
6.9,2,hybrid_detection,trust_score=0
6.9,4,hybrid_detection,trust_score=0
6.9,6,hybrid_detection,trust_score=0
7,0,ml_anomaly,41
7,2,ml_anomaly,41
7,4,ml_anomaly,41
7,6,ml_anomaly,41
7.1,0,hybrid_detection,trust_score=0
7.1,2,hybrid_detection,trust_score=0
7.1,4,hybrid_detection,trust_score=0
7.1,6,hybrid_detection,trust_score=0
7.3,0,hybrid_detection,trust_score=0
7.3,2,hybrid_detection,trust_score=0
7.3,4,hybrid_detection,trust_score=0
7.3,6,hybrid_detection,trust_score=0
7.5,0,ml_anomaly,44
7.5,2,ml_anomaly,44
7.5,4,ml_anomaly,44
7.5,6,ml_anomaly,44
7.5,0,hybrid_detection,trust_score=0
7.5,2,hybrid_detection,trust_score=0
7.5,4,hybrid_detection,trust_score=0
7.5,6,hybrid_detection,trust_score=0
7.7,0,hybrid_detection,trust_score=0
7.7,2,hybrid_detection,trust_score=0
7.7,4,hybrid_detection,trust_score=0
7.7,6,hybrid_detection,trust_score=0
7.9,0,hybrid_detection,trust_score=0
7.9,2,hybrid_detection,trust_score=0
7.9,4,hybrid_detection,trust_score=0
7.9,6,hybrid_detection,trust_score=0
8,0,ml_anomaly,48
8,2,ml_anomaly,48
8,4,ml_anomaly,48
8,6,ml_anomaly,48
8.1,0,hybrid_detection,trust_score=0
8.1,2,hybrid_detection,trust_score=0
8.1,4,hybrid_detection,trust_score=0
8.1,6,hybrid_detection,trust_score=0
8.3,0,hybrid_detection,trust_score=0
8.3,2,hybrid_detection,trust_score=0
8.3,4,hybrid_detection,trust_score=0
8.3,6,hybrid_detection,trust_score=0
8.5,0,ml_anomaly,51
8.5,2,ml_anomaly,51
8.5,4,ml_anomaly,51
8.5,6,ml_anomaly,51
8.5,0,hybrid_detection,trust_score=0
8.5,2,hybrid_detection,trust_score=0
8.5,4,hybrid_detection,trust_score=0
8.5,6,hybrid_detection,trust_score=0
8.7,0,hybrid_detection,trust_score=0
8.7,2,hybrid_detection,trust_score=0
8.7,4,hybrid_detection,trust_score=0
8.7,6,hybrid_detection,trust_score=0
8.9,0,hybrid_detection,trust_score=0
8.9,2,hybrid_detection,trust_score=0
8.9,4,hybrid_detection,trust_score=0
8.9,6,hybrid_detection,trust_score=0
9,0,ml_anomaly,55
9,2,ml_anomaly,55
9,4,ml_anomaly,55
9,6,ml_anomaly,55
9.1,0,hybrid_detection,trust_score=0
9.1,2,hybrid_detection,trust_score=0
9.1,4,hybrid_detection,trust_score=0
9.1,6,hybrid_detection,trust_score=0
9.3,0,hybrid_detection,trust_score=0
9.3,2,hybrid_detection,trust_score=0
9.3,4,hybrid_detection,trust_score=0
9.3,6,hybrid_detection,trust_score=0
9.5,0,ml_anomaly,58
9.5,2,ml_anomaly,58
9.5,4,ml_anomaly,58
9.5,6,ml_anomaly,58
9.5,0,hybrid_detection,trust_score=0
9.5,2,hybrid_detection,trust_score=0
9.5,4,hybrid_detection,trust_score=0
9.5,6,hybrid_detection,trust_score=0
9.7,0,hybrid_detection,trust_score=0
9.7,2,hybrid_detection,trust_score=0
9.7,4,hybrid_detection,trust_score=0
9.7,6,hybrid_detection,trust_score=0
9.9,0,hybrid_detection,trust_score=0
9.9,2,hybrid_detection,trust_score=0
9.9,4,hybrid_detection,trust_score=0
9.9,6,hybrid_detection,trust_score=0
10,0,ml_anomaly,62
10,2,ml_anomaly,62
10,4,ml_anomaly,62
10,6,ml_anomaly,62
10.1,0,hybrid_detection,trust_score=0
10.1,2,hybrid_detection,trust_score=0
10.1,4,hybrid_detection,trust_score=0
10.1,6,hybrid_detection,trust_score=0
10.3,0,hybrid_detection,trust_score=0
10.3,2,hybrid_detection,trust_score=0
10.3,4,hybrid_detection,trust_score=0
10.3,6,hybrid_detection,trust_score=0
10.5,0,ml_anomaly,65
10.5,2,ml_anomaly,65
10.5,4,ml_anomaly,65
10.5,6,ml_anomaly,65
10.5,0,hybrid_detection,trust_score=0
10.5,2,hybrid_detection,trust_score=0
10.5,4,hybrid_detection,trust_score=0
10.5,6,hybrid_detection,trust_score=0
10.7,0,hybrid_detection,trust_score=0
10.7,2,hybrid_detection,trust_score=0
10.7,4,hybrid_detection,trust_score=0
10.7,6,hybrid_detection,trust_score=0
10.9,0,hybrid_detection,trust_score=0
10.9,2,hybrid_detection,trust_score=0
10.9,4,hybrid_detection,trust_score=0
10.9,6,hybrid_detection,trust_score=0
11,0,ml_anomaly,69
11,2,ml_anomaly,69
11,4,ml_anomaly,69
11,6,ml_anomaly,69
11.1,0,hybrid_detection,trust_score=0
11.1,2,hybrid_detection,trust_score=0
11.1,4,hybrid_detection,trust_score=0
11.1,6,hybrid_detection,trust_score=0
11.3,0,hybrid_detection,trust_score=0
11.3,2,hybrid_detection,trust_score=0
11.3,4,hybrid_detection,trust_score=0
11.3,6,hybrid_detection,trust_score=0
11.5,0,ml_anomaly,72
11.5,2,ml_anomaly,72
11.5,4,ml_anomaly,72
11.5,6,ml_anomaly,72
11.5,0,hybrid_detection,trust_score=0
11.5,2,hybrid_detection,trust_score=0
11.5,4,hybrid_detection,trust_score=0
11.5,6,hybrid_detection,trust_score=0
11.7,0,hybrid_detection,trust_score=0
11.7,2,hybrid_detection,trust_score=0
11.7,4,hybrid_detection,trust_score=0
11.7,6,hybrid_detection,trust_score=0
11.9,0,hybrid_detection,trust_score=0
11.9,2,hybrid_detection,trust_score=0
11.9,4,hybrid_detection,trust_score=0
11.9,6,hybrid_detection,trust_score=0
12,0,ml_anomaly,76
12,2,ml_anomaly,76
12,4,ml_anomaly,76
12,6,ml_anomaly,76
12.1,0,hybrid_detection,trust_score=0
12.1,2,hybrid_detection,trust_score=0
12.1,4,hybrid_detection,trust_score=0
12.1,6,hybrid_detection,trust_score=0
12.3,0,hybrid_detection,trust_score=0
12.3,2,hybrid_detection,trust_score=0
12.3,4,hybrid_detection,trust_score=0
12.3,6,hybrid_detection,trust_score=0
12.5,0,ml_anomaly,79
12.5,2,ml_anomaly,79
12.5,4,ml_anomaly,79
12.5,6,ml_anomaly,79
12.5,0,hybrid_detection,trust_score=0
12.5,2,hybrid_detection,trust_score=0
12.5,4,hybrid_detection,trust_score=0
12.5,6,hybrid_detection,trust_score=0
12.7,0,hybrid_detection,trust_score=0
12.7,2,hybrid_detection,trust_score=0
12.7,4,hybrid_detection,trust_score=0
12.7,6,hybrid_detection,trust_score=0
12.9,0,hybrid_detection,trust_score=0
12.9,2,hybrid_detection,trust_score=0
12.9,4,hybrid_detection,trust_score=0
12.9,6,hybrid_detection,trust_score=0
13,0,ml_anomaly,83
13,2,ml_anomaly,83
13,4,ml_anomaly,83
13,6,ml_anomaly,83
13.1,0,hybrid_detection,trust_score=0
13.1,2,hybrid_detection,trust_score=0
13.1,4,hybrid_detection,trust_score=0
13.1,6,hybrid_detection,trust_score=0
13.3,0,hybrid_detection,trust_score=0
13.3,2,hybrid_detection,trust_score=0
13.3,4,hybrid_detection,trust_score=0
13.3,6,hybrid_detection,trust_score=0
13.5,0,ml_anomaly,86
13.5,2,ml_anomaly,86
13.5,4,ml_anomaly,86
13.5,6,ml_anomaly,86
13.5,0,hybrid_detection,trust_score=0
13.5,2,hybrid_detection,trust_score=0
13.5,4,hybrid_detection,trust_score=0
13.5,6,hybrid_detection,trust_score=0
13.7,0,hybrid_detection,trust_score=0
13.7,2,hybrid_detection,trust_score=0
13.7,4,hybrid_detection,trust_score=0
13.7,6,hybrid_detection,trust_score=0
13.9,0,hybrid_detection,trust_score=0
13.9,2,hybrid_detection,trust_score=0
13.9,4,hybrid_detection,trust_score=0
13.9,6,hybrid_detection,trust_score=0
14,0,ml_anomaly,90
14,2,ml_anomaly,90
14,4,ml_anomaly,90
14,6,ml_anomaly,90
14.1,0,hybrid_detection,trust_score=0
14.1,2,hybrid_detection,trust_score=0
14.1,4,hybrid_detection,trust_score=0
14.1,6,hybrid_detection,trust_score=0
14.3,0,hybrid_detection,trust_score=0
14.3,2,hybrid_detection,trust_score=0
14.3,4,hybrid_detection,trust_score=0
14.3,6,hybrid_detection,trust_score=0
14.5,0,ml_anomaly,93
14.5,2,ml_anomaly,93
14.5,4,ml_anomaly,93
14.5,6,ml_anomaly,93
14.5,0,hybrid_detection,trust_score=0
14.5,2,hybrid_detection,trust_score=0
14.5,4,hybrid_detection,trust_score=0
14.5,6,hybrid_detection,trust_score=0
14.7,0,hybrid_detection,trust_score=0
14.7,2,hybrid_detection,trust_score=0
14.7,4,hybrid_detection,trust_score=0
14.7,6,hybrid_detection,trust_score=0
14.9,0,hybrid_detection,trust_score=0
14.9,2,hybrid_detection,trust_score=0
14.9,4,hybrid_detection,trust_score=0
14.9,6,hybrid_detection,trust_score=0
15,0,ml_anomaly,97
15,2,ml_anomaly,97
15,4,ml_anomaly,97
15,6,ml_anomaly,97
15.1,0,hybrid_detection,trust_score=0
15.1,2,hybrid_detection,trust_score=0
15.1,4,hybrid_detection,trust_score=0
15.1,6,hybrid_detection,trust_score=0
15.3,0,hybrid_detection,trust_score=0
15.3,2,hybrid_detection,trust_score=0
15.3,4,hybrid_detection,trust_score=0
15.3,6,hybrid_detection,trust_score=0
15.5,0,ml_anomaly,100
15.5,2,ml_anomaly,100
15.5,4,ml_anomaly,100
15.5,6,ml_anomaly,100
15.5,0,hybrid_detection,trust_score=0
15.5,2,hybrid_detection,trust_score=0
15.5,4,hybrid_detection,trust_score=0
15.5,6,hybrid_detection,trust_score=0
15.7,0,hybrid_detection,trust_score=0
15.7,2,hybrid_detection,trust_score=0
15.7,4,hybrid_detection,trust_score=0
15.7,6,hybrid_detection,trust_score=0
15.9,0,hybrid_detection,trust_score=0
15.9,2,hybrid_detection,trust_score=0
15.9,4,hybrid_detection,trust_score=0
15.9,6,hybrid_detection,trust_score=0
16,0,ml_anomaly,104
16,2,ml_anomaly,104
16,4,ml_anomaly,104
16,6,ml_anomaly,104
16.1,0,hybrid_detection,trust_score=0
16.1,2,hybrid_detection,trust_score=0
16.1,4,hybrid_detection,trust_score=0
16.1,6,hybrid_detection,trust_score=0
16.3,0,hybrid_detection,trust_score=0
16.3,2,hybrid_detection,trust_score=0
16.3,4,hybrid_detection,trust_score=0
16.3,6,hybrid_detection,trust_score=0
16.5,0,ml_anomaly,107
16.5,2,ml_anomaly,107
16.5,4,ml_anomaly,107
16.5,6,ml_anomaly,107
16.5,0,hybrid_detection,trust_score=0
16.5,2,hybrid_detection,trust_score=0
16.5,4,hybrid_detection,trust_score=0
16.5,6,hybrid_detection,trust_score=0
16.7,0,hybrid_detection,trust_score=0
16.7,2,hybrid_detection,trust_score=0
16.7,4,hybrid_detection,trust_score=0
16.7,6,hybrid_detection,trust_score=0
16.9,0,hybrid_detection,trust_score=0
16.9,2,hybrid_detection,trust_score=0
16.9,4,hybrid_detection,trust_score=0
16.9,6,hybrid_detection,trust_score=0
17,0,ml_anomaly,111
17,2,ml_anomaly,111
17,4,ml_anomaly,111
17,6,ml_anomaly,111
17.1,0,hybrid_detection,trust_score=0
17.1,2,hybrid_detection,trust_score=0
17.1,4,hybrid_detection,trust_score=0
17.1,6,hybrid_detection,trust_score=0
17.3,0,hybrid_detection,trust_score=0
17.3,2,hybrid_detection,trust_score=0
17.3,4,hybrid_detection,trust_score=0
17.3,6,hybrid_detection,trust_score=0
17.5,0,ml_anomaly,114
17.5,2,ml_anomaly,114
17.5,4,ml_anomaly,114
17.5,6,ml_anomaly,114
17.5,0,hybrid_detection,trust_score=0
17.5,2,hybrid_detection,trust_score=0
17.5,4,hybrid_detection,trust_score=0
17.5,6,hybrid_detection,trust_score=0
17.7,0,hybrid_detection,trust_score=0
17.7,2,hybrid_detection,trust_score=0
17.7,4,hybrid_detection,trust_score=0
17.7,6,hybrid_detection,trust_score=0
17.9,0,hybrid_detection,trust_score=0
17.9,2,hybrid_detection,trust_score=0
17.9,4,hybrid_detection,trust_score=0
17.9,6,hybrid_detection,trust_score=0
18,0,ml_anomaly,118
18,2,ml_anomaly,118
18,4,ml_anomaly,118
18,6,ml_anomaly,118
18.1,0,hybrid_detection,trust_score=0
18.1,2,hybrid_detection,trust_score=0
18.1,4,hybrid_detection,trust_score=0
18.1,6,hybrid_detection,trust_score=0
18.3,0,hybrid_detection,trust_score=0
18.3,2,hybrid_detection,trust_score=0
18.3,4,hybrid_detection,trust_score=0
18.3,6,hybrid_detection,trust_score=0
18.5,0,ml_anomaly,121
18.5,2,ml_anomaly,121
18.5,4,ml_anomaly,121
18.5,6,ml_anomaly,121
18.5,0,hybrid_detection,trust_score=0
18.5,2,hybrid_detection,trust_score=0
18.5,4,hybrid_detection,trust_score=0
18.5,6,hybrid_detection,trust_score=0
18.7,0,hybrid_detection,trust_score=0
18.7,2,hybrid_detection,trust_score=0
18.7,4,hybrid_detection,trust_score=0
18.7,6,hybrid_detection,trust_score=0
18.9,0,hybrid_detection,trust_score=0
18.9,2,hybrid_detection,trust_score=0
18.9,4,hybrid_detection,trust_score=0
18.9,6,hybrid_detection,trust_score=0
19,0,ml_anomaly,125
19,2,ml_anomaly,125
19,4,ml_anomaly,125
19,6,ml_anomaly,125
19.1,0,hybrid_detection,trust_score=0
19.1,2,hybrid_detection,trust_score=0
19.1,4,hybrid_detection,trust_score=0
19.1,6,hybrid_detection,trust_score=0
19.3,0,hybrid_detection,trust_score=0
19.3,2,hybrid_detection,trust_score=0
19.3,4,hybrid_detection,trust_score=0
19.3,6,hybrid_detection,trust_score=0
19.5,0,ml_anomaly,128
19.5,2,ml_anomaly,128
19.5,4,ml_anomaly,128
19.5,6,ml_anomaly,128
19.5,0,hybrid_detection,trust_score=0
19.5,2,hybrid_detection,trust_score=0
19.5,4,hybrid_detection,trust_score=0
19.5,6,hybrid_detection,trust_score=0
19.7,0,hybrid_detection,trust_score=0
19.7,2,hybrid_detection,trust_score=0
19.7,4,hybrid_detection,trust_score=0
19.7,6,hybrid_detection,trust_score=0
19.9,0,hybrid_detection,trust_score=0
19.9,2,hybrid_detection,trust_score=0
19.9,4,hybrid_detection,trust_score=0
19.9,6,hybrid_detection,trust_score=0
20,0,ml_anomaly,132
20,2,ml_anomaly,132
20,4,ml_anomaly,132
20,6,ml_anomaly,132
20.1,0,hybrid_detection,trust_score=0
20.1,2,hybrid_detection,trust_score=0
20.1,4,hybrid_detection,trust_score=0
20.1,6,hybrid_detection,trust_score=0
20.3,0,hybrid_detection,trust_score=0
20.3,2,hybrid_detection,trust_score=0
20.3,4,hybrid_detection,trust_score=0
20.3,6,hybrid_detection,trust_score=0
20.5,0,ml_anomaly,135
20.5,2,ml_anomaly,135
20.5,4,ml_anomaly,135
20.5,6,ml_anomaly,135
20.5,0,hybrid_detection,trust_score=0
20.5,2,hybrid_detection,trust_score=0
20.5,4,hybrid_detection,trust_score=0
20.5,6,hybrid_detection,trust_score=0
20.7,0,hybrid_detection,trust_score=0
20.7,2,hybrid_detection,trust_score=0
20.7,4,hybrid_detection,trust_score=0
20.7,6,hybrid_detection,trust_score=0
20.9,0,hybrid_detection,trust_score=0
20.9,2,hybrid_detection,trust_score=0
20.9,4,hybrid_detection,trust_score=0
20.9,6,hybrid_detection,trust_score=0
21,0,ml_anomaly,139
21,2,ml_anomaly,139
21,4,ml_anomaly,139
21,6,ml_anomaly,139
21.1,0,hybrid_detection,trust_score=0
21.1,2,hybrid_detection,trust_score=0
21.1,4,hybrid_detection,trust_score=0
21.1,6,hybrid_detection,trust_score=0
21.3,0,hybrid_detection,trust_score=0
21.3,2,hybrid_detection,trust_score=0
21.3,4,hybrid_detection,trust_score=0
21.3,6,hybrid_detection,trust_score=0
21.5,0,ml_anomaly,142
21.5,2,ml_anomaly,142
21.5,4,ml_anomaly,142
21.5,6,ml_anomaly,142
21.5,0,hybrid_detection,trust_score=0
21.5,2,hybrid_detection,trust_score=0
21.5,4,hybrid_detection,trust_score=0
21.5,6,hybrid_detection,trust_score=0
21.7,0,hybrid_detection,trust_score=0
21.7,2,hybrid_detection,trust_score=0
21.7,4,hybrid_detection,trust_score=0
21.7,6,hybrid_detection,trust_score=0
21.9,0,hybrid_detection,trust_score=0
21.9,2,hybrid_detection,trust_score=0
21.9,4,hybrid_detection,trust_score=0
21.9,6,hybrid_detection,trust_score=0
22,0,ml_anomaly,146
22,2,ml_anomaly,146
22,4,ml_anomaly,146
22,6,ml_anomaly,146
22.1,0,hybrid_detection,trust_score=0
22.1,2,hybrid_detection,trust_score=0
22.1,4,hybrid_detection,trust_score=0
22.1,6,hybrid_detection,trust_score=0
22.3,0,hybrid_detection,trust_score=0
22.3,2,hybrid_detection,trust_score=0
22.3,4,hybrid_detection,trust_score=0
22.3,6,hybrid_detection,trust_score=0
22.5,0,ml_anomaly,149
22.5,2,ml_anomaly,149
22.5,4,ml_anomaly,149
22.5,6,ml_anomaly,149
22.5,0,hybrid_detection,trust_score=0
22.5,2,hybrid_detection,trust_score=0
22.5,4,hybrid_detection,trust_score=0
22.5,6,hybrid_detection,trust_score=0
22.7,0,hybrid_detection,trust_score=0
22.7,2,hybrid_detection,trust_score=0
22.7,4,hybrid_detection,trust_score=0
22.7,6,hybrid_detection,trust_score=0
22.9,0,hybrid_detection,trust_score=0
22.9,2,hybrid_detection,trust_score=0
22.9,4,hybrid_detection,trust_score=0
22.9,6,hybrid_detection,trust_score=0
23,0,ml_anomaly,153
23,2,ml_anomaly,153
23,4,ml_anomaly,153
23,6,ml_anomaly,153
23.1,0,hybrid_detection,trust_score=0
23.1,2,hybrid_detection,trust_score=0
23.1,4,hybrid_detection,trust_score=0
23.1,6,hybrid_detection,trust_score=0
23.3,0,hybrid_detection,trust_score=0
23.3,2,hybrid_detection,trust_score=0
23.3,4,hybrid_detection,trust_score=0
23.3,6,hybrid_detection,trust_score=0
23.5,0,ml_anomaly,156
23.5,2,ml_anomaly,156
23.5,4,ml_anomaly,156
23.5,6,ml_anomaly,156
23.5,0,hybrid_detection,trust_score=0
23.5,2,hybrid_detection,trust_score=0
23.5,4,hybrid_detection,trust_score=0
23.5,6,hybrid_detection,trust_score=0
23.7,0,hybrid_detection,trust_score=0
23.7,2,hybrid_detection,trust_score=0
23.7,4,hybrid_detection,trust_score=0
23.7,6,hybrid_detection,trust_score=0
23.9,0,hybrid_detection,trust_score=0
23.9,2,hybrid_detection,trust_score=0
23.9,4,hybrid_detection,trust_score=0
23.9,6,hybrid_detection,trust_score=0
24,0,ml_anomaly,160
24,2,ml_anomaly,160
24,4,ml_anomaly,160
24,6,ml_anomaly,160
24.1,0,hybrid_detection,trust_score=0
24.1,2,hybrid_detection,trust_score=0
24.1,4,hybrid_detection,trust_score=0
24.1,6,hybrid_detection,trust_score=0
24.3,0,hybrid_detection,trust_score=0
24.3,2,hybrid_detection,trust_score=0
24.3,4,hybrid_detection,trust_score=0
24.3,6,hybrid_detection,trust_score=0
24.5,0,ml_anomaly,163
24.5,2,ml_anomaly,163
24.5,4,ml_anomaly,163
24.5,6,ml_anomaly,163
24.5,0,hybrid_detection,trust_score=0
24.5,2,hybrid_detection,trust_score=0
24.5,4,hybrid_detection,trust_score=0
24.5,6,hybrid_detection,trust_score=0
24.7,0,hybrid_detection,trust_score=0
24.7,2,hybrid_detection,trust_score=0
24.7,4,hybrid_detection,trust_score=0
24.7,6,hybrid_detection,trust_score=0
24.9,0,hybrid_detection,trust_score=0
24.9,2,hybrid_detection,trust_score=0
24.9,4,hybrid_detection,trust_score=0
24.9,6,hybrid_detection,trust_score=0
25,0,ml_anomaly,167
25,2,ml_anomaly,167
25,4,ml_anomaly,167
25,6,ml_anomaly,167
25.1,0,hybrid_detection,trust_score=0
25.1,2,hybrid_detection,trust_score=0
25.1,4,hybrid_detection,trust_score=0
25.1,6,hybrid_detection,trust_score=0
25.3,0,hybrid_detection,trust_score=0
25.3,2,hybrid_detection,trust_score=0
25.3,4,hybrid_detection,trust_score=0
25.3,6,hybrid_detection,trust_score=0
25.5,0,ml_anomaly,170
25.5,2,ml_anomaly,170
25.5,4,ml_anomaly,170
25.5,6,ml_anomaly,170
25.5,0,hybrid_detection,trust_score=0
25.5,2,hybrid_detection,trust_score=0
25.5,4,hybrid_detection,trust_score=0
25.5,6,hybrid_detection,trust_score=0
25.7,0,hybrid_detection,trust_score=0
25.7,2,hybrid_detection,trust_score=0
25.7,4,hybrid_detection,trust_score=0
25.7,6,hybrid_detection,trust_score=0
25.9,0,hybrid_detection,trust_score=0
25.9,2,hybrid_detection,trust_score=0
25.9,4,hybrid_detection,trust_score=0
25.9,6,hybrid_detection,trust_score=0
26,0,ml_anomaly,174
26,2,ml_anomaly,174
26,4,ml_anomaly,174
26,6,ml_anomaly,174
26.1,0,hybrid_detection,trust_score=0
26.1,2,hybrid_detection,trust_score=0
26.1,4,hybrid_detection,trust_score=0
26.1,6,hybrid_detection,trust_score=0
26.3,0,hybrid_detection,trust_score=0
26.3,2,hybrid_detection,trust_score=0
26.3,4,hybrid_detection,trust_score=0
26.3,6,hybrid_detection,trust_score=0
26.5,0,ml_anomaly,177
26.5,2,ml_anomaly,177
26.5,4,ml_anomaly,177
26.5,6,ml_anomaly,177
26.5,0,hybrid_detection,trust_score=0
26.5,2,hybrid_detection,trust_score=0
26.5,4,hybrid_detection,trust_score=0
26.5,6,hybrid_detection,trust_score=0
26.7,0,hybrid_detection,trust_score=0
26.7,2,hybrid_detection,trust_score=0
26.7,4,hybrid_detection,trust_score=0
26.7,6,hybrid_detection,trust_score=0
26.9,0,hybrid_detection,trust_score=0
26.9,2,hybrid_detection,trust_score=0
26.9,4,hybrid_detection,trust_score=0
26.9,6,hybrid_detection,trust_score=0
27,0,ml_anomaly,181
27,2,ml_anomaly,181
27,4,ml_anomaly,181
27,6,ml_anomaly,181
27.1,0,hybrid_detection,trust_score=0
27.1,2,hybrid_detection,trust_score=0
27.1,4,hybrid_detection,trust_score=0
27.1,6,hybrid_detection,trust_score=0
27.3,0,hybrid_detection,trust_score=0
27.3,2,hybrid_detection,trust_score=0
27.3,4,hybrid_detection,trust_score=0
27.3,6,hybrid_detection,trust_score=0
27.5,0,ml_anomaly,184
27.5,2,ml_anomaly,184
27.5,4,ml_anomaly,184
27.5,6,ml_anomaly,184
27.5,0,hybrid_detection,trust_score=0
27.5,2,hybrid_detection,trust_score=0
27.5,4,hybrid_detection,trust_score=0
27.5,6,hybrid_detection,trust_score=0
27.7,0,hybrid_detection,trust_score=0
27.7,2,hybrid_detection,trust_score=0
27.7,4,hybrid_detection,trust_score=0
27.7,6,hybrid_detection,trust_score=0
27.9,0,hybrid_detection,trust_score=0
27.9,2,hybrid_detection,trust_score=0
27.9,4,hybrid_detection,trust_score=0
27.9,6,hybrid_detection,trust_score=0
28,0,ml_anomaly,188
28,2,ml_anomaly,188
28,4,ml_anomaly,188
28,6,ml_anomaly,188
28.1,0,hybrid_detection,trust_score=0
28.1,2,hybrid_detection,trust_score=0
28.1,4,hybrid_detection,trust_score=0
28.1,6,hybrid_detection,trust_score=0
28.3,0,hybrid_detection,trust_score=0
28.3,2,hybrid_detection,trust_score=0
28.3,4,hybrid_detection,trust_score=0
28.3,6,hybrid_detection,trust_score=0
28.5,0,ml_anomaly,191
28.5,2,ml_anomaly,191
28.5,4,ml_anomaly,191
28.5,6,ml_anomaly,191
28.5,0,hybrid_detection,trust_score=0
28.5,2,hybrid_detection,trust_score=0
28.5,4,hybrid_detection,trust_score=0
28.5,6,hybrid_detection,trust_score=0
28.7,0,hybrid_detection,trust_score=0
28.7,2,hybrid_detection,trust_score=0
28.7,4,hybrid_detection,trust_score=0
28.7,6,hybrid_detection,trust_score=0
28.9,0,hybrid_detection,trust_score=0
28.9,2,hybrid_detection,trust_score=0
28.9,4,hybrid_detection,trust_score=0
28.9,6,hybrid_detection,trust_score=0
29,0,ml_anomaly,195
29,2,ml_anomaly,195
29,4,ml_anomaly,195
29,6,ml_anomaly,195
29.1,0,hybrid_detection,trust_score=0
29.1,2,hybrid_detection,trust_score=0
29.1,4,hybrid_detection,trust_score=0
29.1,6,hybrid_detection,trust_score=0
29.3,0,hybrid_detection,trust_score=0
29.3,2,hybrid_detection,trust_score=0
29.3,4,hybrid_detection,trust_score=0
29.3,6,hybrid_detection,trust_score=0
29.5,0,ml_anomaly,198
29.5,2,ml_anomaly,198
29.5,4,ml_anomaly,198
29.5,6,ml_anomaly,198
29.5,0,hybrid_detection,trust_score=0
29.5,2,hybrid_detection,trust_score=0
29.5,4,hybrid_detection,trust_score=0
29.5,6,hybrid_detection,trust_score=0
29.7,0,hybrid_detection,trust_score=0
29.7,2,hybrid_detection,trust_score=0
29.7,4,hybrid_detection,trust_score=0
29.7,6,hybrid_detection,trust_score=0
29.9,0,hybrid_detection,trust_score=0
29.9,2,hybrid_detection,trust_score=0
29.9,4,hybrid_detection,trust_score=0
29.9,6,hybrid_detection,trust_score=0
