timestamp,nodeId,mitigationType,details
1.1,0,threat_intelligence_shared,suspect=0,type=high_packet_rate
1.1,0,rule_based_detection,high_frequency
1.2,0,threat_intelligence_shared,suspect=0,type=high_packet_rate
1.2,0,rule_based_detection,high_frequency
1.3,0,threat_intelligence_shared,suspect=0,type=high_packet_rate
1.3,0,rule_based_detection,high_frequency
1.4,0,threat_intelligence_shared,suspect=0,type=high_packet_rate
1.4,0,rule_based_detection,high_frequency
1.5,0,threat_intelligence_shared,suspect=0,type=high_packet_rate
1.5,0,threat_intelligence_shared,suspect=0,type=high_packet_rate
1.5,0,rule_based_detection,high_frequency
1.6,0,threat_intelligence_shared,suspect=0,type=high_packet_rate
1.6,0,rule_based_detection,high_frequency
1.7,0,threat_intelligence_shared,suspect=0,type=high_packet_rate
1.7,0,threat_intelligence_shared,suspect=0,type=high_packet_rate
1.7,0,rule_based_detection,high_frequency
1.8,0,threat_intelligence_shared,suspect=0,type=high_packet_rate
1.8,0,rule_based_detection,high_frequency
1.9,0,threat_intelligence_shared,suspect=0,type=high_packet_rate
1.9,0,threat_intelligence_shared,suspect=0,type=high_packet_rate
1.9,0,rule_based_detection,high_frequency
2,0,node_isolation,multiple_threat_reports
2,0,threat_intelligence_shared,suspect=0,type=low_trust
2,0,threat_intelligence_shared,suspect=0,type=high_packet_rate
2,0,rule_based_detection,high_frequency
2.1,0,threat_intelligence_shared,suspect=0,type=high_packet_rate
2.1,0,hybrid_detection,ml_anomaly=1,rule_violation=1,trust_score=0
2.1,0,threat_intelligence_shared,suspect=0,type=hybrid_detection
2.1,25,threat_intelligence_shared,suspect=25,type=high_packet_rate
2.1,0,threat_intelligence_shared,suspect=0,type=high_packet_rate
2.1,0,rule_based_detection,high_frequency
2.1,25,threat_intelligence_shared,suspect=25,type=high_packet_rate
2.1,25,rule_based_detection,high_frequency
2.2,0,threat_intelligence_shared,suspect=0,type=high_packet_rate
2.2,0,rule_based_detection,high_frequency
2.2,25,threat_intelligence_shared,suspect=25,type=high_packet_rate
2.2,25,rule_based_detection,high_frequency
2.3,0,threat_intelligence_shared,suspect=0,type=high_packet_rate
2.3,0,hybrid_detection,ml_anomaly=1,rule_violation=1,trust_score=0
2.3,0,threat_intelligence_shared,suspect=0,type=hybrid_detection
2.3,25,threat_intelligence_shared,suspect=25,type=high_packet_rate
2.3,0,threat_intelligence_shared,suspect=0,type=high_packet_rate
2.3,0,rule_based_detection,high_frequency
2.3,25,threat_intelligence_shared,suspect=25,type=high_packet_rate
2.3,25,rule_based_detection,high_frequency
2.4,0,threat_intelligence_shared,suspect=0,type=high_packet_rate
2.4,0,rule_based_detection,high_frequency
2.4,25,threat_intelligence_shared,suspect=25,type=high_packet_rate
2.4,25,rule_based_detection,high_frequency
2.5,0,hybrid_detection,ml_anomaly=1,rule_violation=0,trust_score=0
2.5,25,threat_intelligence_shared,suspect=25,type=high_packet_rate
2.5,25,threat_intelligence_shared,suspect=25,type=high_packet_rate
2.5,25,rule_based_detection,high_frequency
2.7,0,hybrid_detection,ml_anomaly=1,rule_violation=0,trust_score=0
2.9,0,hybrid_detection,ml_anomaly=1,rule_violation=0,trust_score=0
3,0,traffic_filter_applied,rate_limit,threshold=30
3,0,traffic_filter_applied,content_filter,threshold=0
3,25,traffic_filter_applied,rate_limit,threshold=30
3,25,node_isolation,multiple_threat_reports
3,0,threat_intelligence_shared,suspect=0,type=low_trust
3,25,threat_intelligence_shared,suspect=25,type=low_trust
3.1,0,hybrid_detection,ml_anomaly=1,rule_violation=0,trust_score=0
3.3,0,hybrid_detection,ml_anomaly=1,rule_violation=0,trust_score=0
3.5,0,hybrid_detection,ml_anomaly=1,rule_violation=0,trust_score=0
3.7,0,hybrid_detection,ml_anomaly=1,rule_violation=0,trust_score=0
3.9,0,hybrid_detection,ml_anomaly=1,rule_violation=0,trust_score=0
4,0,route_reconfiguration,neighbors=60
4,1,route_reconfiguration,neighbors=69
4,2,route_reconfiguration,neighbors=76
4,3,route_reconfiguration,neighbors=80
4,4,route_reconfiguration,neighbors=81
4,5,route_reconfiguration,neighbors=81
4,6,route_reconfiguration,neighbors=79
4,7,route_reconfiguration,neighbors=76
4,8,route_reconfiguration,neighbors=70
4,9,route_reconfiguration,neighbors=63
4,10,route_reconfiguration,neighbors=69
4,11,route_reconfiguration,neighbors=80
4,12,route_reconfiguration,neighbors=85
4,13,route_reconfiguration,neighbors=89
4,14,route_reconfiguration,neighbors=91
4,15,route_reconfiguration,neighbors=92
4,16,route_reconfiguration,neighbors=89
4,17,route_reconfiguration,neighbors=86
4,18,route_reconfiguration,neighbors=80
4,19,route_reconfiguration,neighbors=71
4,20,route_reconfiguration,neighbors=79
4,21,route_reconfiguration,neighbors=89
4,22,route_reconfiguration,neighbors=96
4,23,route_reconfiguration,neighbors=99
4,24,route_reconfiguration,neighbors=101
4,25,route_reconfiguration,neighbors=102
4,26,route_reconfiguration,neighbors=99
4,27,route_reconfiguration,neighbors=97
4,28,route_reconfiguration,neighbors=90
4,29,route_reconfiguration,neighbors=79
4,30,route_reconfiguration,neighbors=85
4,31,route_reconfiguration,neighbors=98
4,32,route_reconfiguration,neighbors=106
4,33,route_reconfiguration,neighbors=110
4,34,route_reconfiguration,neighbors=111
4,35,route_reconfiguration,neighbors=111
4,36,route_reconfiguration,neighbors=109
4,37,route_reconfiguration,neighbors=106
4,38,route_reconfiguration,neighbors=99
4,39,route_reconfiguration,neighbors=89
4,40,route_reconfiguration,neighbors=94
4,41,route_reconfiguration,neighbors=108
4,42,route_reconfiguration,neighbors=115
4,43,route_reconfiguration,neighbors=119
4,44,route_reconfiguration,neighbors=121
4,45,route_reconfiguration,neighbors=122
4,46,route_reconfiguration,neighbors=119
4,47,route_reconfiguration,neighbors=116
4,48,route_reconfiguration,neighbors=109
4,49,route_reconfiguration,neighbors=95
4,52,route_reconfiguration,neighbors=122
4,53,route_reconfiguration,neighbors=125
4,54,route_reconfiguration,neighbors=126
4,55,route_reconfiguration,neighbors=126
4,56,route_reconfiguration,neighbors=124
4,57,route_reconfiguration,neighbors=121
4,58,route_reconfiguration,neighbors=112
4,62,route_reconfiguration,neighbors=123
4,63,route_reconfiguration,neighbors=127
4,64,route_reconfiguration,neighbors=129
4,65,route_reconfiguration,neighbors=128
4,66,route_reconfiguration,neighbors=126
4,67,route_reconfiguration,neighbors=122
4,68,route_reconfiguration,neighbors=113
4,74,route_reconfiguration,neighbors=128
4,76,route_reconfiguration,neighbors=126
4,2,node_isolation,confirmed_attacker
4,0,threat_intelligence_shared,suspect=0,type=low_trust
4,2,threat_intelligence_shared,suspect=2,type=low_trust
4,25,threat_intelligence_shared,suspect=25,type=low_trust
4.1,0,hybrid_detection,ml_anomaly=1,rule_violation=0,trust_score=0
4.1,2,hybrid_detection,ml_anomaly=1,rule_violation=0,trust_score=0
4.3,0,hybrid_detection,ml_anomaly=1,rule_violation=0,trust_score=0
4.3,2,hybrid_detection,ml_anomaly=1,rule_violation=0,trust_score=0
4.5,0,hybrid_detection,ml_anomaly=1,rule_violation=0,trust_score=0
4.5,2,hybrid_detection,ml_anomaly=1,rule_violation=0,trust_score=0
4.7,0,hybrid_detection,ml_anomaly=1,rule_violation=0,trust_score=0
4.7,2,hybrid_detection,ml_anomaly=1,rule_violation=0,trust_score=0
4.9,0,hybrid_detection,ml_anomaly=1,rule_violation=0,trust_score=0
4.9,2,hybrid_detection,ml_anomaly=1,rule_violation=0,trust_score=0
5,4,node_isolation,high_suspicious_activity
5,6,node_isolation,high_suspicious_activity
5,0,threat_intelligence_shared,suspect=0,type=low_trust
5,2,threat_intelligence_shared,suspect=2,type=low_trust
5,4,threat_intelligence_shared,suspect=4,type=low_trust
5,6,threat_intelligence_shared,suspect=6,type=low_trust
5,25,threat_intelligence_shared,suspect=25,type=low_trust
5.1,0,hybrid_detection,ml_anomaly=1,rule_violation=0,trust_score=0
5.1,2,hybrid_detection,ml_anomaly=1,rule_violation=0,trust_score=0
5.1,4,hybrid_detection,ml_anomaly=1,rule_violation=0,trust_score=0
5.1,6,hybrid_detection,ml_anomaly=1,rule_violation=0,trust_score=0
5.3,0,hybrid_detection,ml_anomaly=1,rule_violation=0,trust_score=0
5.3,2,hybrid_detection,ml_anomaly=1,rule_violation=0,trust_score=0
5.3,4,hybrid_detection,ml_anomaly=1,rule_violation=0,trust_score=0
5.3,6,hybrid_detection,ml_anomaly=1,rule_violation=0,trust_score=0
5.5,0,hybrid_detection,ml_anomaly=1,rule_violation=0,trust_score=0
5.5,2,hybrid_detection,ml_anomaly=1,rule_violation=0,trust_score=0
5.5,4,hybrid_detection,ml_anomaly=1,rule_violation=0,trust_score=0
5.5,6,hybrid_detection,ml_anomaly=1,rule_violation=0,trust_score=0
5.7,0,hybrid_detection,ml_anomaly=1,rule_violation=0,trust_score=0
5.7,2,hybrid_detection,ml_anomaly=1,rule_violation=0,trust_score=0
5.7,4,hybrid_detection,ml_anomaly=1,rule_violation=0,trust_score=0
5.7,6,hybrid_detection,ml_anomaly=1,rule_violation=0,trust_score=0
5.9,0,hybrid_detection,ml_anomaly=1,rule_violation=0,trust_score=0
5.9,2,hybrid_detection,ml_anomaly=1,rule_violation=0,trust_score=0
5.9,4,hybrid_detection,ml_anomaly=1,rule_violation=0,trust_score=0
5.9,6,hybrid_detection,ml_anomaly=1,rule_violation=0,trust_score=0
6,0,traffic_filter_applied,rate_limit,threshold=30
6,0,traffic_filter_applied,content_filter,threshold=0
6,2,traffic_filter_applied,content_filter,threshold=0
6,4,traffic_filter_applied,content_filter,threshold=0
6,6,traffic_filter_applied,content_filter,threshold=0
6,25,traffic_filter_applied,rate_limit,threshold=30
6,25,traffic_filter_applied,content_filter,threshold=0
6,0,threat_intelligence_shared,suspect=0,type=low_trust
6,2,threat_intelligence_shared,suspect=2,type=low_trust
6,4,threat_intelligence_shared,suspect=4,type=low_trust
6,6,threat_intelligence_shared,suspect=6,type=low_trust
6,25,threat_intelligence_shared,suspect=25,type=low_trust
6.1,0,hybrid_detection,ml_anomaly=1,rule_violation=0,trust_score=0
6.1,2,hybrid_detection,ml_anomaly=1,rule_violation=0,trust_score=0
6.1,4,hybrid_detection,ml_anomaly=1,rule_violation=0,trust_score=0
6.1,6,hybrid_detection,ml_anomaly=1,rule_violation=0,trust_score=0
6.3,0,hybrid_detection,ml_anomaly=1,rule_violation=0,trust_score=0
6.3,2,hybrid_detection,ml_anomaly=1,rule_violation=0,trust_score=0
6.3,4,hybrid_detection,ml_anomaly=1,rule_violation=0,trust_score=0
6.3,6,hybrid_detection,ml_anomaly=1,rule_violation=0,trust_score=0
6.5,0,hybrid_detection,ml_anomaly=1,rule_violation=0,trust_score=0
6.5,2,hybrid_detection,ml_anomaly=1,rule_violation=0,trust_score=0
6.5,4,hybrid_detection,ml_anomaly=1,rule_violation=0,trust_score=0
6.5,6,hybrid_detection,ml_anomaly=1,rule_violation=0,trust_score=0
6.7,0,hybrid_detection,ml_anomaly=1,rule_violation=0,trust_score=0
6.7,2,hybrid_detection,ml_anomaly=1,rule_violation=0,trust_score=0
6.7,4,hybrid_detection,ml_anomaly=1,rule_violation=0,trust_score=0
6.7,6,hybrid_detection,ml_anomaly=1,rule_violation=0,trust_score=0
6.9,0,hybrid_detection,ml_anomaly=1,rule_violation=0,trust_score=0
6.9,2,hybrid_detection,ml_anomaly=1,rule_violation=0,trust_score=0
6.9,4,hybrid_detection,ml_anomaly=1,rule_violation=0,trust_score=0
6.9,6,hybrid_detection,ml_anomaly=1,rule_violation=0,trust_score=0
7,0,threat_intelligence_shared,suspect=0,type=low_trust
7,2,threat_intelligence_shared,suspect=2,type=low_trust
7,4,threat_intelligence_shared,suspect=4,type=low_trust
7,6,threat_intelligence_shared,suspect=6,type=low_trust
7,25,threat_intelligence_shared,suspect=25,type=low_trust
7.1,0,hybrid_detection,ml_anomaly=1,rule_violation=0,trust_score=0
7.1,2,hybrid_detection,ml_anomaly=1,rule_violation=0,trust_score=0
7.1,4,hybrid_detection,ml_anomaly=1,rule_violation=0,trust_score=0
7.1,6,hybrid_detection,ml_anomaly=1,rule_violation=0,trust_score=0
7.3,0,hybrid_detection,ml_anomaly=1,rule_violation=0,trust_score=0
7.3,2,hybrid_detection,ml_anomaly=1,rule_violation=0,trust_score=0
7.3,4,hybrid_detection,ml_anomaly=1,rule_violation=0,trust_score=0
7.3,6,hybrid_detection,ml_anomaly=1,rule_violation=0,trust_score=0
7.5,0,hybrid_detection,ml_anomaly=1,rule_violation=0,trust_score=0
7.5,2,hybrid_detection,ml_anomaly=1,rule_violation=0,trust_score=0
7.5,4,hybrid_detection,ml_anomaly=1,rule_violation=0,trust_score=0
7.5,6,hybrid_detection,ml_anomaly=1,rule_violation=0,trust_score=0
7.7,0,hybrid_detection,ml_anomaly=1,rule_violation=0,trust_score=0
7.7,2,hybrid_detection,ml_anomaly=1,rule_violation=0,trust_score=0
7.7,4,hybrid_detection,ml_anomaly=1,rule_violation=0,trust_score=0
7.7,6,hybrid_detection,ml_anomaly=1,rule_violation=0,trust_score=0
7.9,0,hybrid_detection,ml_anomaly=1,rule_violation=0,trust_score=0
7.9,2,hybrid_detection,ml_anomaly=1,rule_violation=0,trust_score=0
7.9,4,hybrid_detection,ml_anomaly=1,rule_violation=0,trust_score=0
7.9,6,hybrid_detection,ml_anomaly=1,rule_violation=0,trust_score=0
8,0,threat_intelligence_shared,suspect=0,type=low_trust
8,2,threat_intelligence_shared,suspect=2,type=low_trust
8,4,threat_intelligence_shared,suspect=4,type=low_trust
8,6,threat_intelligence_shared,suspect=6,type=low_trust
8,25,threat_intelligence_shared,suspect=25,type=low_trust
8.1,0,hybrid_detection,ml_anomaly=1,rule_violation=0,trust_score=0
8.1,2,hybrid_detection,ml_anomaly=1,rule_violation=0,trust_score=0
8.1,4,hybrid_detection,ml_anomaly=1,rule_violation=0,trust_score=0
8.1,6,hybrid_detection,ml_anomaly=1,rule_violation=0,trust_score=0
8.3,0,hybrid_detection,ml_anomaly=1,rule_violation=0,trust_score=0
8.3,2,hybrid_detection,ml_anomaly=1,rule_violation=0,trust_score=0
8.3,4,hybrid_detection,ml_anomaly=1,rule_violation=0,trust_score=0
8.3,6,hybrid_detection,ml_anomaly=1,rule_violation=0,trust_score=0
8.5,0,hybrid_detection,ml_anomaly=1,rule_violation=0,trust_score=0
8.5,2,hybrid_detection,ml_anomaly=1,rule_violation=0,trust_score=0
8.5,4,hybrid_detection,ml_anomaly=1,rule_violation=0,trust_score=0
8.5,6,hybrid_detection,ml_anomaly=1,rule_violation=0,trust_score=0
8.7,0,hybrid_detection,ml_anomaly=1,rule_violation=0,trust_score=0
8.7,2,hybrid_detection,ml_anomaly=1,rule_violation=0,trust_score=0
8.7,4,hybrid_detection,ml_anomaly=1,rule_violation=0,trust_score=0
8.7,6,hybrid_detection,ml_anomaly=1,rule_violation=0,trust_score=0
8.9,0,hybrid_detection,ml_anomaly=1,rule_violation=0,trust_score=0
8.9,2,hybrid_detection,ml_anomaly=1,rule_violation=0,trust_score=0
8.9,4,hybrid_detection,ml_anomaly=1,rule_violation=0,trust_score=0
8.9,6,hybrid_detection,ml_anomaly=1,rule_violation=0,trust_score=0
9,0,route_reconfiguration,neighbors=53
9,1,route_reconfiguration,neighbors=68
9,2,route_reconfiguration,neighbors=72
9,3,route_reconfiguration,neighbors=76
9,4,route_reconfiguration,neighbors=78
9,5,route_reconfiguration,neighbors=79
9,6,route_reconfiguration,neighbors=76
9,7,route_reconfiguration,neighbors=74
9,8,route_reconfiguration,neighbors=63
9,9,route_reconfiguration,neighbors=63
9,10,route_reconfiguration,neighbors=65
9,11,route_reconfiguration,neighbors=79
9,12,route_reconfiguration,neighbors=79
9,13,route_reconfiguration,neighbors=87
9,14,route_reconfiguration,neighbors=86
9,15,route_reconfiguration,neighbors=89
9,16,route_reconfiguration,neighbors=85
9,17,route_reconfiguration,neighbors=83
9,18,route_reconfiguration,neighbors=77
9,19,route_reconfiguration,neighbors=69
9,20,route_reconfiguration,neighbors=76
9,21,route_reconfiguration,neighbors=82
9,22,route_reconfiguration,neighbors=92
9,23,route_reconfiguration,neighbors=97
9,24,route_reconfiguration,neighbors=95
9,25,route_reconfiguration,neighbors=100
9,26,route_reconfiguration,neighbors=93
9,27,route_reconfiguration,neighbors=96
9,28,route_reconfiguration,neighbors=86
9,29,route_reconfiguration,neighbors=74
9,30,route_reconfiguration,neighbors=77
9,31,route_reconfiguration,neighbors=97
9,32,route_reconfiguration,neighbors=101
9,33,route_reconfiguration,neighbors=106
9,34,route_reconfiguration,neighbors=107
9,35,route_reconfiguration,neighbors=109
9,36,route_reconfiguration,neighbors=105
9,37,route_reconfiguration,neighbors=104
9,38,route_reconfiguration,neighbors=91
9,39,route_reconfiguration,neighbors=90
9,40,route_reconfiguration,neighbors=91
9,41,route_reconfiguration,neighbors=108
9,42,route_reconfiguration,neighbors=109
9,43,route_reconfiguration,neighbors=117
9,44,route_reconfiguration,neighbors=116
9,45,route_reconfiguration,neighbors=119
9,46,route_reconfiguration,neighbors=115
9,47,route_reconfiguration,neighbors=113
9,48,route_reconfiguration,neighbors=107
9,49,route_reconfiguration,neighbors=94
9,52,route_reconfiguration,neighbors=120
9,53,route_reconfiguration,neighbors=122
9,54,route_reconfiguration,neighbors=121
9,55,route_reconfiguration,neighbors=123
9,56,route_reconfiguration,neighbors=120
9,57,route_reconfiguration,neighbors=120
9,58,route_reconfiguration,neighbors=110
9,62,route_reconfiguration,neighbors=121
9,63,route_reconfiguration,neighbors=123
9,64,route_reconfiguration,neighbors=126
9,65,route_reconfiguration,neighbors=125
9,66,route_reconfiguration,neighbors=123
9,67,route_reconfiguration,neighbors=120
9,68,route_reconfiguration,neighbors=107
9,74,route_reconfiguration,neighbors=126
9,76,route_reconfiguration,neighbors=123
9,0,traffic_filter_applied,rate_limit,threshold=30
9,0,traffic_filter_applied,content_filter,threshold=0
9,2,traffic_filter_applied,content_filter,threshold=0
9,4,traffic_filter_applied,content_filter,threshold=0
9,6,traffic_filter_applied,content_filter,threshold=0
9,25,traffic_filter_applied,rate_limit,threshold=30
9,25,traffic_filter_applied,content_filter,threshold=0
9,0,threat_intelligence_shared,suspect=0,type=low_trust
9,2,threat_intelligence_shared,suspect=2,type=low_trust
9,4,threat_intelligence_shared,suspect=4,type=low_trust
9,6,threat_intelligence_shared,suspect=6,type=low_trust
9,25,threat_intelligence_shared,suspect=25,type=low_trust
9.1,0,hybrid_detection,ml_anomaly=1,rule_violation=0,trust_score=0
9.1,2,hybrid_detection,ml_anomaly=1,rule_violation=0,trust_score=0
9.1,4,hybrid_detection,ml_anomaly=1,rule_violation=0,trust_score=0
9.1,6,hybrid_detection,ml_anomaly=1,rule_violation=0,trust_score=0
9.3,0,hybrid_detection,ml_anomaly=1,rule_violation=0,trust_score=0
9.3,2,hybrid_detection,ml_anomaly=1,rule_violation=0,trust_score=0
9.3,4,hybrid_detection,ml_anomaly=1,rule_violation=0,trust_score=0
9.3,6,hybrid_detection,ml_anomaly=1,rule_violation=0,trust_score=0
9.5,0,hybrid_detection,ml_anomaly=1,rule_violation=0,trust_score=0
9.5,2,hybrid_detection,ml_anomaly=1,rule_violation=0,trust_score=0
9.5,4,hybrid_detection,ml_anomaly=1,rule_violation=0,trust_score=0
9.5,6,hybrid_detection,ml_anomaly=1,rule_violation=0,trust_score=0
9.7,0,hybrid_detection,ml_anomaly=1,rule_violation=0,trust_score=0
9.7,2,hybrid_detection,ml_anomaly=1,rule_violation=0,trust_score=0
9.7,4,hybrid_detection,ml_anomaly=1,rule_violation=0,trust_score=0
9.7,6,hybrid_detection,ml_anomaly=1,rule_violation=0,trust_score=0
9.9,0,hybrid_detection,ml_anomaly=1,rule_violation=0,trust_score=0
9.9,2,hybrid_detection,ml_anomaly=1,rule_violation=0,trust_score=0
9.9,4,hybrid_detection,ml_anomaly=1,rule_violation=0,trust_score=0
9.9,6,hybrid_detection,ml_anomaly=1,rule_violation=0,trust_score=0
10,0,threat_intelligence_shared,suspect=0,type=low_trust
10,2,threat_intelligence_shared,suspect=2,type=low_trust
10,4,threat_intelligence_shared,suspect=4,type=low_trust
10,6,threat_intelligence_shared,suspect=6,type=low_trust
10,25,threat_intelligence_shared,suspect=25,type=low_trust
10.1,0,hybrid_detection,ml_anomaly=1,rule_violation=0,trust_score=0
10.1,2,hybrid_detection,ml_anomaly=1,rule_violation=0,trust_score=0
10.1,4,hybrid_detection,ml_anomaly=1,rule_violation=0,trust_score=0
10.1,6,hybrid_detection,ml_anomaly=1,rule_violation=0,trust_score=0
10.3,0,hybrid_detection,ml_anomaly=1,rule_violation=0,trust_score=0
10.3,2,hybrid_detection,ml_anomaly=1,rule_violation=0,trust_score=0
10.3,4,hybrid_detection,ml_anomaly=1,rule_violation=0,trust_score=0
10.3,6,hybrid_detection,ml_anomaly=1,rule_violation=0,trust_score=0
10.5,0,hybrid_detection,ml_anomaly=1,rule_violation=0,trust_score=0
10.5,2,hybrid_detection,ml_anomaly=1,rule_violation=0,trust_score=0
10.5,4,hybrid_detection,ml_anomaly=1,rule_violation=0,trust_score=0
10.5,6,hybrid_detection,ml_anomaly=1,rule_violation=0,trust_score=0
10.7,0,hybrid_detection,ml_anomaly=1,rule_violation=0,trust_score=0
10.7,2,hybrid_detection,ml_anomaly=1,rule_violation=0,trust_score=0
10.7,4,hybrid_detection,ml_anomaly=1,rule_violation=0,trust_score=0
10.7,6,hybrid_detection,ml_anomaly=1,rule_violation=0,trust_score=0
10.9,0,hybrid_detection,ml_anomaly=1,rule_violation=0,trust_score=0
10.9,2,hybrid_detection,ml_anomaly=1,rule_violation=0,trust_score=0
10.9,4,hybrid_detection,ml_anomaly=1,rule_violation=0,trust_score=0
10.9,6,hybrid_detection,ml_anomaly=1,rule_violation=0,trust_score=0
11,0,threat_intelligence_shared,suspect=0,type=low_trust
11,2,threat_intelligence_shared,suspect=2,type=low_trust
11,4,threat_intelligence_shared,suspect=4,type=low_trust
11,6,threat_intelligence_shared,suspect=6,type=low_trust
11,25,threat_intelligence_shared,suspect=25,type=low_trust
11.1,0,hybrid_detection,ml_anomaly=1,rule_violation=0,trust_score=0
11.1,2,hybrid_detection,ml_anomaly=1,rule_violation=0,trust_score=0
11.1,4,hybrid_detection,ml_anomaly=1,rule_violation=0,trust_score=0
11.1,6,hybrid_detection,ml_anomaly=1,rule_violation=0,trust_score=0
11.3,0,hybrid_detection,ml_anomaly=1,rule_violation=0,trust_score=0
11.3,2,hybrid_detection,ml_anomaly=1,rule_violation=0,trust_score=0
11.3,4,hybrid_detection,ml_anomaly=1,rule_violation=0,trust_score=0
11.3,6,hybrid_detection,ml_anomaly=1,rule_violation=0,trust_score=0
11.5,0,hybrid_detection,ml_anomaly=1,rule_violation=0,trust_score=0
11.5,2,hybrid_detection,ml_anomaly=1,rule_violation=0,trust_score=0
11.5,4,hybrid_detection,ml_anomaly=1,rule_violation=0,trust_score=0
11.5,6,hybrid_detection,ml_anomaly=1,rule_violation=0,trust_score=0
11.7,0,hybrid_detection,ml_anomaly=1,rule_violation=0,trust_score=0
11.7,2,hybrid_detection,ml_anomaly=1,rule_violation=0,trust_score=0
11.7,4,hybrid_detection,ml_anomaly=1,rule_violation=0,trust_score=0
11.7,6,hybrid_detection,ml_anomaly=1,rule_violation=0,trust_score=0
11.9,0,hybrid_detection,ml_anomaly=1,rule_violation=0,trust_score=0
11.9,2,hybrid_detection,ml_anomaly=1,rule_violation=0,trust_score=0
11.9,4,hybrid_detection,ml_anomaly=1,rule_violation=0,trust_score=0
11.9,6,hybrid_detection,ml_anomaly=1,rule_violation=0,trust_score=0
12,0,traffic_filter_applied,rate_limit,threshold=30
12,0,traffic_filter_applied,content_filter,threshold=0
12,2,traffic_filter_applied,content_filter,threshold=0
12,4,traffic_filter_applied,content_filter,threshold=0
12,6,traffic_filter_applied,content_filter,threshold=0
12,25,traffic_filter_applied,rate_limit,threshold=30
12,25,traffic_filter_applied,content_filter,threshold=0
12,0,threat_intelligence_shared,suspect=0,type=low_trust
12,2,threat_intelligence_shared,suspect=2,type=low_trust
12,4,threat_intelligence_shared,suspect=4,type=low_trust
12,6,threat_intelligence_shared,suspect=6,type=low_trust
12,25,threat_intelligence_shared,suspect=25,type=low_trust
12.1,0,hybrid_detection,ml_anomaly=1,rule_violation=0,trust_score=0
12.1,2,hybrid_detection,ml_anomaly=1,rule_violation=0,trust_score=0
12.1,4,hybrid_detection,ml_anomaly=1,rule_violation=0,trust_score=0
12.1,6,hybrid_detection,ml_anomaly=1,rule_violation=0,trust_score=0
12.3,0,hybrid_detection,ml_anomaly=1,rule_violation=0,trust_score=0
12.3,2,hybrid_detection,ml_anomaly=1,rule_violation=0,trust_score=0
12.3,4,hybrid_detection,ml_anomaly=1,rule_violation=0,trust_score=0
12.3,6,hybrid_detection,ml_anomaly=1,rule_violation=0,trust_score=0
12.5,0,hybrid_detection,ml_anomaly=1,rule_violation=0,trust_score=0
12.5,2,hybrid_detection,ml_anomaly=1,rule_violation=0,trust_score=0
12.5,4,hybrid_detection,ml_anomaly=1,rule_violation=0,trust_score=0
12.5,6,hybrid_detection,ml_anomaly=1,rule_violation=0,trust_score=0
12.7,0,hybrid_detection,ml_anomaly=1,rule_violation=0,trust_score=0
12.7,2,hybrid_detection,ml_anomaly=1,rule_violation=0,trust_score=0
12.7,4,hybrid_detection,ml_anomaly=1,rule_violation=0,trust_score=0
12.7,6,hybrid_detection,ml_anomaly=1,rule_violation=0,trust_score=0
12.9,0,hybrid_detection,ml_anomaly=1,rule_violation=0,trust_score=0
12.9,2,hybrid_detection,ml_anomaly=1,rule_violation=0,trust_score=0
12.9,4,hybrid_detection,ml_anomaly=1,rule_violation=0,trust_score=0
12.9,6,hybrid_detection,ml_anomaly=1,rule_violation=0,trust_score=0
13,0,threat_intelligence_shared,suspect=0,type=low_trust
13,2,threat_intelligence_shared,suspect=2,type=low_trust
13,4,threat_intelligence_shared,suspect=4,type=low_trust
13,6,threat_intelligence_shared,suspect=6,type=low_trust
13,25,threat_intelligence_shared,suspect=25,type=low_trust
13.1,0,hybrid_detection,ml_anomaly=1,rule_violation=0,trust_score=0
13.1,2,hybrid_detection,ml_anomaly=1,rule_violation=0,trust_score=0
13.1,4,hybrid_detection,ml_anomaly=1,rule_violation=0,trust_score=0
13.1,6,hybrid_detection,ml_anomaly=1,rule_violation=0,trust_score=0
13.3,0,hybrid_detection,ml_anomaly=1,rule_violation=0,trust_score=0
13.3,2,hybrid_detection,ml_anomaly=1,rule_violation=0,trust_score=0
13.3,4,hybrid_detection,ml_anomaly=1,rule_violation=0,trust_score=0
13.3,6,hybrid_detection,ml_anomaly=1,rule_violation=0,trust_score=0
13.5,0,hybrid_detection,ml_anomaly=1,rule_violation=0,trust_score=0
13.5,2,hybrid_detection,ml_anomaly=1,rule_violation=0,trust_score=0
13.5,4,hybrid_detection,ml_anomaly=1,rule_violation=0,trust_score=0
13.5,6,hybrid_detection,ml_anomaly=1,rule_violation=0,trust_score=0
13.7,0,hybrid_detection,ml_anomaly=1,rule_violation=0,trust_score=0
13.7,2,hybrid_detection,ml_anomaly=1,rule_violation=0,trust_score=0
13.7,4,hybrid_detection,ml_anomaly=1,rule_violation=0,trust_score=0
13.7,6,hybrid_detection,ml_anomaly=1,rule_violation=0,trust_score=0
13.9,0,hybrid_detection,ml_anomaly=1,rule_violation=0,trust_score=0
13.9,2,hybrid_detection,ml_anomaly=1,rule_violation=0,trust_score=0
13.9,4,hybrid_detection,ml_anomaly=1,rule_violation=0,trust_score=0
13.9,6,hybrid_detection,ml_anomaly=1,rule_violation=0,trust_score=0
14,0,route_reconfiguration,neighbors=51
14,1,route_reconfiguration,neighbors=68
14,2,route_reconfiguration,neighbors=72
14,3,route_reconfiguration,neighbors=75
14,4,route_reconfiguration,neighbors=76
14,5,route_reconfiguration,neighbors=80
14,6,route_reconfiguration,neighbors=74
14,7,route_reconfiguration,neighbors=74
14,8,route_reconfiguration,neighbors=62
14,9,route_reconfiguration,neighbors=66
14,10,route_reconfiguration,neighbors=64
14,11,route_reconfiguration,neighbors=81
14,12,route_reconfiguration,neighbors=76
14,13,route_reconfiguration,neighbors=88
14,14,route_reconfiguration,neighbors=85
14,15,route_reconfiguration,neighbors=88
14,16,route_reconfiguration,neighbors=83
14,17,route_reconfiguration,neighbors=84
14,18,route_reconfiguration,neighbors=77
14,19,route_reconfiguration,neighbors=70
14,20,route_reconfiguration,neighbors=78
14,21,route_reconfiguration,neighbors=81
14,22,route_reconfiguration,neighbors=90
14,23,route_reconfiguration,neighbors=99
14,24,route_reconfiguration,neighbors=93
14,25,route_reconfiguration,neighbors=100
14,26,route_reconfiguration,neighbors=92
14,27,route_reconfiguration,neighbors=96
14,28,route_reconfiguration,neighbors=85
14,29,route_reconfiguration,neighbors=75
14,30,route_reconfiguration,neighbors=75
14,31,route_reconfiguration,neighbors=97
14,32,route_reconfiguration,neighbors=101
14,33,route_reconfiguration,neighbors=105
14,34,route_reconfiguration,neighbors=105
14,35,route_reconfiguration,neighbors=110
14,36,route_reconfiguration,neighbors=103
14,37,route_reconfiguration,neighbors=104
14,38,route_reconfiguration,neighbors=90
14,39,route_reconfiguration,neighbors=94
14,40,route_reconfiguration,neighbors=90
14,41,route_reconfiguration,neighbors=111
14,42,route_reconfiguration,neighbors=106
14,43,route_reconfiguration,neighbors=118
14,44,route_reconfiguration,neighbors=115
14,45,route_reconfiguration,neighbors=118
14,46,route_reconfiguration,neighbors=113
14,47,route_reconfiguration,neighbors=114
14,48,route_reconfiguration,neighbors=107
14,49,route_reconfiguration,neighbors=95
14,52,route_reconfiguration,neighbors=119
14,53,route_reconfiguration,neighbors=124
14,54,route_reconfiguration,neighbors=121
14,55,route_reconfiguration,neighbors=123
14,56,route_reconfiguration,neighbors=119
14,57,route_reconfiguration,neighbors=121
14,58,route_reconfiguration,neighbors=110
14,62,route_reconfiguration,neighbors=122
14,63,route_reconfiguration,neighbors=122
14,64,route_reconfiguration,neighbors=126
14,65,route_reconfiguration,neighbors=125
14,66,route_reconfiguration,neighbors=123
14,67,route_reconfiguration,neighbors=120
14,68,route_reconfiguration,neighbors=106
14,74,route_reconfiguration,neighbors=126
14,76,route_reconfiguration,neighbors=124
14,0,threat_intelligence_shared,suspect=0,type=low_trust
14,2,threat_intelligence_shared,suspect=2,type=low_trust
14,4,threat_intelligence_shared,suspect=4,type=low_trust
14,6,threat_intelligence_shared,suspect=6,type=low_trust
14,25,threat_intelligence_shared,suspect=25,type=low_trust
14.1,0,hybrid_detection,ml_anomaly=1,rule_violation=0,trust_score=0
14.1,2,hybrid_detection,ml_anomaly=1,rule_violation=0,trust_score=0
14.1,4,hybrid_detection,ml_anomaly=1,rule_violation=0,trust_score=0
14.1,6,hybrid_detection,ml_anomaly=1,rule_violation=0,trust_score=0
14.3,0,hybrid_detection,ml_anomaly=1,rule_violation=0,trust_score=0
14.3,2,hybrid_detection,ml_anomaly=1,rule_violation=0,trust_score=0
14.3,4,hybrid_detection,ml_anomaly=1,rule_violation=0,trust_score=0
14.3,6,hybrid_detection,ml_anomaly=1,rule_violation=0,trust_score=0
14.5,0,hybrid_detection,ml_anomaly=1,rule_violation=0,trust_score=0
14.5,2,hybrid_detection,ml_anomaly=1,rule_violation=0,trust_score=0
14.5,4,hybrid_detection,ml_anomaly=1,rule_violation=0,trust_score=0
14.5,6,hybrid_detection,ml_anomaly=1,rule_violation=0,trust_score=0
14.7,0,hybrid_detection,ml_anomaly=1,rule_violation=0,trust_score=0
14.7,2,hybrid_detection,ml_anomaly=1,rule_violation=0,trust_score=0
14.7,4,hybrid_detection,ml_anomaly=1,rule_violation=0,trust_score=0
14.7,6,hybrid_detection,ml_anomaly=1,rule_violation=0,trust_score=0
14.9,0,hybrid_detection,ml_anomaly=1,rule_violation=0,trust_score=0
14.9,2,hybrid_detection,ml_anomaly=1,rule_violation=0,trust_score=0
14.9,4,hybrid_detection,ml_anomaly=1,rule_violation=0,trust_score=0
14.9,6,hybrid_detection,ml_anomaly=1,rule_violation=0,trust_score=0
15,0,traffic_filter_applied,rate_limit,threshold=30
15,0,traffic_filter_applied,content_filter,threshold=0
15,2,traffic_filter_applied,content_filter,threshold=0
15,4,traffic_filter_applied,content_filter,threshold=0
15,6,traffic_filter_applied,content_filter,threshold=0
15,25,traffic_filter_applied,rate_limit,threshold=30
15,25,traffic_filter_applied,content_filter,threshold=0
15,0,threat_intelligence_shared,suspect=0,type=low_trust
15,2,threat_intelligence_shared,suspect=2,type=low_trust
15,4,threat_intelligence_shared,suspect=4,type=low_trust
15,6,threat_intelligence_shared,suspect=6,type=low_trust
15,25,threat_intelligence_shared,suspect=25,type=low_trust
15.1,0,hybrid_detection,ml_anomaly=1,rule_violation=0,trust_score=0
15.1,2,hybrid_detection,ml_anomaly=1,rule_violation=0,trust_score=0
15.1,4,hybrid_detection,ml_anomaly=1,rule_violation=0,trust_score=0
15.1,6,hybrid_detection,ml_anomaly=1,rule_violation=0,trust_score=0
15.3,0,hybrid_detection,ml_anomaly=1,rule_violation=0,trust_score=0
15.3,2,hybrid_detection,ml_anomaly=1,rule_violation=0,trust_score=0
15.3,4,hybrid_detection,ml_anomaly=1,rule_violation=0,trust_score=0
15.3,6,hybrid_detection,ml_anomaly=1,rule_violation=0,trust_score=0
15.5,0,hybrid_detection,ml_anomaly=1,rule_violation=0,trust_score=0
15.5,2,hybrid_detection,ml_anomaly=1,rule_violation=0,trust_score=0
15.5,4,hybrid_detection,ml_anomaly=1,rule_violation=0,trust_score=0
15.5,6,hybrid_detection,ml_anomaly=1,rule_violation=0,trust_score=0
15.7,0,hybrid_detection,ml_anomaly=1,rule_violation=0,trust_score=0
15.7,2,hybrid_detection,ml_anomaly=1,rule_violation=0,trust_score=0
15.7,4,hybrid_detection,ml_anomaly=1,rule_violation=0,trust_score=0
15.7,6,hybrid_detection,ml_anomaly=1,rule_violation=0,trust_score=0
15.9,0,hybrid_detection,ml_anomaly=1,rule_violation=0,trust_score=0
15.9,2,hybrid_detection,ml_anomaly=1,rule_violation=0,trust_score=0
15.9,4,hybrid_detection,ml_anomaly=1,rule_violation=0,trust_score=0
15.9,6,hybrid_detection,ml_anomaly=1,rule_violation=0,trust_score=0
16,0,threat_intelligence_shared,suspect=0,type=low_trust
16,2,threat_intelligence_shared,suspect=2,type=low_trust
16,4,threat_intelligence_shared,suspect=4,type=low_trust
16,6,threat_intelligence_shared,suspect=6,type=low_trust
16,25,threat_intelligence_shared,suspect=25,type=low_trust
16.1,0,hybrid_detection,ml_anomaly=1,rule_violation=0,trust_score=0
16.1,2,hybrid_detection,ml_anomaly=1,rule_violation=0,trust_score=0
16.1,4,hybrid_detection,ml_anomaly=1,rule_violation=0,trust_score=0
16.1,6,hybrid_detection,ml_anomaly=1,rule_violation=0,trust_score=0
16.3,0,hybrid_detection,ml_anomaly=1,rule_violation=0,trust_score=0
16.3,2,hybrid_detection,ml_anomaly=1,rule_violation=0,trust_score=0
16.3,4,hybrid_detection,ml_anomaly=1,rule_violation=0,trust_score=0
16.3,6,hybrid_detection,ml_anomaly=1,rule_violation=0,trust_score=0
16.5,0,hybrid_detection,ml_anomaly=1,rule_violation=0,trust_score=0
16.5,2,hybrid_detection,ml_anomaly=1,rule_violation=0,trust_score=0
16.5,4,hybrid_detection,ml_anomaly=1,rule_violation=0,trust_score=0
16.5,6,hybrid_detection,ml_anomaly=1,rule_violation=0,trust_score=0
16.7,0,hybrid_detection,ml_anomaly=1,rule_violation=0,trust_score=0
16.7,2,hybrid_detection,ml_anomaly=1,rule_violation=0,trust_score=0
16.7,4,hybrid_detection,ml_anomaly=1,rule_violation=0,trust_score=0
16.7,6,hybrid_detection,ml_anomaly=1,rule_violation=0,trust_score=0
16.9,0,hybrid_detection,ml_anomaly=1,rule_violation=0,trust_score=0
16.9,2,hybrid_detection,ml_anomaly=1,rule_violation=0,trust_score=0
16.9,4,hybrid_detection,ml_anomaly=1,rule_violation=0,trust_score=0
16.9,6,hybrid_detection,ml_anomaly=1,rule_violation=0,trust_score=0
17,0,threat_intelligence_shared,suspect=0,type=low_trust
17,2,threat_intelligence_shared,suspect=2,type=low_trust
17,4,threat_intelligence_shared,suspect=4,type=low_trust
17,6,threat_intelligence_shared,suspect=6,type=low_trust
17,25,threat_intelligence_shared,suspect=25,type=low_trust
17.1,0,hybrid_detection,ml_anomaly=1,rule_violation=0,trust_score=0
17.1,2,hybrid_detection,ml_anomaly=1,rule_violation=0,trust_score=0
17.1,4,hybrid_detection,ml_anomaly=1,rule_violation=0,trust_score=0
17.1,6,hybrid_detection,ml_anomaly=1,rule_violation=0,trust_score=0
17.3,0,hybrid_detection,ml_anomaly=1,rule_violation=0,trust_score=0
17.3,2,hybrid_detection,ml_anomaly=1,rule_violation=0,trust_score=0
17.3,4,hybrid_detection,ml_anomaly=1,rule_violation=0,trust_score=0
17.3,6,hybrid_detection,ml_anomaly=1,rule_violation=0,trust_score=0
17.5,0,hybrid_detection,ml_anomaly=1,rule_violation=0,trust_score=0
17.5,2,hybrid_detection,ml_anomaly=1,rule_violation=0,trust_score=0
17.5,4,hybrid_detection,ml_anomaly=1,rule_violation=0,trust_score=0
17.5,6,hybrid_detection,ml_anomaly=1,rule_violation=0,trust_score=0
17.7,0,hybrid_detection,ml_anomaly=1,rule_violation=0,trust_score=0
17.7,2,hybrid_detection,ml_anomaly=1,rule_violation=0,trust_score=0
17.7,4,hybrid_detection,ml_anomaly=1,rule_violation=0,trust_score=0
17.7,6,hybrid_detection,ml_anomaly=1,rule_violation=0,trust_score=0
17.9,0,hybrid_detection,ml_anomaly=1,rule_violation=0,trust_score=0
17.9,2,hybrid_detection,ml_anomaly=1,rule_violation=0,trust_score=0
17.9,4,hybrid_detection,ml_anomaly=1,rule_violation=0,trust_score=0
17.9,6,hybrid_detection,ml_anomaly=1,rule_violation=0,trust_score=0
18,0,traffic_filter_applied,rate_limit,threshold=30
18,0,traffic_filter_applied,content_filter,threshold=0
18,2,traffic_filter_applied,content_filter,threshold=0
18,4,traffic_filter_applied,content_filter,threshold=0
18,6,traffic_filter_applied,content_filter,threshold=0
18,25,traffic_filter_applied,rate_limit,threshold=30
18,25,traffic_filter_applied,content_filter,threshold=0
18,0,threat_intelligence_shared,suspect=0,type=low_trust
18,2,threat_intelligence_shared,suspect=2,type=low_trust
18,4,threat_intelligence_shared,suspect=4,type=low_trust
18,6,threat_intelligence_shared,suspect=6,type=low_trust
18,25,threat_intelligence_shared,suspect=25,type=low_trust
18.1,0,hybrid_detection,ml_anomaly=1,rule_violation=0,trust_score=0
18.1,2,hybrid_detection,ml_anomaly=1,rule_violation=0,trust_score=0
18.1,4,hybrid_detection,ml_anomaly=1,rule_violation=0,trust_score=0
18.1,6,hybrid_detection,ml_anomaly=1,rule_violation=0,trust_score=0
18.3,0,hybrid_detection,ml_anomaly=1,rule_violation=0,trust_score=0
18.3,2,hybrid_detection,ml_anomaly=1,rule_violation=0,trust_score=0
18.3,4,hybrid_detection,ml_anomaly=1,rule_violation=0,trust_score=0
18.3,6,hybrid_detection,ml_anomaly=1,rule_violation=0,trust_score=0
18.5,0,hybrid_detection,ml_anomaly=1,rule_violation=0,trust_score=0
18.5,2,hybrid_detection,ml_anomaly=1,rule_violation=0,trust_score=0
18.5,4,hybrid_detection,ml_anomaly=1,rule_violation=0,trust_score=0
18.5,6,hybrid_detection,ml_anomaly=1,rule_violation=0,trust_score=0
18.7,0,hybrid_detection,ml_anomaly=1,rule_violation=0,trust_score=0
18.7,2,hybrid_detection,ml_anomaly=1,rule_violation=0,trust_score=0
18.7,4,hybrid_detection,ml_anomaly=1,rule_violation=0,trust_score=0
18.7,6,hybrid_detection,ml_anomaly=1,rule_violation=0,trust_score=0
18.9,0,hybrid_detection,ml_anomaly=1,rule_violation=0,trust_score=0
18.9,2,hybrid_detection,ml_anomaly=1,rule_violation=0,trust_score=0
18.9,4,hybrid_detection,ml_anomaly=1,rule_violation=0,trust_score=0
18.9,6,hybrid_detection,ml_anomaly=1,rule_violation=0,trust_score=0
19,0,route_reconfiguration,neighbors=48
19,1,route_reconfiguration,neighbors=69
19,2,route_reconfiguration,neighbors=72
19,3,route_reconfiguration,neighbors=75
19,4,route_reconfiguration,neighbors=75
19,5,route_reconfiguration,neighbors=80
19,6,route_reconfiguration,neighbors=73
19,7,route_reconfiguration,neighbors=74
19,8,route_reconfiguration,neighbors=59
19,9,route_reconfiguration,neighbors=66
19,10,route_reconfiguration,neighbors=62
19,11,route_reconfiguration,neighbors=83
19,12,route_reconfiguration,neighbors=73
19,13,route_reconfiguration,neighbors=88
19,14,route_reconfiguration,neighbors=85
19,15,route_reconfiguration,neighbors=88
19,16,route_reconfiguration,neighbors=82
19,17,route_reconfiguration,neighbors=83
19,18,route_reconfiguration,neighbors=76
19,19,route_reconfiguration,neighbors=70
19,20,route_reconfiguration,neighbors=78
19,21,route_reconfiguration,neighbors=81
19,22,route_reconfiguration,neighbors=88
19,23,route_reconfiguration,neighbors=100
19,24,route_reconfiguration,neighbors=92
19,25,route_reconfiguration,neighbors=100
19,26,route_reconfiguration,neighbors=92
19,27,route_reconfiguration,neighbors=96
19,28,route_reconfiguration,neighbors=83
19,29,route_reconfiguration,neighbors=73
19,30,route_reconfiguration,neighbors=71
19,31,route_reconfiguration,neighbors=97
19,32,route_reconfiguration,neighbors=101
19,33,route_reconfiguration,neighbors=105
19,34,route_reconfiguration,neighbors=104
19,35,route_reconfiguration,neighbors=110
19,36,route_reconfiguration,neighbors=102
19,37,route_reconfiguration,neighbors=104
19,38,route_reconfiguration,neighbors=87
19,39,route_reconfiguration,neighbors=94
19,40,route_reconfiguration,neighbors=88
19,41,route_reconfiguration,neighbors=112
19,42,route_reconfiguration,neighbors=102
19,43,route_reconfiguration,neighbors=118
19,44,route_reconfiguration,neighbors=115
19,45,route_reconfiguration,neighbors=118
19,46,route_reconfiguration,neighbors=112
19,47,route_reconfiguration,neighbors=111
19,48,route_reconfiguration,neighbors=106
19,49,route_reconfiguration,neighbors=94
19,50,route_reconfiguration,neighbors=103
19,52,route_reconfiguration,neighbors=117
19,53,route_reconfiguration,neighbors=124
19,54,route_reconfiguration,neighbors=120
19,55,route_reconfiguration,neighbors=123
19,56,route_reconfiguration,neighbors=119
19,57,route_reconfiguration,neighbors=121
19,58,route_reconfiguration,neighbors=109
19,62,route_reconfiguration,neighbors=122
19,63,route_reconfiguration,neighbors=122
19,64,route_reconfiguration,neighbors=126
19,65,route_reconfiguration,neighbors=125
19,66,route_reconfiguration,neighbors=123
19,67,route_reconfiguration,neighbors=119
19,68,route_reconfiguration,neighbors=104
19,74,route_reconfiguration,neighbors=126
19,76,route_reconfiguration,neighbors=124
19,78,route_reconfiguration,neighbors=116
19,0,threat_intelligence_shared,suspect=0,type=low_trust
19,2,threat_intelligence_shared,suspect=2,type=low_trust
19,4,threat_intelligence_shared,suspect=4,type=low_trust
19,6,threat_intelligence_shared,suspect=6,type=low_trust
19,25,threat_intelligence_shared,suspect=25,type=low_trust
19.1,0,hybrid_detection,ml_anomaly=1,rule_violation=0,trust_score=0
19.1,2,hybrid_detection,ml_anomaly=1,rule_violation=0,trust_score=0
19.1,4,hybrid_detection,ml_anomaly=1,rule_violation=0,trust_score=0
19.1,6,hybrid_detection,ml_anomaly=1,rule_violation=0,trust_score=0
19.3,0,hybrid_detection,ml_anomaly=1,rule_violation=0,trust_score=0
19.3,2,hybrid_detection,ml_anomaly=1,rule_violation=0,trust_score=0
19.3,4,hybrid_detection,ml_anomaly=1,rule_violation=0,trust_score=0
19.3,6,hybrid_detection,ml_anomaly=1,rule_violation=0,trust_score=0
19.5,0,hybrid_detection,ml_anomaly=1,rule_violation=0,trust_score=0
19.5,2,hybrid_detection,ml_anomaly=1,rule_violation=0,trust_score=0
19.5,4,hybrid_detection,ml_anomaly=1,rule_violation=0,trust_score=0
19.5,6,hybrid_detection,ml_anomaly=1,rule_violation=0,trust_score=0
19.7,0,hybrid_detection,ml_anomaly=1,rule_violation=0,trust_score=0
19.7,2,hybrid_detection,ml_anomaly=1,rule_violation=0,trust_score=0
19.7,4,hybrid_detection,ml_anomaly=1,rule_violation=0,trust_score=0
19.7,6,hybrid_detection,ml_anomaly=1,rule_violation=0,trust_score=0
19.9,0,hybrid_detection,ml_anomaly=1,rule_violation=0,trust_score=0
19.9,2,hybrid_detection,ml_anomaly=1,rule_violation=0,trust_score=0
19.9,4,hybrid_detection,ml_anomaly=1,rule_violation=0,trust_score=0
19.9,6,hybrid_detection,ml_anomaly=1,rule_violation=0,trust_score=0
20,0,threat_intelligence_shared,suspect=0,type=low_trust
20,2,threat_intelligence_shared,suspect=2,type=low_trust
20,4,threat_intelligence_shared,suspect=4,type=low_trust
20,6,threat_intelligence_shared,suspect=6,type=low_trust
20,25,threat_intelligence_shared,suspect=25,type=low_trust
20.1,0,hybrid_detection,ml_anomaly=1,rule_violation=0,trust_score=0
20.1,2,hybrid_detection,ml_anomaly=1,rule_violation=0,trust_score=0
20.1,4,hybrid_detection,ml_anomaly=1,rule_violation=0,trust_score=0
20.1,6,hybrid_detection,ml_anomaly=1,rule_violation=0,trust_score=0
20.3,0,hybrid_detection,ml_anomaly=1,rule_violation=0,trust_score=0
20.3,2,hybrid_detection,ml_anomaly=1,rule_violation=0,trust_score=0
20.3,4,hybrid_detection,ml_anomaly=1,rule_violation=0,trust_score=0
20.3,6,hybrid_detection,ml_anomaly=1,rule_violation=0,trust_score=0
20.5,0,hybrid_detection,ml_anomaly=1,rule_violation=0,trust_score=0
20.5,2,hybrid_detection,ml_anomaly=1,rule_violation=0,trust_score=0
20.5,4,hybrid_detection,ml_anomaly=1,rule_violation=0,trust_score=0
20.5,6,hybrid_detection,ml_anomaly=1,rule_violation=0,trust_score=0
20.7,0,hybrid_detection,ml_anomaly=1,rule_violation=0,trust_score=0
20.7,2,hybrid_detection,ml_anomaly=1,rule_violation=0,trust_score=0
20.7,4,hybrid_detection,ml_anomaly=1,rule_violation=0,trust_score=0
20.7,6,hybrid_detection,ml_anomaly=1,rule_violation=0,trust_score=0
20.9,0,hybrid_detection,ml_anomaly=1,rule_violation=0,trust_score=0
20.9,2,hybrid_detection,ml_anomaly=1,rule_violation=0,trust_score=0
20.9,4,hybrid_detection,ml_anomaly=1,rule_violation=0,trust_score=0
20.9,6,hybrid_detection,ml_anomaly=1,rule_violation=0,trust_score=0
21,0,traffic_filter_applied,rate_limit,threshold=30
21,0,traffic_filter_applied,content_filter,threshold=0
21,2,traffic_filter_applied,content_filter,threshold=0
21,4,traffic_filter_applied,content_filter,threshold=0
21,6,traffic_filter_applied,content_filter,threshold=0
21,25,traffic_filter_applied,rate_limit,threshold=30
21,25,traffic_filter_applied,content_filter,threshold=0
21,0,threat_intelligence_shared,suspect=0,type=low_trust
21,2,threat_intelligence_shared,suspect=2,type=low_trust
21,4,threat_intelligence_shared,suspect=4,type=low_trust
21,6,threat_intelligence_shared,suspect=6,type=low_trust
21,25,threat_intelligence_shared,suspect=25,type=low_trust
21.1,0,hybrid_detection,ml_anomaly=1,rule_violation=0,trust_score=0
21.1,2,hybrid_detection,ml_anomaly=1,rule_violation=0,trust_score=0
21.1,4,hybrid_detection,ml_anomaly=1,rule_violation=0,trust_score=0
21.1,6,hybrid_detection,ml_anomaly=1,rule_violation=0,trust_score=0
21.3,0,hybrid_detection,ml_anomaly=1,rule_violation=0,trust_score=0
21.3,2,hybrid_detection,ml_anomaly=1,rule_violation=0,trust_score=0
21.3,4,hybrid_detection,ml_anomaly=1,rule_violation=0,trust_score=0
21.3,6,hybrid_detection,ml_anomaly=1,rule_violation=0,trust_score=0
21.5,0,hybrid_detection,ml_anomaly=1,rule_violation=0,trust_score=0
21.5,2,hybrid_detection,ml_anomaly=1,rule_violation=0,trust_score=0
21.5,4,hybrid_detection,ml_anomaly=1,rule_violation=0,trust_score=0
21.5,6,hybrid_detection,ml_anomaly=1,rule_violation=0,trust_score=0
21.7,0,hybrid_detection,ml_anomaly=1,rule_violation=0,trust_score=0
21.7,2,hybrid_detection,ml_anomaly=1,rule_violation=0,trust_score=0
21.7,4,hybrid_detection,ml_anomaly=1,rule_violation=0,trust_score=0
21.7,6,hybrid_detection,ml_anomaly=1,rule_violation=0,trust_score=0
21.9,0,hybrid_detection,ml_anomaly=1,rule_violation=0,trust_score=0
21.9,2,hybrid_detection,ml_anomaly=1,rule_violation=0,trust_score=0
21.9,4,hybrid_detection,ml_anomaly=1,rule_violation=0,trust_score=0
21.9,6,hybrid_detection,ml_anomaly=1,rule_violation=0,trust_score=0
22,0,threat_intelligence_shared,suspect=0,type=low_trust
22,2,threat_intelligence_shared,suspect=2,type=low_trust
22,4,threat_intelligence_shared,suspect=4,type=low_trust
22,6,threat_intelligence_shared,suspect=6,type=low_trust
22,25,threat_intelligence_shared,suspect=25,type=low_trust
22.1,0,hybrid_detection,ml_anomaly=1,rule_violation=0,trust_score=0
22.1,2,hybrid_detection,ml_anomaly=1,rule_violation=0,trust_score=0
22.1,4,hybrid_detection,ml_anomaly=1,rule_violation=0,trust_score=0
22.1,6,hybrid_detection,ml_anomaly=1,rule_violation=0,trust_score=0
22.3,0,hybrid_detection,ml_anomaly=1,rule_violation=0,trust_score=0
22.3,2,hybrid_detection,ml_anomaly=1,rule_violation=0,trust_score=0
22.3,4,hybrid_detection,ml_anomaly=1,rule_violation=0,trust_score=0
22.3,6,hybrid_detection,ml_anomaly=1,rule_violation=0,trust_score=0
22.5,0,hybrid_detection,ml_anomaly=1,rule_violation=0,trust_score=0
22.5,2,hybrid_detection,ml_anomaly=1,rule_violation=0,trust_score=0
22.5,4,hybrid_detection,ml_anomaly=1,rule_violation=0,trust_score=0
22.5,6,hybrid_detection,ml_anomaly=1,rule_violation=0,trust_score=0
22.7,0,hybrid_detection,ml_anomaly=1,rule_violation=0,trust_score=0
22.7,2,hybrid_detection,ml_anomaly=1,rule_violation=0,trust_score=0
22.7,4,hybrid_detection,ml_anomaly=1,rule_violation=0,trust_score=0
22.7,6,hybrid_detection,ml_anomaly=1,rule_violation=0,trust_score=0
22.9,0,hybrid_detection,ml_anomaly=1,rule_violation=0,trust_score=0
22.9,2,hybrid_detection,ml_anomaly=1,rule_violation=0,trust_score=0
22.9,4,hybrid_detection,ml_anomaly=1,rule_violation=0,trust_score=0
22.9,6,hybrid_detection,ml_anomaly=1,rule_violation=0,trust_score=0
23,0,threat_intelligence_shared,suspect=0,type=low_trust
23,2,threat_intelligence_shared,suspect=2,type=low_trust
23,4,threat_intelligence_shared,suspect=4,type=low_trust
23,6,threat_intelligence_shared,suspect=6,type=low_trust
23,25,threat_intelligence_shared,suspect=25,type=low_trust
23.1,0,hybrid_detection,ml_anomaly=1,rule_violation=0,trust_score=0
23.1,2,hybrid_detection,ml_anomaly=1,rule_violation=0,trust_score=0
23.1,4,hybrid_detection,ml_anomaly=1,rule_violation=0,trust_score=0
23.1,6,hybrid_detection,ml_anomaly=1,rule_violation=0,trust_score=0
23.3,0,hybrid_detection,ml_anomaly=1,rule_violation=0,trust_score=0
23.3,2,hybrid_detection,ml_anomaly=1,rule_violation=0,trust_score=0
23.3,4,hybrid_detection,ml_anomaly=1,rule_violation=0,trust_score=0
23.3,6,hybrid_detection,ml_anomaly=1,rule_violation=0,trust_score=0
23.5,0,hybrid_detection,ml_anomaly=1,rule_violation=0,trust_score=0
23.5,2,hybrid_detection,ml_anomaly=1,rule_violation=0,trust_score=0
23.5,4,hybrid_detection,ml_anomaly=1,rule_violation=0,trust_score=0
23.5,6,hybrid_detection,ml_anomaly=1,rule_violation=0,trust_score=0
23.7,0,hybrid_detection,ml_anomaly=1,rule_violation=0,trust_score=0
23.7,2,hybrid_detection,ml_anomaly=1,rule_violation=0,trust_score=0
23.7,4,hybrid_detection,ml_anomaly=1,rule_violation=0,trust_score=0
23.7,6,hybrid_detection,ml_anomaly=1,rule_violation=0,trust_score=0
23.9,0,hybrid_detection,ml_anomaly=1,rule_violation=0,trust_score=0
23.9,2,hybrid_detection,ml_anomaly=1,rule_violation=0,trust_score=0
23.9,4,hybrid_detection,ml_anomaly=1,rule_violation=0,trust_score=0
23.9,6,hybrid_detection,ml_anomaly=1,rule_violation=0,trust_score=0
24,0,route_reconfiguration,neighbors=48
24,1,route_reconfiguration,neighbors=69
24,2,route_reconfiguration,neighbors=73
24,3,route_reconfiguration,neighbors=75
24,4,route_reconfiguration,neighbors=75
24,5,route_reconfiguration,neighbors=80
24,6,route_reconfiguration,neighbors=73
24,7,route_reconfiguration,neighbors=73
24,8,route_reconfiguration,neighbors=57
24,9,route_reconfiguration,neighbors=68
24,10,route_reconfiguration,neighbors=63
24,11,route_reconfiguration,neighbors=86
24,12,route_reconfiguration,neighbors=73
24,13,route_reconfiguration,neighbors=88
24,14,route_reconfiguration,neighbors=85
24,15,route_reconfiguration,neighbors=89
24,16,route_reconfiguration,neighbors=81
24,17,route_reconfiguration,neighbors=81
24,18,route_reconfiguration,neighbors=76
24,19,route_reconfiguration,neighbors=70
24,20,route_reconfiguration,neighbors=81
24,21,route_reconfiguration,neighbors=80
24,22,route_reconfiguration,neighbors=88
24,23,route_reconfiguration,neighbors=102
24,24,route_reconfiguration,neighbors=92
24,25,route_reconfiguration,neighbors=100
24,26,route_reconfiguration,neighbors=90
24,27,route_reconfiguration,neighbors=97
24,28,route_reconfiguration,neighbors=82
24,29,route_reconfiguration,neighbors=70
24,30,route_reconfiguration,neighbors=71
24,31,route_reconfiguration,neighbors=97
24,32,route_reconfiguration,neighbors=102
24,33,route_reconfiguration,neighbors=105
24,34,route_reconfiguration,neighbors=104
24,35,route_reconfiguration,neighbors=110
24,36,route_reconfiguration,neighbors=102
24,37,route_reconfiguration,neighbors=103
24,38,route_reconfiguration,neighbors=84
24,39,route_reconfiguration,neighbors=96
24,40,route_reconfiguration,neighbors=89
24,41,route_reconfiguration,neighbors=114
24,42,route_reconfiguration,neighbors=101
24,43,route_reconfiguration,neighbors=118
24,44,route_reconfiguration,neighbors=115
24,45,route_reconfiguration,neighbors=118
24,46,route_reconfiguration,neighbors=111
24,47,route_reconfiguration,neighbors=108
24,48,route_reconfiguration,neighbors=106
24,49,route_reconfiguration,neighbors=94
24,50,route_reconfiguration,neighbors=106
24,52,route_reconfiguration,neighbors=116
24,53,route_reconfiguration,neighbors=125
24,54,route_reconfiguration,neighbors=120
24,55,route_reconfiguration,neighbors=123
24,56,route_reconfiguration,neighbors=117
24,57,route_reconfiguration,neighbors=121
24,58,route_reconfiguration,neighbors=108
24,62,route_reconfiguration,neighbors=122
24,63,route_reconfiguration,neighbors=119
24,64,route_reconfiguration,neighbors=126
24,65,route_reconfiguration,neighbors=124
24,66,route_reconfiguration,neighbors=123
24,67,route_reconfiguration,neighbors=118
24,68,route_reconfiguration,neighbors=100
24,74,route_reconfiguration,neighbors=126
24,76,route_reconfiguration,neighbors=123
24,78,route_reconfiguration,neighbors=117
24,0,traffic_filter_applied,rate_limit,threshold=30
24,0,traffic_filter_applied,content_filter,threshold=0
24,2,traffic_filter_applied,content_filter,threshold=0
24,4,traffic_filter_applied,content_filter,threshold=0
24,6,traffic_filter_applied,content_filter,threshold=0
24,25,traffic_filter_applied,rate_limit,threshold=30
24,25,traffic_filter_applied,content_filter,threshold=0
24,0,threat_intelligence_shared,suspect=0,type=low_trust
24,2,threat_intelligence_shared,suspect=2,type=low_trust
24,4,threat_intelligence_shared,suspect=4,type=low_trust
24,6,threat_intelligence_shared,suspect=6,type=low_trust
24,25,threat_intelligence_shared,suspect=25,type=low_trust
24.1,0,hybrid_detection,ml_anomaly=1,rule_violation=0,trust_score=0
24.1,2,hybrid_detection,ml_anomaly=1,rule_violation=0,trust_score=0
24.1,4,hybrid_detection,ml_anomaly=1,rule_violation=0,trust_score=0
24.1,6,hybrid_detection,ml_anomaly=1,rule_violation=0,trust_score=0
24.3,0,hybrid_detection,ml_anomaly=1,rule_violation=0,trust_score=0
24.3,2,hybrid_detection,ml_anomaly=1,rule_violation=0,trust_score=0
24.3,4,hybrid_detection,ml_anomaly=1,rule_violation=0,trust_score=0
24.3,6,hybrid_detection,ml_anomaly=1,rule_violation=0,trust_score=0
24.5,0,hybrid_detection,ml_anomaly=1,rule_violation=0,trust_score=0
24.5,2,hybrid_detection,ml_anomaly=1,rule_violation=0,trust_score=0
24.5,4,hybrid_detection,ml_anomaly=1,rule_violation=0,trust_score=0
24.5,6,hybrid_detection,ml_anomaly=1,rule_violation=0,trust_score=0
24.7,0,hybrid_detection,ml_anomaly=1,rule_violation=0,trust_score=0
24.7,2,hybrid_detection,ml_anomaly=1,rule_violation=0,trust_score=0
24.7,4,hybrid_detection,ml_anomaly=1,rule_violation=0,trust_score=0
24.7,6,hybrid_detection,ml_anomaly=1,rule_violation=0,trust_score=0
24.9,0,hybrid_detection,ml_anomaly=1,rule_violation=0,trust_score=0
24.9,2,hybrid_detection,ml_anomaly=1,rule_violation=0,trust_score=0
24.9,4,hybrid_detection,ml_anomaly=1,rule_violation=0,trust_score=0
24.9,6,hybrid_detection,ml_anomaly=1,rule_violation=0,trust_score=0
25,0,threat_intelligence_shared,suspect=0,type=low_trust
25,2,threat_intelligence_shared,suspect=2,type=low_trust
25,4,threat_intelligence_shared,suspect=4,type=low_trust
25,6,threat_intelligence_shared,suspect=6,type=low_trust
25,25,threat_intelligence_shared,suspect=25,type=low_trust
25.1,0,hybrid_detection,ml_anomaly=1,rule_violation=0,trust_score=0
25.1,2,hybrid_detection,ml_anomaly=1,rule_violation=0,trust_score=0
25.1,4,hybrid_detection,ml_anomaly=1,rule_violation=0,trust_score=0
25.1,6,hybrid_detection,ml_anomaly=1,rule_violation=0,trust_score=0
25.3,0,hybrid_detection,ml_anomaly=1,rule_violation=0,trust_score=0
25.3,2,hybrid_detection,ml_anomaly=1,rule_violation=0,trust_score=0
25.3,4,hybrid_detection,ml_anomaly=1,rule_violation=0,trust_score=0
25.3,6,hybrid_detection,ml_anomaly=1,rule_violation=0,trust_score=0
25.5,0,hybrid_detection,ml_anomaly=1,rule_violation=0,trust_score=0
25.5,2,hybrid_detection,ml_anomaly=1,rule_violation=0,trust_score=0
25.5,4,hybrid_detection,ml_anomaly=1,rule_violation=0,trust_score=0
25.5,6,hybrid_detection,ml_anomaly=1,rule_violation=0,trust_score=0
25.7,0,hybrid_detection,ml_anomaly=1,rule_violation=0,trust_score=0
25.7,2,hybrid_detection,ml_anomaly=1,rule_violation=0,trust_score=0
25.7,4,hybrid_detection,ml_anomaly=1,rule_violation=0,trust_score=0
25.7,6,hybrid_detection,ml_anomaly=1,rule_violation=0,trust_score=0
25.9,0,hybrid_detection,ml_anomaly=1,rule_violation=0,trust_score=0
25.9,2,hybrid_detection,ml_anomaly=1,rule_violation=0,trust_score=0
25.9,4,hybrid_detection,ml_anomaly=1,rule_violation=0,trust_score=0
25.9,6,hybrid_detection,ml_anomaly=1,rule_violation=0,trust_score=0
26,0,threat_intelligence_shared,suspect=0,type=low_trust
26,2,threat_intelligence_shared,suspect=2,type=low_trust
26,4,threat_intelligence_shared,suspect=4,type=low_trust
26,6,threat_intelligence_shared,suspect=6,type=low_trust
26,25,threat_intelligence_shared,suspect=25,type=low_trust
26.1,0,hybrid_detection,ml_anomaly=1,rule_violation=0,trust_score=0
26.1,2,hybrid_detection,ml_anomaly=1,rule_violation=0,trust_score=0
26.1,4,hybrid_detection,ml_anomaly=1,rule_violation=0,trust_score=0
26.1,6,hybrid_detection,ml_anomaly=1,rule_violation=0,trust_score=0
26.3,0,hybrid_detection,ml_anomaly=1,rule_violation=0,trust_score=0
26.3,2,hybrid_detection,ml_anomaly=1,rule_violation=0,trust_score=0
26.3,4,hybrid_detection,ml_anomaly=1,rule_violation=0,trust_score=0
26.3,6,hybrid_detection,ml_anomaly=1,rule_violation=0,trust_score=0
26.5,0,hybrid_detection,ml_anomaly=1,rule_violation=0,trust_score=0
26.5,2,hybrid_detection,ml_anomaly=1,rule_violation=0,trust_score=0
26.5,4,hybrid_detection,ml_anomaly=1,rule_violation=0,trust_score=0
26.5,6,hybrid_detection,ml_anomaly=1,rule_violation=0,trust_score=0
26.7,0,hybrid_detection,ml_anomaly=1,rule_violation=0,trust_score=0
26.7,2,hybrid_detection,ml_anomaly=1,rule_violation=0,trust_score=0
26.7,4,hybrid_detection,ml_anomaly=1,rule_violation=0,trust_score=0
26.7,6,hybrid_detection,ml_anomaly=1,rule_violation=0,trust_score=0
26.9,0,hybrid_detection,ml_anomaly=1,rule_violation=0,trust_score=0
26.9,2,hybrid_detection,ml_anomaly=1,rule_violation=0,trust_score=0
26.9,4,hybrid_detection,ml_anomaly=1,rule_violation=0,trust_score=0
26.9,6,hybrid_detection,ml_anomaly=1,rule_violation=0,trust_score=0
27,0,traffic_filter_applied,rate_limit,threshold=30
27,0,traffic_filter_applied,content_filter,threshold=0
27,2,traffic_filter_applied,content_filter,threshold=0
27,4,traffic_filter_applied,content_filter,threshold=0
27,6,traffic_filter_applied,content_filter,threshold=0
27,25,traffic_filter_applied,rate_limit,threshold=30
27,25,traffic_filter_applied,content_filter,threshold=0
27,0,threat_intelligence_shared,suspect=0,type=low_trust
27,2,threat_intelligence_shared,suspect=2,type=low_trust
27,4,threat_intelligence_shared,suspect=4,type=low_trust
27,6,threat_intelligence_shared,suspect=6,type=low_trust
27,25,threat_intelligence_shared,suspect=25,type=low_trust
27.1,0,hybrid_detection,ml_anomaly=1,rule_violation=0,trust_score=0
27.1,2,hybrid_detection,ml_anomaly=1,rule_violation=0,trust_score=0
27.1,4,hybrid_detection,ml_anomaly=1,rule_violation=0,trust_score=0
27.1,6,hybrid_detection,ml_anomaly=1,rule_violation=0,trust_score=0
27.3,0,hybrid_detection,ml_anomaly=1,rule_violation=0,trust_score=0
27.3,2,hybrid_detection,ml_anomaly=1,rule_violation=0,trust_score=0
27.3,4,hybrid_detection,ml_anomaly=1,rule_violation=0,trust_score=0
27.3,6,hybrid_detection,ml_anomaly=1,rule_violation=0,trust_score=0
27.5,0,hybrid_detection,ml_anomaly=1,rule_violation=0,trust_score=0
27.5,2,hybrid_detection,ml_anomaly=1,rule_violation=0,trust_score=0
27.5,4,hybrid_detection,ml_anomaly=1,rule_violation=0,trust_score=0
27.5,6,hybrid_detection,ml_anomaly=1,rule_violation=0,trust_score=0
27.7,0,hybrid_detection,ml_anomaly=1,rule_violation=0,trust_score=0
27.7,2,hybrid_detection,ml_anomaly=1,rule_violation=0,trust_score=0
27.7,4,hybrid_detection,ml_anomaly=1,rule_violation=0,trust_score=0
27.7,6,hybrid_detection,ml_anomaly=1,rule_violation=0,trust_score=0
27.9,0,hybrid_detection,ml_anomaly=1,rule_violation=0,trust_score=0
27.9,2,hybrid_detection,ml_anomaly=1,rule_violation=0,trust_score=0
27.9,4,hybrid_detection,ml_anomaly=1,rule_violation=0,trust_score=0
27.9,6,hybrid_detection,ml_anomaly=1,rule_violation=0,trust_score=0
28,0,threat_intelligence_shared,suspect=0,type=low_trust
28,2,threat_intelligence_shared,suspect=2,type=low_trust
28,4,threat_intelligence_shared,suspect=4,type=low_trust
28,6,threat_intelligence_shared,suspect=6,type=low_trust
28,25,threat_intelligence_shared,suspect=25,type=low_trust
28.1,0,hybrid_detection,ml_anomaly=1,rule_violation=0,trust_score=0
28.1,2,hybrid_detection,ml_anomaly=1,rule_violation=0,trust_score=0
28.1,4,hybrid_detection,ml_anomaly=1,rule_violation=0,trust_score=0
28.1,6,hybrid_detection,ml_anomaly=1,rule_violation=0,trust_score=0
28.3,0,hybrid_detection,ml_anomaly=1,rule_violation=0,trust_score=0
28.3,2,hybrid_detection,ml_anomaly=1,rule_violation=0,trust_score=0
28.3,4,hybrid_detection,ml_anomaly=1,rule_violation=0,trust_score=0
28.3,6,hybrid_detection,ml_anomaly=1,rule_violation=0,trust_score=0
28.5,0,hybrid_detection,ml_anomaly=1,rule_violation=0,trust_score=0
28.5,2,hybrid_detection,ml_anomaly=1,rule_violation=0,trust_score=0
28.5,4,hybrid_detection,ml_anomaly=1,rule_violation=0,trust_score=0
28.5,6,hybrid_detection,ml_anomaly=1,rule_violation=0,trust_score=0
28.7,0,hybrid_detection,ml_anomaly=1,rule_violation=0,trust_score=0
28.7,2,hybrid_detection,ml_anomaly=1,rule_violation=0,trust_score=0
28.7,4,hybrid_detection,ml_anomaly=1,rule_violation=0,trust_score=0
28.7,6,hybrid_detection,ml_anomaly=1,rule_violation=0,trust_score=0
28.9,0,hybrid_detection,ml_anomaly=1,rule_violation=0,trust_score=0
28.9,2,hybrid_detection,ml_anomaly=1,rule_violation=0,trust_score=0
28.9,4,hybrid_detection,ml_anomaly=1,rule_violation=0,trust_score=0
28.9,6,hybrid_detection,ml_anomaly=1,rule_violation=0,trust_score=0
29,0,route_reconfiguration,neighbors=46
29,1,route_reconfiguration,neighbors=71
29,2,route_reconfiguration,neighbors=73
29,3,route_reconfiguration,neighbors=76
29,4,route_reconfiguration,neighbors=74
29,5,route_reconfiguration,neighbors=81
29,6,route_reconfiguration,neighbors=72
29,7,route_reconfiguration,neighbors=75
29,8,route_reconfiguration,neighbors=57
29,9,route_reconfiguration,neighbors=69
29,10,route_reconfiguration,neighbors=62
29,11,route_reconfiguration,neighbors=87
29,12,route_reconfiguration,neighbors=71
29,13,route_reconfiguration,neighbors=90
29,14,route_reconfiguration,neighbors=85
29,15,route_reconfiguration,neighbors=90
29,16,route_reconfiguration,neighbors=81
29,17,route_reconfiguration,neighbors=82
29,18,route_reconfiguration,neighbors=75
29,19,route_reconfiguration,neighbors=71
29,20,route_reconfiguration,neighbors=81
29,21,route_reconfiguration,neighbors=81
29,22,route_reconfiguration,neighbors=87
29,23,route_reconfiguration,neighbors=103
29,24,route_reconfiguration,neighbors=90
29,25,route_reconfiguration,neighbors=102
29,26,route_reconfiguration,neighbors=90
29,27,route_reconfiguration,neighbors=98
29,28,route_reconfiguration,neighbors=82
29,29,route_reconfiguration,neighbors=71
29,30,route_reconfiguration,neighbors=69
29,31,route_reconfiguration,neighbors=99
29,32,route_reconfiguration,neighbors=102
29,33,route_reconfiguration,neighbors=106
29,34,route_reconfiguration,neighbors=103
29,35,route_reconfiguration,neighbors=111
29,36,route_reconfiguration,neighbors=101
29,37,route_reconfiguration,neighbors=105
29,38,route_reconfiguration,neighbors=84
29,39,route_reconfiguration,neighbors=97
29,40,route_reconfiguration,neighbors=88
29,41,route_reconfiguration,neighbors=115
29,42,route_reconfiguration,neighbors=99
29,43,route_reconfiguration,neighbors=118
29,44,route_reconfiguration,neighbors=115
29,45,route_reconfiguration,neighbors=118
29,46,route_reconfiguration,neighbors=111
29,47,route_reconfiguration,neighbors=108
29,48,route_reconfiguration,neighbors=105
29,49,route_reconfiguration,neighbors=94
29,50,route_reconfiguration,neighbors=107
29,52,route_reconfiguration,neighbors=115
29,53,route_reconfiguration,neighbors=125
29,54,route_reconfiguration,neighbors=118
29,55,route_reconfiguration,neighbors=123
29,56,route_reconfiguration,neighbors=117
29,57,route_reconfiguration,neighbors=121
29,58,route_reconfiguration,neighbors=108
29,62,route_reconfiguration,neighbors=122
29,63,route_reconfiguration,neighbors=119
29,64,route_reconfiguration,neighbors=125
29,65,route_reconfiguration,neighbors=123
29,66,route_reconfiguration,neighbors=123
29,67,route_reconfiguration,neighbors=117
29,68,route_reconfiguration,neighbors=100
29,74,route_reconfiguration,neighbors=126
29,76,route_reconfiguration,neighbors=123
29,78,route_reconfiguration,neighbors=117
29,0,threat_intelligence_shared,suspect=0,type=low_trust
29,2,threat_intelligence_shared,suspect=2,type=low_trust
29,4,threat_intelligence_shared,suspect=4,type=low_trust
29,6,threat_intelligence_shared,suspect=6,type=low_trust
29,25,threat_intelligence_shared,suspect=25,type=low_trust
29.1,0,hybrid_detection,ml_anomaly=1,rule_violation=0,trust_score=0
29.1,2,hybrid_detection,ml_anomaly=1,rule_violation=0,trust_score=0
29.1,4,hybrid_detection,ml_anomaly=1,rule_violation=0,trust_score=0
29.1,6,hybrid_detection,ml_anomaly=1,rule_violation=0,trust_score=0
29.3,0,hybrid_detection,ml_anomaly=1,rule_violation=0,trust_score=0
29.3,2,hybrid_detection,ml_anomaly=1,rule_violation=0,trust_score=0
29.3,4,hybrid_detection,ml_anomaly=1,rule_violation=0,trust_score=0
29.3,6,hybrid_detection,ml_anomaly=1,rule_violation=0,trust_score=0
29.5,0,hybrid_detection,ml_anomaly=1,rule_violation=0,trust_score=0
29.5,2,hybrid_detection,ml_anomaly=1,rule_violation=0,trust_score=0
29.5,4,hybrid_detection,ml_anomaly=1,rule_violation=0,trust_score=0
29.5,6,hybrid_detection,ml_anomaly=1,rule_violation=0,trust_score=0
29.7,0,hybrid_detection,ml_anomaly=1,rule_violation=0,trust_score=0
29.7,2,hybrid_detection,ml_anomaly=1,rule_violation=0,trust_score=0
29.7,4,hybrid_detection,ml_anomaly=1,rule_violation=0,trust_score=0
29.7,6,hybrid_detection,ml_anomaly=1,rule_violation=0,trust_score=0
29.9,0,hybrid_detection,ml_anomaly=1,rule_violation=0,trust_score=0
29.9,2,hybrid_detection,ml_anomaly=1,rule_violation=0,trust_score=0
29.9,4,hybrid_detection,ml_anomaly=1,rule_violation=0,trust_score=0
29.9,6,hybrid_detection,ml_anomaly=1,rule_violation=0,trust_score=0
