timestamp,nodeId,trustScore,lowTrustFlag
1,0,0.6,0
1,1,0.6,0
1,2,0.6,0
1,3,0.6,0
1,4,0.6,0
1,5,0.6,0
1,6,0.6,0
1,7,0.6,0
1,8,0.6,0
1,9,0.6,0
1,10,0.6,0
1,11,0.6,0
1,12,0.6,0
1,13,0.6,0
1,14,0.6,0
1,15,0.6,0
1,16,0.6,0
1,17,0.6,0
1,18,0.6,0
1,19,0.6,0
1,20,0.6,0
1,21,0.6,0
1,22,0.6,0
1,23,0.6,0
1,24,0.6,0
1,25,0.6,0
1,26,0.6,0
1,27,0.6,0
1,28,0.6,0
1,29,0.6,0
1,30,0.6,0
1,31,0.6,0
1,32,0.6,0
1,33,0.6,0
1,34,0.6,0
1,35,0.6,0
1,36,0.6,0
1,37,0.6,0
1,38,0.6,0
1,39,0.6,0
1,40,0.6,0
1,41,0.6,0
1,42,0.6,0
1,43,0.6,0
1,44,0.6,0
1,45,0.6,0
1,46,0.6,0
1,47,0.6,0
1,48,0.6,0
1,49,0.6,0
1,50,0.6,0
1,51,0.6,0
1,52,0.6,0
1,53,0.6,0
1,54,0.6,0
1,55,0.6,0
1,56,0.6,0
1,57,0.6,0
1,58,0.6,0
1,59,0.6,0
1,60,0.6,0
1,61,0.6,0
1,62,0.6,0
1,63,0.6,0
1,64,0.6,0
1,65,0.6,0
1,66,0.6,0
1,67,0.6,0
1,68,0.6,0
1,69,0.6,0
1,70,0.6,0
1,71,0.6,0
1,72,0.6,0
1,73,0.6,0
1,74,0.6,0
1,75,0.6,0
1,76,0.6,0
1,77,0.6,0
1,78,0.6,0
1,79,0.6,0
1,80,0.6,0
1,81,0.6,0
1,82,0.6,0
1,83,0.6,0
1,84,0.6,0
1,85,0.6,0
1,86,0.6,0
1,87,0.6,0
1,88,0.6,0
1,89,0.6,0
1,90,0.6,0
1,91,0.6,0
1,92,0.6,0
1,93,0.6,0
1,94,0.6,0
1,95,0.6,0
1,96,0.6,0
1,97,0.6,0
1,98,0.6,0
1,99,0.6,0
1,100,0.6,0
1,101,0.6,0
1,102,0.6,0
1,103,0.6,0
1,104,0.6,0
1,105,0.6,0
1,106,0.6,0
1,107,0.6,0
1,108,0.6,0
1,109,0.6,0
1,110,0.6,0
1,111,0.6,0
1,112,0.6,0
1,113,0.6,0
1,114,0.6,0
1,115,0.6,0
1,116,0.6,0
1,117,0.6,0
1,118,0.6,0
1,119,0.6,0
1,120,0.6,0
1,121,0.6,0
1,122,0.6,0
1,123,0.6,0
1,124,0.6,0
1,125,0.6,0
1,126,0.6,0
1,127,0.6,0
1,128,0.6,0
1,129,0.6,0
1,130,0.6,0
1,131,0.6,0
2,0,0,1
2,1,0.8,0
2,2,0.6,0
2,3,0.8,0
2,4,0.8,0
2,5,0.8,0
2,6,0.8,0
2,7,0.8,0
2,8,0.8,0
2,9,0.8,0
2,10,0.8,0
2,11,0.8,0
2,12,0.8,0
2,13,0.6,0
2,14,0.8,0
2,15,0.8,0
2,16,0.8,0
2,17,0.8,0
2,18,0.8,0
2,19,0.8,0
2,20,0.8,0
2,21,0.8,0
2,22,0.8,0
2,23,0.8,0
2,24,0.8,0
2,25,0.8,0
2,26,0.8,0
2,27,0.8,0
2,28,0.8,0
2,29,0.8,0
2,30,0.8,0
2,31,0.8,0
2,32,0.8,0
2,33,0.8,0
2,34,0.8,0
2,35,0.8,0
2,36,0.8,0
2,37,0.8,0
2,38,0.8,0
2,39,0.8,0
2,40,0.8,0
2,41,0.8,0
2,42,0.8,0
2,43,0.8,0
2,44,0.8,0
2,45,0.8,0
2,46,0.6,0
2,47,0.8,0
2,48,0.8,0
2,49,0.8,0
2,50,0.8,0
2,51,0.8,0
2,52,0.8,0
2,53,0.8,0
2,54,0.8,0
2,55,0.8,0
2,56,0.8,0
2,57,0.8,0
2,58,0.8,0
2,59,0.8,0
2,60,0.8,0
2,61,0.8,0
2,62,0.8,0
2,63,0.8,0
2,64,0.8,0
2,65,0.8,0
2,66,0.8,0
2,67,0.8,0
2,68,0.8,0
2,69,0.8,0
2,70,0.8,0
2,71,0.8,0
2,72,0.8,0
2,73,0.8,0
2,74,0.8,0
2,75,0.8,0
2,76,0.8,0
2,77,0.8,0
2,78,0.8,0
2,79,0.8,0
2,80,0.8,0
2,81,0.8,0
2,82,0.8,0
2,83,0.8,0
2,84,0.8,0
2,85,0.8,0
2,86,0.8,0
2,87,0.8,0
2,88,0.8,0
2,89,0.8,0
2,90,0.8,0
2,91,0.8,0
2,92,0.8,0
2,93,0.8,0
2,94,0.8,0
2,95,0.8,0
2,96,0.8,0
2,97,0.6,0
2,98,0.8,0
2,99,0.8,0
2,100,0.8,0
2,101,0.6,0
2,102,0.8,0
2,103,0.8,0
2,104,0.8,0
2,105,0.8,0
2,106,0.8,0
2,107,0.8,0
2,108,0.8,0
2,109,0.8,0
2,110,0.8,0
2,111,0.8,0
2,112,0.8,0
2,113,0.8,0
2,114,0.8,0
2,115,0.8,0
2,116,0.8,0
2,117,0.8,0
2,118,0.8,0
2,119,0.8,0
2,120,0.8,0
2,121,0.8,0
2,122,0.8,0
2,123,0.8,0
2,124,0.8,0
2,125,0.8,0
2,126,0.8,0
2,127,0.8,0
2,128,0.8,0
2,129,0.8,0
2,130,0.6,0
2,131,0.8,0
3,0,0,1
3,1,0.866667,0
3,2,0.733333,0
3,3,0.866667,0
3,4,0.733333,0
3,5,0.866667,0
3,6,0.733333,0
3,7,0.866667,0
3,8,0.866667,0
3,9,0.866667,0
3,10,0.866667,0
3,11,0.866667,0
3,12,0.866667,0
3,13,0.733333,0
3,14,0.866667,0
3,15,0.866667,0
3,16,0.866667,0
3,17,0.866667,0
3,18,0.866667,0
3,19,0.866667,0
3,20,0.866667,0
3,21,0.866667,0
3,22,0.866667,0
3,23,0.866667,0
3,24,0.866667,0
3,25,0,1
3,26,0.866667,0
3,27,0.866667,0
3,28,0.866667,0
3,29,0.866667,0
3,30,0.866667,0
3,31,0.866667,0
3,32,0.866667,0
3,33,0.866667,0
3,34,0.866667,0
3,35,0.866667,0
3,36,0.866667,0
3,37,0.866667,0
3,38,0.866667,0
3,39,0.866667,0
3,40,0.866667,0
3,41,0.866667,0
3,42,0.866667,0
3,43,0.866667,0
3,44,0.866667,0
3,45,0.866667,0
3,46,0.733333,0
3,47,0.866667,0
3,48,0.866667,0
3,49,0.866667,0
3,50,0.866667,0
3,51,0.866667,0
3,52,0.866667,0
3,53,0.866667,0
3,54,0.866667,0
3,55,0.866667,0
3,56,0.866667,0
3,57,0.866667,0
3,58,0.866667,0
3,59,0.866667,0
3,60,0.866667,0
3,61,0.866667,0
3,62,0.866667,0
3,63,0.866667,0
3,64,0.866667,0
3,65,0.866667,0
3,66,0.866667,0
3,67,0.866667,0
3,68,0.866667,0
3,69,0.866667,0
3,70,0.866667,0
3,71,0.866667,0
3,72,0.866667,0
3,73,0.866667,0
3,74,0.866667,0
3,75,0.866667,0
3,76,0.866667,0
3,77,0.866667,0
3,78,0.866667,0
3,79,0.866667,0
3,80,0.866667,0
3,81,0.866667,0
3,82,0.866667,0
3,83,0.866667,0
3,84,0.866667,0
3,85,0.866667,0
3,86,0.866667,0
3,87,0.866667,0
3,88,0.866667,0
3,89,0.866667,0
3,90,0.866667,0
3,91,0.866667,0
3,92,0.866667,0
3,93,0.866667,0
3,94,0.866667,0
3,95,0.866667,0
3,96,0.866667,0
3,97,0.733333,0
3,98,0.866667,0
3,99,0.866667,0
3,100,0.866667,0
3,101,0.733333,0
3,102,0.866667,0
3,103,0.866667,0
3,104,0.866667,0
3,105,0.866667,0
3,106,0.866667,0
3,107,0.866667,0
3,108,0.866667,0
3,109,0.866667,0
3,110,0.866667,0
3,111,0.866667,0
3,112,0.866667,0
3,113,0.866667,0
3,114,0.866667,0
3,115,0.866667,0
3,116,0.866667,0
3,117,0.866667,0
3,118,0.866667,0
3,119,0.866667,0
3,120,0.866667,0
3,121,0.866667,0
3,122,0.866667,0
3,123,0.866667,0
3,124,0.866667,0
3,125,0.866667,0
3,126,0.866667,0
3,127,0.866667,0
3,128,0.866667,0
3,129,0.866667,0
3,130,0.733333,0
3,131,0.866667,0
4,0,0,1
4,1,0.9,0
4,2,0,1
4,3,0.9,0
4,4,0.7,0
4,5,0.9,0
4,6,0.7,0
4,7,0.9,0
4,8,0.9,0
4,9,0.9,0
4,10,0.9,0
4,11,0.9,0
4,12,0.9,0
4,13,0.8,0
4,14,0.9,0
4,15,0.9,0
4,16,0.9,0
4,17,0.9,0
4,18,0.9,0
4,19,0.9,0
4,20,0.9,0
4,21,0.9,0
4,22,0.9,0
4,23,0.9,0
4,24,0.9,0
4,25,0,1
4,26,0.9,0
4,27,0.9,0
4,28,0.9,0
4,29,0.9,0
4,30,0.9,0
4,31,0.9,0
4,32,0.9,0
4,33,0.9,0
4,34,0.9,0
4,35,0.9,0
4,36,0.9,0
4,37,0.9,0
4,38,0.9,0
4,39,0.9,0
4,40,0.9,0
4,41,0.9,0
4,42,0.9,0
4,43,0.9,0
4,44,0.9,0
4,45,0.9,0
4,46,0.8,0
4,47,0.9,0
4,48,0.9,0
4,49,0.9,0
4,50,0.9,0
4,51,0.9,0
4,52,0.9,0
4,53,0.9,0
4,54,0.9,0
4,55,0.9,0
4,56,0.9,0
4,57,0.9,0
4,58,0.9,0
4,59,0.9,0
4,60,0.9,0
4,61,0.9,0
4,62,0.9,0
4,63,0.9,0
4,64,0.9,0
4,65,0.9,0
4,66,0.9,0
4,67,0.9,0
4,68,0.9,0
4,69,0.9,0
4,70,0.9,0
4,71,0.9,0
4,72,0.9,0
4,73,0.9,0
4,74,0.9,0
4,75,0.9,0
4,76,0.9,0
4,77,0.9,0
4,78,0.9,0
4,79,0.9,0
4,80,0.9,0
4,81,0.9,0
4,82,0.9,0
4,83,0.9,0
4,84,0.9,0
4,85,0.9,0
4,86,0.9,0
4,87,0.9,0
4,88,0.9,0
4,89,0.9,0
4,90,0.9,0
4,91,0.9,0
4,92,0.9,0
4,93,0.9,0
4,94,0.9,0
4,95,0.9,0
4,96,0.9,0
4,97,0.8,0
4,98,0.9,0
4,99,0.9,0
4,100,0.9,0
4,101,0.8,0
4,102,0.9,0
4,103,0.9,0
4,104,0.9,0
4,105,0.9,0
4,106,0.9,0
4,107,0.9,0
4,108,0.9,0
4,109,0.9,0
4,110,0.9,0
4,111,0.9,0
4,112,0.9,0
4,113,0.9,0
4,114,0.9,0
4,115,0.9,0
4,116,0.9,0
4,117,0.9,0
4,118,0.9,0
4,119,0.9,0
4,120,0.9,0
4,121,0.9,0
4,122,0.9,0
4,123,0.9,0
4,124,0.9,0
4,125,0.9,0
4,126,0.9,0
4,127,0.9,0
4,128,0.9,0
4,129,0.9,0
4,130,0.8,0
4,131,0.9,0
5,0,0,1
5,1,0.92,0
5,2,0,1
5,3,0.92,0
5,4,0,1
5,5,0.92,0
5,6,0,1
5,7,0.92,0
5,8,0.92,0
5,9,0.92,0
5,10,0.92,0
5,11,0.92,0
5,12,0.92,0
5,13,0.84,0
5,14,0.92,0
5,15,0.92,0
5,16,0.92,0
5,17,0.92,0
5,18,0.92,0
5,19,0.92,0
5,20,0.92,0
5,21,0.92,0
5,22,0.92,0
5,23,0.92,0
5,24,0.92,0
5,25,0,1
5,26,0.92,0
5,27,0.92,0
5,28,0.92,0
5,29,0.92,0
5,30,0.92,0
5,31,0.92,0
5,32,0.92,0
5,33,0.92,0
5,34,0.92,0
5,35,0.92,0
5,36,0.92,0
5,37,0.92,0
5,38,0.92,0
5,39,0.92,0
5,40,0.92,0
5,41,0.92,0
5,42,0.92,0
5,43,0.92,0
5,44,0.92,0
5,45,0.92,0
5,46,0.84,0
5,47,0.92,0
5,48,0.92,0
5,49,0.92,0
5,50,0.92,0
5,51,0.92,0
5,52,0.92,0
5,53,0.92,0
5,54,0.92,0
5,55,0.92,0
5,56,0.92,0
5,57,0.92,0
5,58,0.92,0
5,59,0.92,0
5,60,0.92,0
5,61,0.92,0
5,62,0.92,0
5,63,0.92,0
5,64,0.92,0
5,65,0.92,0
5,66,0.92,0
5,67,0.92,0
5,68,0.92,0
5,69,0.92,0
5,70,0.92,0
5,71,0.92,0
5,72,0.92,0
5,73,0.92,0
5,74,0.92,0
5,75,0.92,0
5,76,0.92,0
5,77,0.92,0
5,78,0.92,0
5,79,0.92,0
5,80,0.92,0
5,81,0.92,0
5,82,0.92,0
5,83,0.92,0
5,84,0.92,0
5,85,0.92,0
5,86,0.92,0
5,87,0.92,0
5,88,0.92,0
5,89,0.92,0
5,90,0.92,0
5,91,0.92,0
5,92,0.92,0
5,93,0.92,0
5,94,0.92,0
5,95,0.92,0
5,96,0.92,0
5,97,0.84,0
5,98,0.92,0
5,99,0.92,0
5,100,0.92,0
5,101,0.84,0
5,102,0.92,0
5,103,0.92,0
5,104,0.92,0
5,105,0.92,0
5,106,0.92,0
5,107,0.92,0
5,108,0.92,0
5,109,0.92,0
5,110,0.92,0
5,111,0.92,0
5,112,0.92,0
5,113,0.92,0
5,114,0.92,0
5,115,0.92,0
5,116,0.92,0
5,117,0.92,0
5,118,0.92,0
5,119,0.92,0
5,120,0.92,0
5,121,0.92,0
5,122,0.92,0
5,123,0.92,0
5,124,0.92,0
5,125,0.92,0
5,126,0.92,0
5,127,0.92,0
5,128,0.92,0
5,129,0.92,0
5,130,0.84,0
5,131,0.92,0
6,0,0,1
6,1,0.933333,0
6,2,0,1
6,3,0.933333,0
6,4,0,1
6,5,0.933333,0
6,6,0,1
6,7,0.933333,0
6,8,0.933333,0
6,9,0.933333,0
6,10,0.933333,0
6,11,0.933333,0
6,12,0.933333,0
6,13,0.866667,0
6,14,0.933333,0
6,15,0.933333,0
6,16,0.933333,0
6,17,0.933333,0
6,18,0.933333,0
6,19,0.933333,0
6,20,0.933333,0
6,21,0.933333,0
6,22,0.933333,0
6,23,0.933333,0
6,24,0.933333,0
6,25,0,1
6,26,0.933333,0
6,27,0.933333,0
6,28,0.933333,0
6,29,0.933333,0
6,30,0.933333,0
6,31,0.933333,0
6,32,0.933333,0
6,33,0.933333,0
6,34,0.933333,0
6,35,0.933333,0
6,36,0.933333,0
6,37,0.933333,0
6,38,0.933333,0
6,39,0.933333,0
6,40,0.933333,0
6,41,0.933333,0
6,42,0.933333,0
6,43,0.933333,0
6,44,0.933333,0
6,45,0.933333,0
6,46,0.866667,0
6,47,0.933333,0
6,48,0.933333,0
6,49,0.933333,0
6,50,0.933333,0
6,51,0.933333,0
6,52,0.933333,0
6,53,0.933333,0
6,54,0.933333,0
6,55,0.933333,0
6,56,0.933333,0
6,57,0.933333,0
6,58,0.933333,0
6,59,0.933333,0
6,60,0.933333,0
6,61,0.933333,0
6,62,0.933333,0
6,63,0.933333,0
6,64,0.933333,0
6,65,0.933333,0
6,66,0.933333,0
6,67,0.933333,0
6,68,0.933333,0
6,69,0.933333,0
6,70,0.933333,0
6,71,0.933333,0
6,72,0.933333,0
6,73,0.933333,0
6,74,0.933333,0
6,75,0.933333,0
6,76,0.933333,0
6,77,0.933333,0
6,78,0.933333,0
6,79,0.933333,0
6,80,0.933333,0
6,81,0.933333,0
6,82,0.933333,0
6,83,0.933333,0
6,84,0.933333,0
6,85,0.933333,0
6,86,0.933333,0
6,87,0.933333,0
6,88,0.933333,0
6,89,0.933333,0
6,90,0.933333,0
6,91,0.933333,0
6,92,0.933333,0
6,93,0.933333,0
6,94,0.933333,0
6,95,0.933333,0
6,96,0.933333,0
6,97,0.866667,0
6,98,0.933333,0
6,99,0.933333,0
6,100,0.933333,0
6,101,0.866667,0
6,102,0.933333,0
6,103,0.933333,0
6,104,0.933333,0
6,105,0.933333,0
6,106,0.933333,0
6,107,0.933333,0
6,108,0.933333,0
6,109,0.933333,0
6,110,0.933333,0
6,111,0.933333,0
6,112,0.933333,0
6,113,0.933333,0
6,114,0.933333,0
6,115,0.933333,0
6,116,0.933333,0
6,117,0.933333,0
6,118,0.933333,0
6,119,0.933333,0
6,120,0.933333,0
6,121,0.933333,0
6,122,0.933333,0
6,123,0.933333,0
6,124,0.933333,0
6,125,0.933333,0
6,126,0.933333,0
6,127,0.933333,0
6,128,0.933333,0
6,129,0.933333,0
6,130,0.866667,0
6,131,0.933333,0
7,0,0,1
7,1,0.942857,0
7,2,0,1
7,3,0.942857,0
7,4,0,1
7,5,0.942857,0
7,6,0,1
7,7,0.942857,0
7,8,0.942857,0
7,9,0.942857,0
7,10,0.942857,0
7,11,0.942857,0
7,12,0.942857,0
7,13,0.885714,0
7,14,0.942857,0
7,15,0.942857,0
7,16,0.942857,0
7,17,0.942857,0
7,18,0.942857,0
7,19,0.942857,0
7,20,0.942857,0
7,21,0.942857,0
7,22,0.942857,0
7,23,0.942857,0
7,24,0.942857,0
7,25,0,1
7,26,0.942857,0
7,27,0.942857,0
7,28,0.942857,0
7,29,0.942857,0
7,30,0.942857,0
7,31,0.942857,0
7,32,0.942857,0
7,33,0.942857,0
7,34,0.942857,0
7,35,0.942857,0
7,36,0.942857,0
7,37,0.942857,0
7,38,0.942857,0
7,39,0.942857,0
7,40,0.942857,0
7,41,0.942857,0
7,42,0.942857,0
7,43,0.942857,0
7,44,0.942857,0
7,45,0.942857,0
7,46,0.885714,0
7,47,0.942857,0
7,48,0.942857,0
7,49,0.942857,0
7,50,0.942857,0
7,51,0.942857,0
7,52,0.942857,0
7,53,0.942857,0
7,54,0.942857,0
7,55,0.942857,0
7,56,0.942857,0
7,57,0.942857,0
7,58,0.942857,0
7,59,0.942857,0
7,60,0.942857,0
7,61,0.942857,0
7,62,0.942857,0
7,63,0.942857,0
7,64,0.942857,0
7,65,0.942857,0
7,66,0.942857,0
7,67,0.942857,0
7,68,0.942857,0
7,69,0.942857,0
7,70,0.942857,0
7,71,0.942857,0
7,72,0.942857,0
7,73,0.942857,0
7,74,0.942857,0
7,75,0.942857,0
7,76,0.942857,0
7,77,0.942857,0
7,78,0.942857,0
7,79,0.942857,0
7,80,0.942857,0
7,81,0.942857,0
7,82,0.942857,0
7,83,0.942857,0
7,84,0.942857,0
7,85,0.942857,0
7,86,0.942857,0
7,87,0.942857,0
7,88,0.942857,0
7,89,0.942857,0
7,90,0.942857,0
7,91,0.942857,0
7,92,0.942857,0
7,93,0.942857,0
7,94,0.942857,0
7,95,0.942857,0
7,96,0.942857,0
7,97,0.885714,0
7,98,0.942857,0
7,99,0.942857,0
7,100,0.942857,0
7,101,0.885714,0
7,102,0.942857,0
7,103,0.942857,0
7,104,0.942857,0
7,105,0.942857,0
7,106,0.942857,0
7,107,0.942857,0
7,108,0.942857,0
7,109,0.942857,0
7,110,0.942857,0
7,111,0.942857,0
7,112,0.942857,0
7,113,0.942857,0
7,114,0.942857,0
7,115,0.942857,0
7,116,0.942857,0
7,117,0.942857,0
7,118,0.942857,0
7,119,0.942857,0
7,120,0.942857,0
7,121,0.942857,0
7,122,0.942857,0
7,123,0.942857,0
7,124,0.942857,0
7,125,0.942857,0
7,126,0.942857,0
7,127,0.942857,0
7,128,0.942857,0
7,129,0.942857,0
7,130,0.885714,0
7,131,0.942857,0
8,0,0,1
8,1,0.95,0
8,2,0,1
8,3,0.95,0
8,4,0,1
8,5,0.95,0
8,6,0,1
8,7,0.95,0
8,8,0.95,0
8,9,0.95,0
8,10,0.95,0
8,11,0.95,0
8,12,0.95,0
8,13,0.9,0
8,14,0.95,0
8,15,0.95,0
8,16,0.95,0
8,17,0.95,0
8,18,0.95,0
8,19,0.95,0
8,20,0.95,0
8,21,0.95,0
8,22,0.95,0
8,23,0.95,0
8,24,0.95,0
8,25,0,1
8,26,0.95,0
8,27,0.95,0
8,28,0.95,0
8,29,0.95,0
8,30,0.95,0
8,31,0.95,0
8,32,0.95,0
8,33,0.95,0
8,34,0.95,0
8,35,0.95,0
8,36,0.95,0
8,37,0.95,0
8,38,0.95,0
8,39,0.95,0
8,40,0.95,0
8,41,0.95,0
8,42,0.95,0
8,43,0.95,0
8,44,0.95,0
8,45,0.95,0
8,46,0.9,0
8,47,0.95,0
8,48,0.95,0
8,49,0.95,0
8,50,0.95,0
8,51,0.95,0
8,52,0.95,0
8,53,0.95,0
8,54,0.95,0
8,55,0.95,0
8,56,0.95,0
8,57,0.95,0
8,58,0.95,0
8,59,0.95,0
8,60,0.95,0
8,61,0.95,0
8,62,0.95,0
8,63,0.95,0
8,64,0.95,0
8,65,0.95,0
8,66,0.95,0
8,67,0.95,0
8,68,0.95,0
8,69,0.95,0
8,70,0.95,0
8,71,0.95,0
8,72,0.95,0
8,73,0.95,0
8,74,0.95,0
8,75,0.95,0
8,76,0.95,0
8,77,0.95,0
8,78,0.95,0
8,79,0.95,0
8,80,0.95,0
8,81,0.95,0
8,82,0.95,0
8,83,0.95,0
8,84,0.95,0
8,85,0.95,0
8,86,0.95,0
8,87,0.95,0
8,88,0.95,0
8,89,0.95,0
8,90,0.95,0
8,91,0.95,0
8,92,0.95,0
8,93,0.95,0
8,94,0.95,0
8,95,0.95,0
8,96,0.95,0
8,97,0.9,0
8,98,0.95,0
8,99,0.95,0
8,100,0.95,0
8,101,0.9,0
8,102,0.95,0
8,103,0.95,0
8,104,0.95,0
8,105,0.95,0
8,106,0.95,0
8,107,0.95,0
8,108,0.95,0
8,109,0.95,0
8,110,0.95,0
8,111,0.95,0
8,112,0.95,0
8,113,0.95,0
8,114,0.95,0
8,115,0.95,0
8,116,0.95,0
8,117,0.95,0
8,118,0.95,0
8,119,0.95,0
8,120,0.95,0
8,121,0.95,0
8,122,0.95,0
8,123,0.95,0
8,124,0.95,0
8,125,0.95,0
8,126,0.95,0
8,127,0.95,0
8,128,0.95,0
8,129,0.95,0
8,130,0.9,0
8,131,0.95,0
9,0,0,1
9,1,0.955556,0
9,2,0,1
9,3,0.955556,0
9,4,0,1
9,5,0.955556,0
9,6,0,1
9,7,0.955556,0
9,8,0.955556,0
9,9,0.955556,0
9,10,0.955556,0
9,11,0.955556,0
9,12,0.955556,0
9,13,0.911111,0
9,14,0.955556,0
9,15,0.955556,0
9,16,0.955556,0
9,17,0.955556,0
9,18,0.955556,0
9,19,0.955556,0
9,20,0.955556,0
9,21,0.955556,0
9,22,0.955556,0
9,23,0.955556,0
9,24,0.955556,0
9,25,0,1
9,26,0.955556,0
9,27,0.955556,0
9,28,0.955556,0
9,29,0.955556,0
9,30,0.955556,0
9,31,0.955556,0
9,32,0.955556,0
9,33,0.955556,0
9,34,0.955556,0
9,35,0.955556,0
9,36,0.955556,0
9,37,0.955556,0
9,38,0.955556,0
9,39,0.955556,0
9,40,0.955556,0
9,41,0.955556,0
9,42,0.955556,0
9,43,0.955556,0
9,44,0.955556,0
9,45,0.955556,0
9,46,0.911111,0
9,47,0.955556,0
9,48,0.955556,0
9,49,0.955556,0
9,50,0.955556,0
9,51,0.955556,0
9,52,0.955556,0
9,53,0.955556,0
9,54,0.955556,0
9,55,0.955556,0
9,56,0.955556,0
9,57,0.955556,0
9,58,0.955556,0
9,59,0.955556,0
9,60,0.955556,0
9,61,0.955556,0
9,62,0.955556,0
9,63,0.955556,0
9,64,0.955556,0
9,65,0.955556,0
9,66,0.955556,0
9,67,0.955556,0
9,68,0.955556,0
9,69,0.955556,0
9,70,0.955556,0
9,71,0.955556,0
9,72,0.955556,0
9,73,0.955556,0
9,74,0.955556,0
9,75,0.955556,0
9,76,0.955556,0
9,77,0.955556,0
9,78,0.955556,0
9,79,0.955556,0
9,80,0.955556,0
9,81,0.955556,0
9,82,0.955556,0
9,83,0.955556,0
9,84,0.955556,0
9,85,0.955556,0
9,86,0.955556,0
9,87,0.955556,0
9,88,0.955556,0
9,89,0.955556,0
9,90,0.955556,0
9,91,0.955556,0
9,92,0.955556,0
9,93,0.955556,0
9,94,0.955556,0
9,95,0.955556,0
9,96,0.955556,0
9,97,0.911111,0
9,98,0.955556,0
9,99,0.955556,0
9,100,0.955556,0
9,101,0.911111,0
9,102,0.955556,0
9,103,0.955556,0
9,104,0.955556,0
9,105,0.955556,0
9,106,0.955556,0
9,107,0.955556,0
9,108,0.955556,0
9,109,0.955556,0
9,110,0.955556,0
9,111,0.955556,0
9,112,0.955556,0
9,113,0.955556,0
9,114,0.955556,0
9,115,0.955556,0
9,116,0.955556,0
9,117,0.955556,0
9,118,0.955556,0
9,119,0.955556,0
9,120,0.955556,0
9,121,0.955556,0
9,122,0.955556,0
9,123,0.955556,0
9,124,0.955556,0
9,125,0.955556,0
9,126,0.955556,0
9,127,0.955556,0
9,128,0.955556,0
9,129,0.955556,0
9,130,0.911111,0
9,131,0.955556,0
10,0,0,1
10,1,0.96,0
10,2,0,1
10,3,0.96,0
10,4,0,1
10,5,0.96,0
10,6,0,1
10,7,0.96,0
10,8,0.96,0
10,9,0.96,0
10,10,0.96,0
10,11,0.96,0
10,12,0.96,0
10,13,0.92,0
10,14,0.96,0
10,15,0.96,0
10,16,0.96,0
10,17,0.96,0
10,18,0.96,0
10,19,0.96,0
10,20,0.96,0
10,21,0.96,0
10,22,0.96,0
10,23,0.96,0
10,24,0.96,0
10,25,0,1
10,26,0.96,0
10,27,0.96,0
10,28,0.96,0
10,29,0.96,0
10,30,0.96,0
10,31,0.96,0
10,32,0.96,0
10,33,0.96,0
10,34,0.96,0
10,35,0.96,0
10,36,0.96,0
10,37,0.96,0
10,38,0.96,0
10,39,0.96,0
10,40,0.96,0
10,41,0.96,0
10,42,0.96,0
10,43,0.96,0
10,44,0.96,0
10,45,0.96,0
10,46,0.92,0
10,47,0.96,0
10,48,0.96,0
10,49,0.96,0
10,50,0.96,0
10,51,0.96,0
10,52,0.96,0
10,53,0.96,0
10,54,0.96,0
10,55,0.96,0
10,56,0.96,0
10,57,0.96,0
10,58,0.96,0
10,59,0.96,0
10,60,0.96,0
10,61,0.96,0
10,62,0.96,0
10,63,0.96,0
10,64,0.96,0
10,65,0.96,0
10,66,0.96,0
10,67,0.96,0
10,68,0.96,0
10,69,0.96,0
10,70,0.96,0
10,71,0.96,0
10,72,0.96,0
10,73,0.96,0
10,74,0.96,0
10,75,0.96,0
10,76,0.96,0
10,77,0.96,0
10,78,0.96,0
10,79,0.96,0
10,80,0.96,0
10,81,0.96,0
10,82,0.96,0
10,83,0.96,0
10,84,0.96,0
10,85,0.96,0
10,86,0.96,0
10,87,0.96,0
10,88,0.96,0
10,89,0.96,0
10,90,0.96,0
10,91,0.96,0
10,92,0.96,0
10,93,0.96,0
10,94,0.96,0
10,95,0.96,0
10,96,0.96,0
10,97,0.92,0
10,98,0.96,0
10,99,0.96,0
10,100,0.96,0
10,101,0.92,0
10,102,0.96,0
10,103,0.96,0
10,104,0.96,0
10,105,0.96,0
10,106,0.96,0
10,107,0.96,0
10,108,0.96,0
10,109,0.96,0
10,110,0.96,0
10,111,0.96,0
10,112,0.96,0
10,113,0.96,0
10,114,0.96,0
10,115,0.96,0
10,116,0.96,0
10,117,0.96,0
10,118,0.96,0
10,119,0.96,0
10,120,0.96,0
10,121,0.96,0
10,122,0.96,0
10,123,0.96,0
10,124,0.96,0
10,125,0.96,0
10,126,0.96,0
10,127,0.96,0
10,128,0.96,0
10,129,0.96,0
10,130,0.92,0
10,131,0.96,0
11,0,0,1
11,1,0.963636,0
11,2,0,1
11,3,0.963636,0
11,4,0,1
11,5,0.963636,0
11,6,0,1
11,7,0.963636,0
11,8,0.963636,0
11,9,0.963636,0
11,10,0.963636,0
11,11,0.963636,0
11,12,0.963636,0
11,13,0.927273,0
11,14,0.963636,0
11,15,0.963636,0
11,16,0.963636,0
11,17,0.963636,0
11,18,0.963636,0
11,19,0.963636,0
11,20,0.963636,0
11,21,0.963636,0
11,22,0.963636,0
11,23,0.963636,0
11,24,0.963636,0
11,25,0,1
11,26,0.963636,0
11,27,0.963636,0
11,28,0.963636,0
11,29,0.963636,0
11,30,0.963636,0
11,31,0.963636,0
11,32,0.963636,0
11,33,0.963636,0
11,34,0.963636,0
11,35,0.963636,0
11,36,0.963636,0
11,37,0.963636,0
11,38,0.963636,0
11,39,0.963636,0
11,40,0.963636,0
11,41,0.963636,0
11,42,0.963636,0
11,43,0.963636,0
11,44,0.963636,0
11,45,0.963636,0
11,46,0.927273,0
11,47,0.963636,0
11,48,0.963636,0
11,49,0.963636,0
11,50,0.963636,0
11,51,0.963636,0
11,52,0.963636,0
11,53,0.963636,0
11,54,0.963636,0
11,55,0.963636,0
11,56,0.963636,0
11,57,0.963636,0
11,58,0.963636,0
11,59,0.963636,0
11,60,0.963636,0
11,61,0.963636,0
11,62,0.963636,0
11,63,0.963636,0
11,64,0.963636,0
11,65,0.963636,0
11,66,0.963636,0
11,67,0.963636,0
11,68,0.963636,0
11,69,0.963636,0
11,70,0.963636,0
11,71,0.963636,0
11,72,0.963636,0
11,73,0.963636,0
11,74,0.963636,0
11,75,0.963636,0
11,76,0.963636,0
11,77,0.963636,0
11,78,0.963636,0
11,79,0.963636,0
11,80,0.963636,0
11,81,0.963636,0
11,82,0.963636,0
11,83,0.963636,0
11,84,0.963636,0
11,85,0.963636,0
11,86,0.963636,0
11,87,0.963636,0
11,88,0.963636,0
11,89,0.963636,0
11,90,0.963636,0
11,91,0.963636,0
11,92,0.963636,0
11,93,0.963636,0
11,94,0.963636,0
11,95,0.963636,0
11,96,0.963636,0
11,97,0.927273,0
11,98,0.963636,0
11,99,0.963636,0
11,100,0.963636,0
11,101,0.927273,0
11,102,0.963636,0
11,103,0.963636,0
11,104,0.963636,0
11,105,0.963636,0
11,106,0.963636,0
11,107,0.963636,0
11,108,0.963636,0
11,109,0.963636,0
11,110,0.963636,0
11,111,0.963636,0
11,112,0.963636,0
11,113,0.963636,0
11,114,0.963636,0
11,115,0.963636,0
11,116,0.963636,0
11,117,0.963636,0
11,118,0.963636,0
11,119,0.963636,0
11,120,0.963636,0
11,121,0.963636,0
11,122,0.963636,0
11,123,0.963636,0
11,124,0.963636,0
11,125,0.963636,0
11,126,0.963636,0
11,127,0.963636,0
11,128,0.963636,0
11,129,0.963636,0
11,130,0.927273,0
11,131,0.963636,0
12,0,0,1
12,1,0.966667,0
12,2,0,1
12,3,0.966667,0
12,4,0,1
12,5,0.966667,0
12,6,0,1
12,7,0.966667,0
12,8,0.966667,0
12,9,0.966667,0
12,10,0.966667,0
12,11,0.966667,0
12,12,0.966667,0
12,13,0.933333,0
12,14,0.966667,0
12,15,0.966667,0
12,16,0.966667,0
12,17,0.966667,0
12,18,0.966667,0
12,19,0.966667,0
12,20,0.966667,0
12,21,0.966667,0
12,22,0.966667,0
12,23,0.966667,0
12,24,0.966667,0
12,25,0,1
12,26,0.966667,0
12,27,0.966667,0
12,28,0.966667,0
12,29,0.966667,0
12,30,0.966667,0
12,31,0.966667,0
12,32,0.966667,0
12,33,0.966667,0
12,34,0.966667,0
12,35,0.966667,0
12,36,0.966667,0
12,37,0.966667,0
12,38,0.966667,0
12,39,0.966667,0
12,40,0.966667,0
12,41,0.966667,0
12,42,0.966667,0
12,43,0.966667,0
12,44,0.966667,0
12,45,0.966667,0
12,46,0.933333,0
12,47,0.966667,0
12,48,0.966667,0
12,49,0.966667,0
12,50,0.966667,0
12,51,0.966667,0
12,52,0.966667,0
12,53,0.966667,0
12,54,0.966667,0
12,55,0.966667,0
12,56,0.966667,0
12,57,0.966667,0
12,58,0.966667,0
12,59,0.966667,0
12,60,0.966667,0
12,61,0.966667,0
12,62,0.966667,0
12,63,0.966667,0
12,64,0.966667,0
12,65,0.966667,0
12,66,0.966667,0
12,67,0.966667,0
12,68,0.966667,0
12,69,0.966667,0
12,70,0.966667,0
12,71,0.966667,0
12,72,0.966667,0
12,73,0.966667,0
12,74,0.966667,0
12,75,0.966667,0
12,76,0.966667,0
12,77,0.966667,0
12,78,0.966667,0
12,79,0.966667,0
12,80,0.966667,0
12,81,0.966667,0
12,82,0.966667,0
12,83,0.966667,0
12,84,0.966667,0
12,85,0.966667,0
12,86,0.966667,0
12,87,0.966667,0
12,88,0.966667,0
12,89,0.966667,0
12,90,0.966667,0
12,91,0.966667,0
12,92,0.966667,0
12,93,0.966667,0
12,94,0.966667,0
12,95,0.966667,0
12,96,0.966667,0
12,97,0.933333,0
12,98,0.966667,0
12,99,0.966667,0
12,100,0.966667,0
12,101,0.933333,0
12,102,0.966667,0
12,103,0.966667,0
12,104,0.966667,0
12,105,0.966667,0
12,106,0.966667,0
12,107,0.966667,0
12,108,0.966667,0
12,109,0.966667,0
12,110,0.966667,0
12,111,0.966667,0
12,112,0.966667,0
12,113,0.966667,0
12,114,0.966667,0
12,115,0.966667,0
12,116,0.966667,0
12,117,0.966667,0
12,118,0.966667,0
12,119,0.966667,0
12,120,0.966667,0
12,121,0.966667,0
12,122,0.966667,0
12,123,0.966667,0
12,124,0.966667,0
12,125,0.966667,0
12,126,0.966667,0
12,127,0.966667,0
12,128,0.966667,0
12,129,0.966667,0
12,130,0.933333,0
12,131,0.966667,0
13,0,0,1
13,1,0.969231,0
13,2,0,1
13,3,0.969231,0
13,4,0,1
13,5,0.969231,0
13,6,0,1
13,7,0.969231,0
13,8,0.969231,0
13,9,0.969231,0
13,10,0.969231,0
13,11,0.969231,0
13,12,0.969231,0
13,13,0.938462,0
13,14,0.969231,0
13,15,0.969231,0
13,16,0.969231,0
13,17,0.969231,0
13,18,0.969231,0
13,19,0.969231,0
13,20,0.969231,0
13,21,0.969231,0
13,22,0.969231,0
13,23,0.969231,0
13,24,0.969231,0
13,25,0,1
13,26,0.969231,0
13,27,0.969231,0
13,28,0.969231,0
13,29,0.969231,0
13,30,0.969231,0
13,31,0.969231,0
13,32,0.969231,0
13,33,0.969231,0
13,34,0.969231,0
13,35,0.969231,0
13,36,0.969231,0
13,37,0.969231,0
13,38,0.969231,0
13,39,0.969231,0
13,40,0.969231,0
13,41,0.969231,0
13,42,0.969231,0
13,43,0.969231,0
13,44,0.969231,0
13,45,0.969231,0
13,46,0.938462,0
13,47,0.969231,0
13,48,0.969231,0
13,49,0.969231,0
13,50,0.969231,0
13,51,0.969231,0
13,52,0.969231,0
13,53,0.969231,0
13,54,0.969231,0
13,55,0.969231,0
13,56,0.969231,0
13,57,0.969231,0
13,58,0.969231,0
13,59,0.969231,0
13,60,0.969231,0
13,61,0.969231,0
13,62,0.969231,0
13,63,0.969231,0
13,64,0.969231,0
13,65,0.969231,0
13,66,0.969231,0
13,67,0.969231,0
13,68,0.969231,0
13,69,0.969231,0
13,70,0.969231,0
13,71,0.969231,0
13,72,0.969231,0
13,73,0.969231,0
13,74,0.969231,0
13,75,0.969231,0
13,76,0.969231,0
13,77,0.969231,0
13,78,0.969231,0
13,79,0.969231,0
13,80,0.969231,0
13,81,0.969231,0
13,82,0.969231,0
13,83,0.969231,0
13,84,0.969231,0
13,85,0.969231,0
13,86,0.969231,0
13,87,0.969231,0
13,88,0.969231,0
13,89,0.969231,0
13,90,0.969231,0
13,91,0.969231,0
13,92,0.969231,0
13,93,0.969231,0
13,94,0.969231,0
13,95,0.969231,0
13,96,0.969231,0
13,97,0.938462,0
13,98,0.969231,0
13,99,0.969231,0
13,100,0.969231,0
13,101,0.938462,0
13,102,0.969231,0
13,103,0.969231,0
13,104,0.969231,0
13,105,0.969231,0
13,106,0.969231,0
13,107,0.969231,0
13,108,0.969231,0
13,109,0.969231,0
13,110,0.969231,0
13,111,0.969231,0
13,112,0.969231,0
13,113,0.969231,0
13,114,0.969231,0
13,115,0.969231,0
13,116,0.969231,0
13,117,0.969231,0
13,118,0.969231,0
13,119,0.969231,0
13,120,0.969231,0
13,121,0.969231,0
13,122,0.969231,0
13,123,0.969231,0
13,124,0.969231,0
13,125,0.969231,0
13,126,0.969231,0
13,127,0.969231,0
13,128,0.969231,0
13,129,0.969231,0
13,130,0.938462,0
13,131,0.969231,0
14,0,0,1
14,1,0.971429,0
14,2,0,1
14,3,0.971429,0
14,4,0,1
14,5,0.971429,0
14,6,0,1
14,7,0.971429,0
14,8,0.971429,0
14,9,0.971429,0
14,10,0.971429,0
14,11,0.971429,0
14,12,0.971429,0
14,13,0.942857,0
14,14,0.971429,0
14,15,0.971429,0
14,16,0.971429,0
14,17,0.971429,0
14,18,0.971429,0
14,19,0.971429,0
14,20,0.971429,0
14,21,0.971429,0
14,22,0.971429,0
14,23,0.971429,0
14,24,0.971429,0
14,25,0,1
14,26,0.971429,0
14,27,0.971429,0
14,28,0.971429,0
14,29,0.971429,0
14,30,0.971429,0
14,31,0.971429,0
14,32,0.971429,0
14,33,0.971429,0
14,34,0.971429,0
14,35,0.971429,0
14,36,0.971429,0
14,37,0.971429,0
14,38,0.971429,0
14,39,0.971429,0
14,40,0.971429,0
14,41,0.971429,0
14,42,0.971429,0
14,43,0.971429,0
14,44,0.971429,0
14,45,0.971429,0
14,46,0.942857,0
14,47,0.971429,0
14,48,0.971429,0
14,49,0.971429,0
14,50,0.971429,0
14,51,0.971429,0
14,52,0.971429,0
14,53,0.971429,0
14,54,0.971429,0
14,55,0.971429,0
14,56,0.971429,0
14,57,0.971429,0
14,58,0.971429,0
14,59,0.971429,0
14,60,0.971429,0
14,61,0.971429,0
14,62,0.971429,0
14,63,0.971429,0
14,64,0.971429,0
14,65,0.971429,0
14,66,0.971429,0
14,67,0.971429,0
14,68,0.971429,0
14,69,0.971429,0
14,70,0.971429,0
14,71,0.971429,0
14,72,0.971429,0
14,73,0.971429,0
14,74,0.971429,0
14,75,0.971429,0
14,76,0.971429,0
14,77,0.971429,0
14,78,0.971429,0
14,79,0.971429,0
14,80,0.971429,0
14,81,0.971429,0
14,82,0.971429,0
14,83,0.971429,0
14,84,0.971429,0
14,85,0.971429,0
14,86,0.971429,0
14,87,0.971429,0
14,88,0.971429,0
14,89,0.971429,0
14,90,0.971429,0
14,91,0.971429,0
14,92,0.971429,0
14,93,0.971429,0
14,94,0.971429,0
14,95,0.971429,0
14,96,0.971429,0
14,97,0.942857,0
14,98,0.971429,0
14,99,0.971429,0
14,100,0.971429,0
14,101,0.942857,0
14,102,0.971429,0
14,103,0.971429,0
14,104,0.971429,0
14,105,0.971429,0
14,106,0.971429,0
14,107,0.971429,0
14,108,0.971429,0
14,109,0.971429,0
14,110,0.971429,0
14,111,0.971429,0
14,112,0.971429,0
14,113,0.971429,0
14,114,0.971429,0
14,115,0.971429,0
14,116,0.971429,0
14,117,0.971429,0
14,118,0.971429,0
14,119,0.971429,0
14,120,0.971429,0
14,121,0.971429,0
14,122,0.971429,0
14,123,0.971429,0
14,124,0.971429,0
14,125,0.971429,0
14,126,0.971429,0
14,127,0.971429,0
14,128,0.971429,0
14,129,0.971429,0
14,130,0.942857,0
14,131,0.971429,0
15,0,0,1
15,1,0.973333,0
15,2,0,1
15,3,0.973333,0
15,4,0,1
15,5,0.973333,0
15,6,0,1
15,7,0.973333,0
15,8,0.973333,0
15,9,0.973333,0
15,10,0.973333,0
15,11,0.973333,0
15,12,0.973333,0
15,13,0.946667,0
15,14,0.973333,0
15,15,0.973333,0
15,16,0.973333,0
15,17,0.973333,0
15,18,0.973333,0
15,19,0.973333,0
15,20,0.973333,0
15,21,0.973333,0
15,22,0.973333,0
15,23,0.973333,0
15,24,0.973333,0
15,25,0,1
15,26,0.973333,0
15,27,0.973333,0
15,28,0.973333,0
15,29,0.973333,0
15,30,0.973333,0
15,31,0.973333,0
15,32,0.973333,0
15,33,0.973333,0
15,34,0.973333,0
15,35,0.973333,0
15,36,0.973333,0
15,37,0.973333,0
15,38,0.973333,0
15,39,0.973333,0
15,40,0.973333,0
15,41,0.973333,0
15,42,0.973333,0
15,43,0.973333,0
15,44,0.973333,0
15,45,0.973333,0
15,46,0.946667,0
15,47,0.973333,0
15,48,0.973333,0
15,49,0.973333,0
15,50,0.973333,0
15,51,0.973333,0
15,52,0.973333,0
15,53,0.973333,0
15,54,0.973333,0
15,55,0.973333,0
15,56,0.973333,0
15,57,0.973333,0
15,58,0.973333,0
15,59,0.973333,0
15,60,0.973333,0
15,61,0.973333,0
15,62,0.973333,0
15,63,0.973333,0
15,64,0.973333,0
15,65,0.973333,0
15,66,0.973333,0
15,67,0.973333,0
15,68,0.973333,0
15,69,0.973333,0
15,70,0.973333,0
15,71,0.973333,0
15,72,0.973333,0
15,73,0.973333,0
15,74,0.973333,0
15,75,0.973333,0
15,76,0.973333,0
15,77,0.973333,0
15,78,0.973333,0
15,79,0.973333,0
15,80,0.973333,0
15,81,0.973333,0
15,82,0.973333,0
15,83,0.973333,0
15,84,0.973333,0
15,85,0.973333,0
15,86,0.973333,0
15,87,0.973333,0
15,88,0.973333,0
15,89,0.973333,0
15,90,0.973333,0
15,91,0.973333,0
15,92,0.973333,0
15,93,0.973333,0
15,94,0.973333,0
15,95,0.973333,0
15,96,0.973333,0
15,97,0.946667,0
15,98,0.973333,0
15,99,0.973333,0
15,100,0.973333,0
15,101,0.946667,0
15,102,0.973333,0
15,103,0.973333,0
15,104,0.973333,0
15,105,0.973333,0
15,106,0.973333,0
15,107,0.973333,0
15,108,0.973333,0
15,109,0.973333,0
15,110,0.973333,0
15,111,0.973333,0
15,112,0.973333,0
15,113,0.973333,0
15,114,0.973333,0
15,115,0.973333,0
15,116,0.973333,0
15,117,0.973333,0
15,118,0.973333,0
15,119,0.973333,0
15,120,0.973333,0
15,121,0.973333,0
15,122,0.973333,0
15,123,0.973333,0
15,124,0.973333,0
15,125,0.973333,0
15,126,0.973333,0
15,127,0.973333,0
15,128,0.973333,0
15,129,0.973333,0
15,130,0.946667,0
15,131,0.973333,0
16,0,0,1
16,1,0.975,0
16,2,0,1
16,3,0.975,0
16,4,0,1
16,5,0.975,0
16,6,0,1
16,7,0.975,0
16,8,0.975,0
16,9,0.975,0
16,10,0.975,0
16,11,0.975,0
16,12,0.975,0
16,13,0.95,0
16,14,0.975,0
16,15,0.975,0
16,16,0.975,0
16,17,0.975,0
16,18,0.975,0
16,19,0.975,0
16,20,0.975,0
16,21,0.975,0
16,22,0.975,0
16,23,0.975,0
16,24,0.975,0
16,25,0,1
16,26,0.975,0
16,27,0.975,0
16,28,0.975,0
16,29,0.975,0
16,30,0.975,0
16,31,0.975,0
16,32,0.975,0
16,33,0.975,0
16,34,0.975,0
16,35,0.975,0
16,36,0.975,0
16,37,0.975,0
16,38,0.975,0
16,39,0.975,0
16,40,0.975,0
16,41,0.975,0
16,42,0.975,0
16,43,0.975,0
16,44,0.975,0
16,45,0.975,0
16,46,0.95,0
16,47,0.975,0
16,48,0.975,0
16,49,0.975,0
16,50,0.975,0
16,51,0.975,0
16,52,0.975,0
16,53,0.975,0
16,54,0.975,0
16,55,0.975,0
16,56,0.975,0
16,57,0.975,0
16,58,0.975,0
16,59,0.975,0
16,60,0.975,0
16,61,0.975,0
16,62,0.975,0
16,63,0.975,0
16,64,0.975,0
16,65,0.975,0
16,66,0.975,0
16,67,0.975,0
16,68,0.975,0
16,69,0.975,0
16,70,0.975,0
16,71,0.975,0
16,72,0.975,0
16,73,0.975,0
16,74,0.975,0
16,75,0.975,0
16,76,0.975,0
16,77,0.975,0
16,78,0.975,0
16,79,0.975,0
16,80,0.975,0
16,81,0.975,0
16,82,0.975,0
16,83,0.975,0
16,84,0.975,0
16,85,0.975,0
16,86,0.975,0
16,87,0.975,0
16,88,0.975,0
16,89,0.975,0
16,90,0.975,0
16,91,0.975,0
16,92,0.975,0
16,93,0.975,0
16,94,0.975,0
16,95,0.975,0
16,96,0.975,0
16,97,0.95,0
16,98,0.975,0
16,99,0.975,0
16,100,0.975,0
16,101,0.95,0
16,102,0.975,0
16,103,0.975,0
16,104,0.975,0
16,105,0.975,0
16,106,0.975,0
16,107,0.975,0
16,108,0.975,0
16,109,0.975,0
16,110,0.975,0
16,111,0.975,0
16,112,0.975,0
16,113,0.975,0
16,114,0.975,0
16,115,0.975,0
16,116,0.975,0
16,117,0.975,0
16,118,0.975,0
16,119,0.975,0
16,120,0.975,0
16,121,0.975,0
16,122,0.975,0
16,123,0.975,0
16,124,0.975,0
16,125,0.975,0
16,126,0.975,0
16,127,0.975,0
16,128,0.975,0
16,129,0.975,0
16,130,0.95,0
16,131,0.975,0
17,0,0,1
17,1,0.976471,0
17,2,0,1
17,3,0.976471,0
17,4,0,1
17,5,0.976471,0
17,6,0,1
17,7,0.976471,0
17,8,0.976471,0
17,9,0.976471,0
17,10,0.976471,0
17,11,0.976471,0
17,12,0.976471,0
17,13,0.952941,0
17,14,0.976471,0
17,15,0.976471,0
17,16,0.976471,0
17,17,0.976471,0
17,18,0.976471,0
17,19,0.976471,0
17,20,0.976471,0
17,21,0.976471,0
17,22,0.976471,0
17,23,0.976471,0
17,24,0.976471,0
17,25,0,1
17,26,0.976471,0
17,27,0.976471,0
17,28,0.976471,0
17,29,0.976471,0
17,30,0.976471,0
17,31,0.976471,0
17,32,0.976471,0
17,33,0.976471,0
17,34,0.976471,0
17,35,0.976471,0
17,36,0.976471,0
17,37,0.976471,0
17,38,0.976471,0
17,39,0.976471,0
17,40,0.976471,0
17,41,0.976471,0
17,42,0.976471,0
17,43,0.976471,0
17,44,0.976471,0
17,45,0.976471,0
17,46,0.952941,0
17,47,0.976471,0
17,48,0.976471,0
17,49,0.976471,0
17,50,0.976471,0
17,51,0.976471,0
17,52,0.976471,0
17,53,0.976471,0
17,54,0.976471,0
17,55,0.976471,0
17,56,0.976471,0
17,57,0.976471,0
17,58,0.976471,0
17,59,0.976471,0
17,60,0.976471,0
17,61,0.976471,0
17,62,0.976471,0
17,63,0.976471,0
17,64,0.976471,0
17,65,0.976471,0
17,66,0.976471,0
17,67,0.976471,0
17,68,0.976471,0
17,69,0.976471,0
17,70,0.976471,0
17,71,0.976471,0
17,72,0.976471,0
17,73,0.976471,0
17,74,0.976471,0
17,75,0.976471,0
17,76,0.976471,0
17,77,0.976471,0
17,78,0.976471,0
17,79,0.976471,0
17,80,0.976471,0
17,81,0.976471,0
17,82,0.976471,0
17,83,0.976471,0
17,84,0.976471,0
17,85,0.976471,0
17,86,0.976471,0
17,87,0.976471,0
17,88,0.976471,0
17,89,0.976471,0
17,90,0.976471,0
17,91,0.976471,0
17,92,0.976471,0
17,93,0.976471,0
17,94,0.976471,0
17,95,0.976471,0
17,96,0.976471,0
17,97,0.952941,0
17,98,0.976471,0
17,99,0.976471,0
17,100,0.976471,0
17,101,0.952941,0
17,102,0.976471,0
17,103,0.976471,0
17,104,0.976471,0
17,105,0.976471,0
17,106,0.976471,0
17,107,0.976471,0
17,108,0.976471,0
17,109,0.976471,0
17,110,0.976471,0
17,111,0.976471,0
17,112,0.976471,0
17,113,0.976471,0
17,114,0.976471,0
17,115,0.976471,0
17,116,0.976471,0
17,117,0.976471,0
17,118,0.976471,0
17,119,0.976471,0
17,120,0.976471,0
17,121,0.976471,0
17,122,0.976471,0
17,123,0.976471,0
17,124,0.976471,0
17,125,0.976471,0
17,126,0.976471,0
17,127,0.976471,0
17,128,0.976471,0
17,129,0.976471,0
17,130,0.952941,0
17,131,0.976471,0
18,0,0,1
18,1,0.977778,0
18,2,0,1
18,3,0.977778,0
18,4,0,1
18,5,0.977778,0
18,6,0,1
18,7,0.977778,0
18,8,0.977778,0
18,9,0.977778,0
18,10,0.977778,0
18,11,0.977778,0
18,12,0.977778,0
18,13,0.955556,0
18,14,0.977778,0
18,15,0.977778,0
18,16,0.977778,0
18,17,0.977778,0
18,18,0.977778,0
18,19,0.977778,0
18,20,0.977778,0
18,21,0.977778,0
18,22,0.977778,0
18,23,0.977778,0
18,24,0.977778,0
18,25,0,1
18,26,0.977778,0
18,27,0.977778,0
18,28,0.977778,0
18,29,0.977778,0
18,30,0.977778,0
18,31,0.977778,0
18,32,0.977778,0
18,33,0.977778,0
18,34,0.977778,0
18,35,0.977778,0
18,36,0.977778,0
18,37,0.977778,0
18,38,0.977778,0
18,39,0.977778,0
18,40,0.977778,0
18,41,0.977778,0
18,42,0.977778,0
18,43,0.977778,0
18,44,0.977778,0
18,45,0.977778,0
18,46,0.955556,0
18,47,0.977778,0
18,48,0.977778,0
18,49,0.977778,0
18,50,0.977778,0
18,51,0.977778,0
18,52,0.977778,0
18,53,0.977778,0
18,54,0.977778,0
18,55,0.977778,0
18,56,0.977778,0
18,57,0.977778,0
18,58,0.977778,0
18,59,0.977778,0
18,60,0.977778,0
18,61,0.977778,0
18,62,0.977778,0
18,63,0.977778,0
18,64,0.977778,0
18,65,0.977778,0
18,66,0.977778,0
18,67,0.977778,0
18,68,0.977778,0
18,69,0.977778,0
18,70,0.977778,0
18,71,0.977778,0
18,72,0.977778,0
18,73,0.977778,0
18,74,0.977778,0
18,75,0.977778,0
18,76,0.977778,0
18,77,0.977778,0
18,78,0.977778,0
18,79,0.977778,0
18,80,0.977778,0
18,81,0.977778,0
18,82,0.977778,0
18,83,0.977778,0
18,84,0.977778,0
18,85,0.977778,0
18,86,0.977778,0
18,87,0.977778,0
18,88,0.977778,0
18,89,0.977778,0
18,90,0.977778,0
18,91,0.977778,0
18,92,0.977778,0
18,93,0.977778,0
18,94,0.977778,0
18,95,0.977778,0
18,96,0.977778,0
18,97,0.955556,0
18,98,0.977778,0
18,99,0.977778,0
18,100,0.977778,0
18,101,0.955556,0
18,102,0.977778,0
18,103,0.977778,0
18,104,0.977778,0
18,105,0.977778,0
18,106,0.977778,0
18,107,0.977778,0
18,108,0.977778,0
18,109,0.977778,0
18,110,0.977778,0
18,111,0.977778,0
18,112,0.977778,0
18,113,0.977778,0
18,114,0.977778,0
18,115,0.977778,0
18,116,0.977778,0
18,117,0.977778,0
18,118,0.977778,0
18,119,0.977778,0
18,120,0.977778,0
18,121,0.977778,0
18,122,0.977778,0
18,123,0.977778,0
18,124,0.977778,0
18,125,0.977778,0
18,126,0.977778,0
18,127,0.977778,0
18,128,0.977778,0
18,129,0.977778,0
18,130,0.955556,0
18,131,0.977778,0
19,0,0,1
19,1,0.978947,0
19,2,0,1
19,3,0.978947,0
19,4,0,1
19,5,0.978947,0
19,6,0,1
19,7,0.978947,0
19,8,0.978947,0
19,9,0.978947,0
19,10,0.978947,0
19,11,0.978947,0
19,12,0.978947,0
19,13,0.957895,0
19,14,0.978947,0
19,15,0.978947,0
19,16,0.978947,0
19,17,0.978947,0
19,18,0.978947,0
19,19,0.978947,0
19,20,0.978947,0
19,21,0.978947,0
19,22,0.978947,0
19,23,0.978947,0
19,24,0.978947,0
19,25,0,1
19,26,0.978947,0
19,27,0.978947,0
19,28,0.978947,0
19,29,0.978947,0
19,30,0.978947,0
19,31,0.978947,0
19,32,0.978947,0
19,33,0.978947,0
19,34,0.978947,0
19,35,0.978947,0
19,36,0.978947,0
19,37,0.978947,0
19,38,0.978947,0
19,39,0.978947,0
19,40,0.978947,0
19,41,0.978947,0
19,42,0.978947,0
19,43,0.978947,0
19,44,0.978947,0
19,45,0.978947,0
19,46,0.957895,0
19,47,0.978947,0
19,48,0.978947,0
19,49,0.978947,0
19,50,0.978947,0
19,51,0.978947,0
19,52,0.978947,0
19,53,0.978947,0
19,54,0.978947,0
19,55,0.978947,0
19,56,0.978947,0
19,57,0.978947,0
19,58,0.978947,0
19,59,0.978947,0
19,60,0.978947,0
19,61,0.978947,0
19,62,0.978947,0
19,63,0.978947,0
19,64,0.978947,0
19,65,0.978947,0
19,66,0.978947,0
19,67,0.978947,0
19,68,0.978947,0
19,69,0.978947,0
19,70,0.978947,0
19,71,0.978947,0
19,72,0.978947,0
19,73,0.978947,0
19,74,0.978947,0
19,75,0.978947,0
19,76,0.978947,0
19,77,0.978947,0
19,78,0.978947,0
19,79,0.978947,0
19,80,0.978947,0
19,81,0.978947,0
19,82,0.978947,0
19,83,0.978947,0
19,84,0.978947,0
19,85,0.978947,0
19,86,0.978947,0
19,87,0.978947,0
19,88,0.978947,0
19,89,0.978947,0
19,90,0.978947,0
19,91,0.978947,0
19,92,0.978947,0
19,93,0.978947,0
19,94,0.978947,0
19,95,0.978947,0
19,96,0.978947,0
19,97,0.957895,0
19,98,0.978947,0
19,99,0.978947,0
19,100,0.978947,0
19,101,0.957895,0
19,102,0.978947,0
19,103,0.978947,0
19,104,0.978947,0
19,105,0.978947,0
19,106,0.978947,0
19,107,0.978947,0
19,108,0.978947,0
19,109,0.978947,0
19,110,0.978947,0
19,111,0.978947,0
19,112,0.978947,0
19,113,0.978947,0
19,114,0.978947,0
19,115,0.978947,0
19,116,0.978947,0
19,117,0.978947,0
19,118,0.978947,0
19,119,0.978947,0
19,120,0.978947,0
19,121,0.978947,0
19,122,0.978947,0
19,123,0.978947,0
19,124,0.978947,0
19,125,0.978947,0
19,126,0.978947,0
19,127,0.978947,0
19,128,0.978947,0
19,129,0.978947,0
19,130,0.957895,0
19,131,0.978947,0
20,0,0,1
20,1,0.98,0
20,2,0,1
20,3,0.98,0
20,4,0,1
20,5,0.98,0
20,6,0,1
20,7,0.98,0
20,8,0.98,0
20,9,0.98,0
20,10,0.98,0
20,11,0.98,0
20,12,0.98,0
20,13,0.96,0
20,14,0.98,0
20,15,0.98,0
20,16,0.98,0
20,17,0.98,0
20,18,0.98,0
20,19,0.98,0
20,20,0.98,0
20,21,0.98,0
20,22,0.98,0
20,23,0.98,0
20,24,0.98,0
20,25,0,1
20,26,0.98,0
20,27,0.98,0
20,28,0.98,0
20,29,0.98,0
20,30,0.98,0
20,31,0.98,0
20,32,0.98,0
20,33,0.98,0
20,34,0.98,0
20,35,0.98,0
20,36,0.98,0
20,37,0.98,0
20,38,0.98,0
20,39,0.98,0
20,40,0.98,0
20,41,0.98,0
20,42,0.98,0
20,43,0.98,0
20,44,0.98,0
20,45,0.98,0
20,46,0.96,0
20,47,0.98,0
20,48,0.98,0
20,49,0.98,0
20,50,0.98,0
20,51,0.98,0
20,52,0.98,0
20,53,0.98,0
20,54,0.98,0
20,55,0.98,0
20,56,0.98,0
20,57,0.98,0
20,58,0.98,0
20,59,0.98,0
20,60,0.98,0
20,61,0.98,0
20,62,0.98,0
20,63,0.98,0
20,64,0.98,0
20,65,0.98,0
20,66,0.98,0
20,67,0.98,0
20,68,0.98,0
20,69,0.98,0
20,70,0.98,0
20,71,0.98,0
20,72,0.98,0
20,73,0.98,0
20,74,0.98,0
20,75,0.98,0
20,76,0.98,0
20,77,0.98,0
20,78,0.98,0
20,79,0.98,0
20,80,0.98,0
20,81,0.98,0
20,82,0.98,0
20,83,0.98,0
20,84,0.98,0
20,85,0.98,0
20,86,0.98,0
20,87,0.98,0
20,88,0.98,0
20,89,0.98,0
20,90,0.98,0
20,91,0.98,0
20,92,0.98,0
20,93,0.98,0
20,94,0.98,0
20,95,0.98,0
20,96,0.98,0
20,97,0.96,0
20,98,0.98,0
20,99,0.98,0
20,100,0.98,0
20,101,0.96,0
20,102,0.98,0
20,103,0.98,0
20,104,0.98,0
20,105,0.98,0
20,106,0.98,0
20,107,0.98,0
20,108,0.98,0
20,109,0.98,0
20,110,0.98,0
20,111,0.98,0
20,112,0.98,0
20,113,0.98,0
20,114,0.98,0
20,115,0.98,0
20,116,0.98,0
20,117,0.98,0
20,118,0.98,0
20,119,0.98,0
20,120,0.98,0
20,121,0.98,0
20,122,0.98,0
20,123,0.98,0
20,124,0.98,0
20,125,0.98,0
20,126,0.98,0
20,127,0.98,0
20,128,0.98,0
20,129,0.98,0
20,130,0.96,0
20,131,0.98,0
21,0,0,1
21,1,0.980952,0
21,2,0,1
21,3,0.980952,0
21,4,0,1
21,5,0.980952,0
21,6,0,1
21,7,0.980952,0
21,8,0.980952,0
21,9,0.980952,0
21,10,0.980952,0
21,11,0.980952,0
21,12,0.980952,0
21,13,0.961905,0
21,14,0.980952,0
21,15,0.980952,0
21,16,0.980952,0
21,17,0.980952,0
21,18,0.980952,0
21,19,0.980952,0
21,20,0.980952,0
21,21,0.980952,0
21,22,0.980952,0
21,23,0.980952,0
21,24,0.980952,0
21,25,0,1
21,26,0.980952,0
21,27,0.980952,0
21,28,0.980952,0
21,29,0.980952,0
21,30,0.980952,0
21,31,0.980952,0
21,32,0.980952,0
21,33,0.980952,0
21,34,0.980952,0
21,35,0.980952,0
21,36,0.980952,0
21,37,0.980952,0
21,38,0.980952,0
21,39,0.980952,0
21,40,0.980952,0
21,41,0.980952,0
21,42,0.980952,0
21,43,0.980952,0
21,44,0.980952,0
21,45,0.980952,0
21,46,0.961905,0
21,47,0.980952,0
21,48,0.980952,0
21,49,0.980952,0
21,50,0.980952,0
21,51,0.980952,0
21,52,0.980952,0
21,53,0.980952,0
21,54,0.980952,0
21,55,0.980952,0
21,56,0.980952,0
21,57,0.980952,0
21,58,0.980952,0
21,59,0.980952,0
21,60,0.980952,0
21,61,0.980952,0
21,62,0.980952,0
21,63,0.980952,0
21,64,0.980952,0
21,65,0.980952,0
21,66,0.980952,0
21,67,0.980952,0
21,68,0.980952,0
21,69,0.980952,0
21,70,0.980952,0
21,71,0.980952,0
21,72,0.980952,0
21,73,0.980952,0
21,74,0.980952,0
21,75,0.980952,0
21,76,0.980952,0
21,77,0.980952,0
21,78,0.980952,0
21,79,0.980952,0
21,80,0.980952,0
21,81,0.980952,0
21,82,0.980952,0
21,83,0.980952,0
21,84,0.980952,0
21,85,0.980952,0
21,86,0.980952,0
21,87,0.980952,0
21,88,0.980952,0
21,89,0.980952,0
21,90,0.980952,0
21,91,0.980952,0
21,92,0.980952,0
21,93,0.980952,0
21,94,0.980952,0
21,95,0.980952,0
21,96,0.980952,0
21,97,0.961905,0
21,98,0.980952,0
21,99,0.980952,0
21,100,0.980952,0
21,101,0.961905,0
21,102,0.980952,0
21,103,0.980952,0
21,104,0.980952,0
21,105,0.980952,0
21,106,0.980952,0
21,107,0.980952,0
21,108,0.980952,0
21,109,0.980952,0
21,110,0.980952,0
21,111,0.980952,0
21,112,0.980952,0
21,113,0.980952,0
21,114,0.980952,0
21,115,0.980952,0
21,116,0.980952,0
21,117,0.980952,0
21,118,0.980952,0
21,119,0.980952,0
21,120,0.980952,0
21,121,0.980952,0
21,122,0.980952,0
21,123,0.980952,0
21,124,0.980952,0
21,125,0.980952,0
21,126,0.980952,0
21,127,0.980952,0
21,128,0.980952,0
21,129,0.980952,0
21,130,0.961905,0
21,131,0.980952,0
22,0,0,1
22,1,0.981818,0
22,2,0,1
22,3,0.981818,0
22,4,0,1
22,5,0.981818,0
22,6,0,1
22,7,0.981818,0
22,8,0.981818,0
22,9,0.981818,0
22,10,0.981818,0
22,11,0.981818,0
22,12,0.981818,0
22,13,0.963636,0
22,14,0.981818,0
22,15,0.981818,0
22,16,0.981818,0
22,17,0.981818,0
22,18,0.981818,0
22,19,0.981818,0
22,20,0.981818,0
22,21,0.981818,0
22,22,0.981818,0
22,23,0.981818,0
22,24,0.981818,0
22,25,0,1
22,26,0.981818,0
22,27,0.981818,0
22,28,0.981818,0
22,29,0.981818,0
22,30,0.981818,0
22,31,0.981818,0
22,32,0.981818,0
22,33,0.981818,0
22,34,0.981818,0
22,35,0.981818,0
22,36,0.981818,0
22,37,0.981818,0
22,38,0.981818,0
22,39,0.981818,0
22,40,0.981818,0
22,41,0.981818,0
22,42,0.981818,0
22,43,0.981818,0
22,44,0.981818,0
22,45,0.981818,0
22,46,0.963636,0
22,47,0.981818,0
22,48,0.981818,0
22,49,0.981818,0
22,50,0.981818,0
22,51,0.981818,0
22,52,0.981818,0
22,53,0.981818,0
22,54,0.981818,0
22,55,0.981818,0
22,56,0.981818,0
22,57,0.981818,0
22,58,0.981818,0
22,59,0.981818,0
22,60,0.981818,0
22,61,0.981818,0
22,62,0.981818,0
22,63,0.981818,0
22,64,0.981818,0
22,65,0.981818,0
22,66,0.981818,0
22,67,0.981818,0
22,68,0.981818,0
22,69,0.981818,0
22,70,0.981818,0
22,71,0.981818,0
22,72,0.981818,0
22,73,0.981818,0
22,74,0.981818,0
22,75,0.981818,0
22,76,0.981818,0
22,77,0.981818,0
22,78,0.981818,0
22,79,0.981818,0
22,80,0.981818,0
22,81,0.981818,0
22,82,0.981818,0
22,83,0.981818,0
22,84,0.981818,0
22,85,0.981818,0
22,86,0.981818,0
22,87,0.981818,0
22,88,0.981818,0
22,89,0.981818,0
22,90,0.981818,0
22,91,0.981818,0
22,92,0.981818,0
22,93,0.981818,0
22,94,0.981818,0
22,95,0.981818,0
22,96,0.981818,0
22,97,0.963636,0
22,98,0.981818,0
22,99,0.981818,0
22,100,0.981818,0
22,101,0.963636,0
22,102,0.981818,0
22,103,0.981818,0
22,104,0.981818,0
22,105,0.981818,0
22,106,0.981818,0
22,107,0.981818,0
22,108,0.981818,0
22,109,0.981818,0
22,110,0.981818,0
22,111,0.981818,0
22,112,0.981818,0
22,113,0.981818,0
22,114,0.981818,0
22,115,0.981818,0
22,116,0.981818,0
22,117,0.981818,0
22,118,0.981818,0
22,119,0.981818,0
22,120,0.981818,0
22,121,0.981818,0
22,122,0.981818,0
22,123,0.981818,0
22,124,0.981818,0
22,125,0.981818,0
22,126,0.981818,0
22,127,0.981818,0
22,128,0.981818,0
22,129,0.981818,0
22,130,0.963636,0
22,131,0.981818,0
23,0,0,1
23,1,0.982609,0
23,2,0,1
23,3,0.982609,0
23,4,0,1
23,5,0.982609,0
23,6,0,1
23,7,0.982609,0
23,8,0.982609,0
23,9,0.982609,0
23,10,0.982609,0
23,11,0.982609,0
23,12,0.982609,0
23,13,0.965217,0
23,14,0.982609,0
23,15,0.982609,0
23,16,0.982609,0
23,17,0.982609,0
23,18,0.982609,0
23,19,0.982609,0
23,20,0.982609,0
23,21,0.982609,0
23,22,0.982609,0
23,23,0.982609,0
23,24,0.982609,0
23,25,0,1
23,26,0.982609,0
23,27,0.982609,0
23,28,0.982609,0
23,29,0.982609,0
23,30,0.982609,0
23,31,0.982609,0
23,32,0.982609,0
23,33,0.982609,0
23,34,0.982609,0
23,35,0.982609,0
23,36,0.982609,0
23,37,0.982609,0
23,38,0.982609,0
23,39,0.982609,0
23,40,0.982609,0
23,41,0.982609,0
23,42,0.982609,0
23,43,0.982609,0
23,44,0.982609,0
23,45,0.982609,0
23,46,0.965217,0
23,47,0.982609,0
23,48,0.982609,0
23,49,0.982609,0
23,50,0.982609,0
23,51,0.982609,0
23,52,0.982609,0
23,53,0.982609,0
23,54,0.982609,0
23,55,0.982609,0
23,56,0.982609,0
23,57,0.982609,0
23,58,0.982609,0
23,59,0.982609,0
23,60,0.982609,0
23,61,0.982609,0
23,62,0.982609,0
23,63,0.982609,0
23,64,0.982609,0
23,65,0.982609,0
23,66,0.982609,0
23,67,0.982609,0
23,68,0.982609,0
23,69,0.982609,0
23,70,0.982609,0
23,71,0.982609,0
23,72,0.982609,0
23,73,0.982609,0
23,74,0.982609,0
23,75,0.982609,0
23,76,0.982609,0
23,77,0.982609,0
23,78,0.982609,0
23,79,0.982609,0
23,80,0.982609,0
23,81,0.982609,0
23,82,0.982609,0
23,83,0.982609,0
23,84,0.982609,0
23,85,0.982609,0
23,86,0.982609,0
23,87,0.982609,0
23,88,0.982609,0
23,89,0.982609,0
23,90,0.982609,0
23,91,0.982609,0
23,92,0.982609,0
23,93,0.982609,0
23,94,0.982609,0
23,95,0.982609,0
23,96,0.982609,0
23,97,0.965217,0
23,98,0.982609,0
23,99,0.982609,0
23,100,0.982609,0
23,101,0.965217,0
23,102,0.982609,0
23,103,0.982609,0
23,104,0.982609,0
23,105,0.982609,0
23,106,0.982609,0
23,107,0.982609,0
23,108,0.982609,0
23,109,0.982609,0
23,110,0.982609,0
23,111,0.982609,0
23,112,0.982609,0
23,113,0.982609,0
23,114,0.982609,0
23,115,0.982609,0
23,116,0.982609,0
23,117,0.982609,0
23,118,0.982609,0
23,119,0.982609,0
23,120,0.982609,0
23,121,0.982609,0
23,122,0.982609,0
23,123,0.982609,0
23,124,0.982609,0
23,125,0.982609,0
23,126,0.982609,0
23,127,0.982609,0
23,128,0.982609,0
23,129,0.982609,0
23,130,0.965217,0
23,131,0.982609,0
24,0,0,1
24,1,0.983333,0
24,2,0,1
24,3,0.983333,0
24,4,0,1
24,5,0.983333,0
24,6,0,1
24,7,0.983333,0
24,8,0.983333,0
24,9,0.983333,0
24,10,0.983333,0
24,11,0.983333,0
24,12,0.983333,0
24,13,0.966667,0
24,14,0.983333,0
24,15,0.983333,0
24,16,0.983333,0
24,17,0.983333,0
24,18,0.983333,0
24,19,0.983333,0
24,20,0.983333,0
24,21,0.983333,0
24,22,0.983333,0
24,23,0.983333,0
24,24,0.983333,0
24,25,0,1
24,26,0.983333,0
24,27,0.983333,0
24,28,0.983333,0
24,29,0.983333,0
24,30,0.983333,0
24,31,0.983333,0
24,32,0.983333,0
24,33,0.983333,0
24,34,0.983333,0
24,35,0.983333,0
24,36,0.983333,0
24,37,0.983333,0
24,38,0.983333,0
24,39,0.983333,0
24,40,0.983333,0
24,41,0.983333,0
24,42,0.983333,0
24,43,0.983333,0
24,44,0.983333,0
24,45,0.983333,0
24,46,0.966667,0
24,47,0.983333,0
24,48,0.983333,0
24,49,0.983333,0
24,50,0.983333,0
24,51,0.983333,0
24,52,0.983333,0
24,53,0.983333,0
24,54,0.983333,0
24,55,0.983333,0
24,56,0.983333,0
24,57,0.983333,0
24,58,0.983333,0
24,59,0.983333,0
24,60,0.983333,0
24,61,0.983333,0
24,62,0.983333,0
24,63,0.983333,0
24,64,0.983333,0
24,65,0.983333,0
24,66,0.983333,0
24,67,0.983333,0
24,68,0.983333,0
24,69,0.983333,0
24,70,0.983333,0
24,71,0.983333,0
24,72,0.983333,0
24,73,0.983333,0
24,74,0.983333,0
24,75,0.983333,0
24,76,0.983333,0
24,77,0.983333,0
24,78,0.983333,0
24,79,0.983333,0
24,80,0.983333,0
24,81,0.983333,0
24,82,0.983333,0
24,83,0.983333,0
24,84,0.983333,0
24,85,0.983333,0
24,86,0.983333,0
24,87,0.983333,0
24,88,0.983333,0
24,89,0.983333,0
24,90,0.983333,0
24,91,0.983333,0
24,92,0.983333,0
24,93,0.983333,0
24,94,0.983333,0
24,95,0.983333,0
24,96,0.983333,0
24,97,0.966667,0
24,98,0.983333,0
24,99,0.983333,0
24,100,0.983333,0
24,101,0.966667,0
24,102,0.983333,0
24,103,0.983333,0
24,104,0.983333,0
24,105,0.983333,0
24,106,0.983333,0
24,107,0.983333,0
24,108,0.983333,0
24,109,0.983333,0
24,110,0.983333,0
24,111,0.983333,0
24,112,0.983333,0
24,113,0.983333,0
24,114,0.983333,0
24,115,0.983333,0
24,116,0.983333,0
24,117,0.983333,0
24,118,0.983333,0
24,119,0.983333,0
24,120,0.983333,0
24,121,0.983333,0
24,122,0.983333,0
24,123,0.983333,0
24,124,0.983333,0
24,125,0.983333,0
24,126,0.983333,0
24,127,0.983333,0
24,128,0.983333,0
24,129,0.983333,0
24,130,0.966667,0
24,131,0.983333,0
25,0,0,1
25,1,0.984,0
25,2,0,1
25,3,0.984,0
25,4,0,1
25,5,0.984,0
25,6,0,1
25,7,0.984,0
25,8,0.984,0
25,9,0.984,0
25,10,0.984,0
25,11,0.984,0
25,12,0.984,0
25,13,0.968,0
25,14,0.984,0
25,15,0.984,0
25,16,0.984,0
25,17,0.984,0
25,18,0.984,0
25,19,0.984,0
25,20,0.984,0
25,21,0.984,0
25,22,0.984,0
25,23,0.984,0
25,24,0.984,0
25,25,0,1
25,26,0.984,0
25,27,0.984,0
25,28,0.984,0
25,29,0.984,0
25,30,0.984,0
25,31,0.984,0
25,32,0.984,0
25,33,0.984,0
25,34,0.984,0
25,35,0.984,0
25,36,0.984,0
25,37,0.984,0
25,38,0.984,0
25,39,0.984,0
25,40,0.984,0
25,41,0.984,0
25,42,0.984,0
25,43,0.984,0
25,44,0.984,0
25,45,0.984,0
25,46,0.968,0
25,47,0.984,0
25,48,0.984,0
25,49,0.984,0
25,50,0.984,0
25,51,0.984,0
25,52,0.984,0
25,53,0.984,0
25,54,0.984,0
25,55,0.984,0
25,56,0.984,0
25,57,0.984,0
25,58,0.984,0
25,59,0.984,0
25,60,0.984,0
25,61,0.984,0
25,62,0.984,0
25,63,0.984,0
25,64,0.984,0
25,65,0.984,0
25,66,0.984,0
25,67,0.984,0
25,68,0.984,0
25,69,0.984,0
25,70,0.984,0
25,71,0.984,0
25,72,0.984,0
25,73,0.984,0
25,74,0.984,0
25,75,0.984,0
25,76,0.984,0
25,77,0.984,0
25,78,0.984,0
25,79,0.984,0
25,80,0.984,0
25,81,0.984,0
25,82,0.984,0
25,83,0.984,0
25,84,0.984,0
25,85,0.984,0
25,86,0.984,0
25,87,0.984,0
25,88,0.984,0
25,89,0.984,0
25,90,0.984,0
25,91,0.984,0
25,92,0.984,0
25,93,0.984,0
25,94,0.984,0
25,95,0.984,0
25,96,0.984,0
25,97,0.968,0
25,98,0.984,0
25,99,0.984,0
25,100,0.984,0
25,101,0.968,0
25,102,0.984,0
25,103,0.984,0
25,104,0.984,0
25,105,0.984,0
25,106,0.984,0
25,107,0.984,0
25,108,0.984,0
25,109,0.984,0
25,110,0.984,0
25,111,0.984,0
25,112,0.984,0
25,113,0.984,0
25,114,0.984,0
25,115,0.984,0
25,116,0.984,0
25,117,0.984,0
25,118,0.984,0
25,119,0.984,0
25,120,0.984,0
25,121,0.984,0
25,122,0.984,0
25,123,0.984,0
25,124,0.984,0
25,125,0.984,0
25,126,0.984,0
25,127,0.984,0
25,128,0.984,0
25,129,0.984,0
25,130,0.968,0
25,131,0.984,0
26,0,0,1
26,1,0.984615,0
26,2,0,1
26,3,0.984615,0
26,4,0,1
26,5,0.984615,0
26,6,0,1
26,7,0.984615,0
26,8,0.984615,0
26,9,0.984615,0
26,10,0.984615,0
26,11,0.984615,0
26,12,0.984615,0
26,13,0.969231,0
26,14,0.984615,0
26,15,0.984615,0
26,16,0.984615,0
26,17,0.984615,0
26,18,0.984615,0
26,19,0.984615,0
26,20,0.984615,0
26,21,0.984615,0
26,22,0.984615,0
26,23,0.984615,0
26,24,0.984615,0
26,25,0,1
26,26,0.984615,0
26,27,0.984615,0
26,28,0.984615,0
26,29,0.984615,0
26,30,0.984615,0
26,31,0.984615,0
26,32,0.984615,0
26,33,0.984615,0
26,34,0.984615,0
26,35,0.984615,0
26,36,0.984615,0
26,37,0.984615,0
26,38,0.984615,0
26,39,0.984615,0
26,40,0.984615,0
26,41,0.984615,0
26,42,0.984615,0
26,43,0.984615,0
26,44,0.984615,0
26,45,0.984615,0
26,46,0.969231,0
26,47,0.984615,0
26,48,0.984615,0
26,49,0.984615,0
26,50,0.984615,0
26,51,0.984615,0
26,52,0.984615,0
26,53,0.984615,0
26,54,0.984615,0
26,55,0.984615,0
26,56,0.984615,0
26,57,0.984615,0
26,58,0.984615,0
26,59,0.984615,0
26,60,0.984615,0
26,61,0.984615,0
26,62,0.984615,0
26,63,0.984615,0
26,64,0.984615,0
26,65,0.984615,0
26,66,0.984615,0
26,67,0.984615,0
26,68,0.984615,0
26,69,0.984615,0
26,70,0.984615,0
26,71,0.984615,0
26,72,0.984615,0
26,73,0.984615,0
26,74,0.984615,0
26,75,0.984615,0
26,76,0.984615,0
26,77,0.984615,0
26,78,0.984615,0
26,79,0.984615,0
26,80,0.984615,0
26,81,0.984615,0
26,82,0.984615,0
26,83,0.984615,0
26,84,0.984615,0
26,85,0.984615,0
26,86,0.984615,0
26,87,0.984615,0
26,88,0.984615,0
26,89,0.984615,0
26,90,0.984615,0
26,91,0.984615,0
26,92,0.984615,0
26,93,0.984615,0
26,94,0.984615,0
26,95,0.984615,0
26,96,0.984615,0
26,97,0.969231,0
26,98,0.984615,0
26,99,0.984615,0
26,100,0.984615,0
26,101,0.969231,0
26,102,0.984615,0
26,103,0.984615,0
26,104,0.984615,0
26,105,0.984615,0
26,106,0.984615,0
26,107,0.984615,0
26,108,0.984615,0
26,109,0.984615,0
26,110,0.984615,0
26,111,0.984615,0
26,112,0.984615,0
26,113,0.984615,0
26,114,0.984615,0
26,115,0.984615,0
26,116,0.984615,0
26,117,0.984615,0
26,118,0.984615,0
26,119,0.984615,0
26,120,0.984615,0
26,121,0.984615,0
26,122,0.984615,0
26,123,0.984615,0
26,124,0.984615,0
26,125,0.984615,0
26,126,0.984615,0
26,127,0.984615,0
26,128,0.984615,0
26,129,0.984615,0
26,130,0.969231,0
26,131,0.984615,0
27,0,0,1
27,1,0.985185,0
27,2,0,1
27,3,0.985185,0
27,4,0,1
27,5,0.985185,0
27,6,0,1
27,7,0.985185,0
27,8,0.985185,0
27,9,0.985185,0
27,10,0.985185,0
27,11,0.985185,0
27,12,0.985185,0
27,13,0.97037,0
27,14,0.985185,0
27,15,0.985185,0
27,16,0.985185,0
27,17,0.985185,0
27,18,0.985185,0
27,19,0.985185,0
27,20,0.985185,0
27,21,0.985185,0
27,22,0.985185,0
27,23,0.985185,0
27,24,0.985185,0
27,25,0,1
27,26,0.985185,0
27,27,0.985185,0
27,28,0.985185,0
27,29,0.985185,0
27,30,0.985185,0
27,31,0.985185,0
27,32,0.985185,0
27,33,0.985185,0
27,34,0.985185,0
27,35,0.985185,0
27,36,0.985185,0
27,37,0.985185,0
27,38,0.985185,0
27,39,0.985185,0
27,40,0.985185,0
27,41,0.985185,0
27,42,0.985185,0
27,43,0.985185,0
27,44,0.985185,0
27,45,0.985185,0
27,46,0.97037,0
27,47,0.985185,0
27,48,0.985185,0
27,49,0.985185,0
27,50,0.985185,0
27,51,0.985185,0
27,52,0.985185,0
27,53,0.985185,0
27,54,0.985185,0
27,55,0.985185,0
27,56,0.985185,0
27,57,0.985185,0
27,58,0.985185,0
27,59,0.985185,0
27,60,0.985185,0
27,61,0.985185,0
27,62,0.985185,0
27,63,0.985185,0
27,64,0.985185,0
27,65,0.985185,0
27,66,0.985185,0
27,67,0.985185,0
27,68,0.985185,0
27,69,0.985185,0
27,70,0.985185,0
27,71,0.985185,0
27,72,0.985185,0
27,73,0.985185,0
27,74,0.985185,0
27,75,0.985185,0
27,76,0.985185,0
27,77,0.985185,0
27,78,0.985185,0
27,79,0.985185,0
27,80,0.985185,0
27,81,0.985185,0
27,82,0.985185,0
27,83,0.985185,0
27,84,0.985185,0
27,85,0.985185,0
27,86,0.985185,0
27,87,0.985185,0
27,88,0.985185,0
27,89,0.985185,0
27,90,0.985185,0
27,91,0.985185,0
27,92,0.985185,0
27,93,0.985185,0
27,94,0.985185,0
27,95,0.985185,0
27,96,0.985185,0
27,97,0.97037,0
27,98,0.985185,0
27,99,0.985185,0
27,100,0.985185,0
27,101,0.97037,0
27,102,0.985185,0
27,103,0.985185,0
27,104,0.985185,0
27,105,0.985185,0
27,106,0.985185,0
27,107,0.985185,0
27,108,0.985185,0
27,109,0.985185,0
27,110,0.985185,0
27,111,0.985185,0
27,112,0.985185,0
27,113,0.985185,0
27,114,0.985185,0
27,115,0.985185,0
27,116,0.985185,0
27,117,0.985185,0
27,118,0.985185,0
27,119,0.985185,0
27,120,0.985185,0
27,121,0.985185,0
27,122,0.985185,0
27,123,0.985185,0
27,124,0.985185,0
27,125,0.985185,0
27,126,0.985185,0
27,127,0.985185,0
27,128,0.985185,0
27,129,0.985185,0
27,130,0.97037,0
27,131,0.985185,0
28,0,0,1
28,1,0.985714,0
28,2,0,1
28,3,0.985714,0
28,4,0,1
28,5,0.985714,0
28,6,0,1
28,7,0.985714,0
28,8,0.985714,0
28,9,0.985714,0
28,10,0.985714,0
28,11,0.985714,0
28,12,0.985714,0
28,13,0.971429,0
28,14,0.985714,0
28,15,0.985714,0
28,16,0.985714,0
28,17,0.985714,0
28,18,0.985714,0
28,19,0.985714,0
28,20,0.985714,0
28,21,0.985714,0
28,22,0.985714,0
28,23,0.985714,0
28,24,0.985714,0
28,25,0,1
28,26,0.985714,0
28,27,0.985714,0
28,28,0.985714,0
28,29,0.985714,0
28,30,0.985714,0
28,31,0.985714,0
28,32,0.985714,0
28,33,0.985714,0
28,34,0.985714,0
28,35,0.985714,0
28,36,0.985714,0
28,37,0.985714,0
28,38,0.985714,0
28,39,0.985714,0
28,40,0.985714,0
28,41,0.985714,0
28,42,0.985714,0
28,43,0.985714,0
28,44,0.985714,0
28,45,0.985714,0
28,46,0.971429,0
28,47,0.985714,0
28,48,0.985714,0
28,49,0.985714,0
28,50,0.985714,0
28,51,0.985714,0
28,52,0.985714,0
28,53,0.985714,0
28,54,0.985714,0
28,55,0.985714,0
28,56,0.985714,0
28,57,0.985714,0
28,58,0.985714,0
28,59,0.985714,0
28,60,0.985714,0
28,61,0.985714,0
28,62,0.985714,0
28,63,0.985714,0
28,64,0.985714,0
28,65,0.985714,0
28,66,0.985714,0
28,67,0.985714,0
28,68,0.985714,0
28,69,0.985714,0
28,70,0.985714,0
28,71,0.985714,0
28,72,0.985714,0
28,73,0.985714,0
28,74,0.985714,0
28,75,0.985714,0
28,76,0.985714,0
28,77,0.985714,0
28,78,0.985714,0
28,79,0.985714,0
28,80,0.985714,0
28,81,0.985714,0
28,82,0.985714,0
28,83,0.985714,0
28,84,0.985714,0
28,85,0.985714,0
28,86,0.985714,0
28,87,0.985714,0
28,88,0.985714,0
28,89,0.985714,0
28,90,0.985714,0
28,91,0.985714,0
28,92,0.985714,0
28,93,0.985714,0
28,94,0.985714,0
28,95,0.985714,0
28,96,0.985714,0
28,97,0.971429,0
28,98,0.985714,0
28,99,0.985714,0
28,100,0.985714,0
28,101,0.971429,0
28,102,0.985714,0
28,103,0.985714,0
28,104,0.985714,0
28,105,0.985714,0
28,106,0.985714,0
28,107,0.985714,0
28,108,0.985714,0
28,109,0.985714,0
28,110,0.985714,0
28,111,0.985714,0
28,112,0.985714,0
28,113,0.985714,0
28,114,0.985714,0
28,115,0.985714,0
28,116,0.985714,0
28,117,0.985714,0
28,118,0.985714,0
28,119,0.985714,0
28,120,0.985714,0
28,121,0.985714,0
28,122,0.985714,0
28,123,0.985714,0
28,124,0.985714,0
28,125,0.985714,0
28,126,0.985714,0
28,127,0.985714,0
28,128,0.985714,0
28,129,0.985714,0
28,130,0.971429,0
28,131,0.985714,0
29,0,0,1
29,1,0.986207,0
29,2,0,1
29,3,0.986207,0
29,4,0,1
29,5,0.986207,0
29,6,0,1
29,7,0.986207,0
29,8,0.986207,0
29,9,0.986207,0
29,10,0.986207,0
29,11,0.986207,0
29,12,0.986207,0
29,13,0.972414,0
29,14,0.986207,0
29,15,0.986207,0
29,16,0.986207,0
29,17,0.986207,0
29,18,0.986207,0
29,19,0.986207,0
29,20,0.986207,0
29,21,0.986207,0
29,22,0.986207,0
29,23,0.986207,0
29,24,0.986207,0
29,25,0,1
29,26,0.986207,0
29,27,0.986207,0
29,28,0.986207,0
29,29,0.986207,0
29,30,0.986207,0
29,31,0.986207,0
29,32,0.986207,0
29,33,0.986207,0
29,34,0.986207,0
29,35,0.986207,0
29,36,0.986207,0
29,37,0.986207,0
29,38,0.986207,0
29,39,0.986207,0
29,40,0.986207,0
29,41,0.986207,0
29,42,0.986207,0
29,43,0.986207,0
29,44,0.986207,0
29,45,0.986207,0
29,46,0.972414,0
29,47,0.986207,0
29,48,0.986207,0
29,49,0.986207,0
29,50,0.986207,0
29,51,0.986207,0
29,52,0.986207,0
29,53,0.986207,0
29,54,0.986207,0
29,55,0.986207,0
29,56,0.986207,0
29,57,0.986207,0
29,58,0.986207,0
29,59,0.986207,0
29,60,0.986207,0
29,61,0.986207,0
29,62,0.986207,0
29,63,0.986207,0
29,64,0.986207,0
29,65,0.986207,0
29,66,0.986207,0
29,67,0.986207,0
29,68,0.986207,0
29,69,0.986207,0
29,70,0.986207,0
29,71,0.986207,0
29,72,0.986207,0
29,73,0.986207,0
29,74,0.986207,0
29,75,0.986207,0
29,76,0.986207,0
29,77,0.986207,0
29,78,0.986207,0
29,79,0.986207,0
29,80,0.986207,0
29,81,0.986207,0
29,82,0.986207,0
29,83,0.986207,0
29,84,0.986207,0
29,85,0.986207,0
29,86,0.986207,0
29,87,0.986207,0
29,88,0.986207,0
29,89,0.986207,0
29,90,0.986207,0
29,91,0.986207,0
29,92,0.986207,0
29,93,0.986207,0
29,94,0.986207,0
29,95,0.986207,0
29,96,0.986207,0
29,97,0.972414,0
29,98,0.986207,0
29,99,0.986207,0
29,100,0.986207,0
29,101,0.972414,0
29,102,0.986207,0
29,103,0.986207,0
29,104,0.986207,0
29,105,0.986207,0
29,106,0.986207,0
29,107,0.986207,0
29,108,0.986207,0
29,109,0.986207,0
29,110,0.986207,0
29,111,0.986207,0
29,112,0.986207,0
29,113,0.986207,0
29,114,0.986207,0
29,115,0.986207,0
29,116,0.986207,0
29,117,0.986207,0
29,118,0.986207,0
29,119,0.986207,0
29,120,0.986207,0
29,121,0.986207,0
29,122,0.986207,0
29,123,0.986207,0
29,124,0.986207,0
29,125,0.986207,0
29,126,0.986207,0
29,127,0.986207,0
29,128,0.986207,0
29,129,0.986207,0
29,130,0.972414,0
29,131,0.986207,0
