timestamp,nodeId,neighborCount,minDistance
1,0,4,105.219
1,1,2,1.44003
1,2,7,36.881
1,3,8,25.2548
1,4,5,107.52
1,5,7,93.5823
1,6,5,156.74
1,7,8,132.288
1,8,2,51.0006
1,9,2,132.134
1,10,3,1.36682
1,11,2,1.35695
1,12,4,18.2263
1,13,4,48.5988
1,14,4,118.439
1,15,5,77.6631
1,16,4,19.0349
1,17,5,21.4699
1,18,3,93.392
1,19,1,0.310161
1,20,2,1.44003
1,21,4,3.38492
1,22,2,3.32728
1,23,8,42.0313
1,24,1,188.198
1,25,2,25.8931
1,26,4,145.109
1,27,4,4.10844
1,28,3,2.78442
1,29,4,65.6021
1,30,4,184.811
1,31,6,77.6631
1,32,5,129.986
1,33,2,25.8931
1,34,2,31.6699
1,35,5,176.588
1,36,4,3.38492
1,37,4,12.8411
1,38,4,4.10844
1,39,8,36.477
1,40,0,318.522
1,41,3,9.57056
1,42,5,30.1514
1,43,2,31.6699
1,44,3,1.35473
1,45,0,410.079
1,46,6,30.1514
1,47,6,85.8459
1,48,1,225.878
1,49,4,3.23543
1,50,7,122.117
1,51,6,1.69532
1,52,4,18.1365
1,53,5,21.4699
1,54,3,3.32555
1,55,1,86.3256
1,56,1,4.09766
1,57,3,23.2549
1,58,6,93.5823
1,59,3,1.36682
1,60,2,3.32728
1,61,5,100.935
1,62,1,4.09766
1,63,4,18.2263
1,64,2,4.17164
1,65,4,18.1365
1,66,0,480.876
1,67,4,12.8411
1,68,8,49.0729
1,69,6,1.69532
1,70,5,2.77418
1,71,4,28.322
1,72,4,19.0349
1,73,3,2.46173
1,74,7,43.2732
1,75,10,36.477
1,76,0,352.78
1,77,6,132.788
1,78,4,28.322
1,79,10,19.18
1,80,8,1.73072
1,81,1,0.310161
1,82,2,224.324
1,83,7,85.8459
1,84,5,2.77418
1,85,3,93.392
1,86,4,125.812
1,87,5,89.1215
1,88,6,1.44101
1,89,5,61.1801
1,90,1,224.008
1,91,8,98.6634
1,92,4,48.9402
1,93,4,34.6752
1,94,0,352.78
1,95,3,1.35473
1,96,5,43.6289
1,97,8,1.73072
1,98,2,5.49401
1,99,2,191.504
1,100,1,224.008
1,101,0,271.022
1,102,5,108.179
1,103,4,175.153
1,104,3,2.46173
1,105,4,3.23543
1,106,2,4.17164
1,107,2,210.651
1,108,4,34.6752
1,109,5,54.5065
1,110,2,1.35695
1,111,4,99.0557
1,112,8,3.98935
1,113,3,23.2549
1,114,3,132.788
1,115,5,54.5065
1,116,1,86.3256
1,117,10,45.5991
1,118,2,5.49401
1,119,3,172.755
1,120,3,6.12719
1,121,3,151.519
1,122,8,42.0313
1,123,5,36.881
1,124,8,3.98935
1,125,6,172.658
1,126,6,1.44101
1,127,5,50.7467
1,128,7,147.262
1,129,3,72.5593
1,130,5,43.6289
1,131,6,1.79805
1.2,0,4,105.219
1.2,1,2,1.44003
1.2,2,7,36.881
1.2,3,8,25.2548
1.2,4,5,107.52
1.2,5,7,93.5823
1.2,6,5,156.74
1.2,7,8,132.288
1.2,8,2,51.0006
1.2,9,2,132.134
1.2,10,3,1.36682
1.2,11,2,1.35695
1.2,12,4,18.2263
1.2,13,4,48.5988
1.2,14,4,118.439
1.2,15,5,77.6631
1.2,16,4,19.0349
1.2,17,5,21.4699
1.2,18,3,93.392
1.2,19,1,0.310161
1.2,20,2,1.44003
1.2,21,4,3.38492
1.2,22,2,3.32728
1.2,23,8,42.0313
1.2,24,1,188.198
1.2,25,2,25.8931
1.2,26,4,145.109
1.2,27,4,4.10844
1.2,28,3,2.78442
1.2,29,4,65.6021
1.2,30,4,184.811
1.2,31,6,77.6631
1.2,32,5,129.986
1.2,33,2,25.8931
1.2,34,2,31.6699
1.2,35,5,176.588
1.2,36,4,3.38492
1.2,37,4,12.8411
1.2,38,4,4.10844
1.2,39,8,36.477
1.2,40,0,318.522
1.2,41,3,9.57056
1.2,42,5,30.1514
1.2,43,2,31.6699
1.2,44,3,1.35473
1.2,45,0,410.079
1.2,46,6,30.1514
1.2,47,6,85.8459
1.2,48,1,225.878
1.2,49,4,3.23543
1.2,50,7,122.117
1.2,51,6,1.69532
1.2,52,4,18.1365
1.2,53,5,21.4699
1.2,54,3,3.32555
1.2,55,1,86.3256
1.2,56,1,4.09766
1.2,57,3,23.2549
1.2,58,6,93.5823
1.2,59,3,1.36682
1.2,60,2,3.32728
1.2,61,5,100.935
1.2,62,1,4.09766
1.2,63,4,18.2263
1.2,64,2,4.17164
1.2,65,4,18.1365
1.2,66,0,480.876
1.2,67,4,12.8411
1.2,68,8,49.0729
1.2,69,6,1.69532
1.2,70,5,2.77418
1.2,71,4,28.322
1.2,72,4,19.0349
1.2,73,3,2.46173
1.2,74,7,43.2732
1.2,75,10,36.477
1.2,76,0,352.78
1.2,77,6,132.788
1.2,78,4,28.322
1.2,79,10,19.18
1.2,80,8,1.73072
1.2,81,1,0.310161
1.2,82,2,224.324
1.2,83,7,85.8459
1.2,84,5,2.77418
1.2,85,3,93.392
1.2,86,4,125.812
1.2,87,5,89.1215
1.2,88,6,1.44101
1.2,89,5,61.1801
1.2,90,1,224.008
1.2,91,8,98.6634
1.2,92,4,48.9402
1.2,93,4,34.6752
1.2,94,0,352.78
1.2,95,3,1.35473
1.2,96,5,43.6289
1.2,97,8,1.73072
1.2,98,2,5.49401
1.2,99,2,191.504
1.2,100,1,224.008
1.2,101,0,271.022
1.2,102,5,108.179
1.2,103,4,175.153
1.2,104,3,2.46173
1.2,105,4,3.23543
1.2,106,2,4.17164
1.2,107,2,210.651
1.2,108,4,34.6752
1.2,109,5,54.5065
1.2,110,2,1.35695
1.2,111,4,99.0557
1.2,112,8,3.98935
1.2,113,3,23.2549
1.2,114,3,132.788
1.2,115,5,54.5065
1.2,116,1,86.3256
1.2,117,10,45.5991
1.2,118,2,5.49401
1.2,119,3,172.755
1.2,120,3,6.12719
1.2,121,3,151.519
1.2,122,8,42.0313
1.2,123,5,36.881
1.2,124,8,3.98935
1.2,125,6,172.658
1.2,126,6,1.44101
1.2,127,5,50.7467
1.2,128,7,147.262
1.2,129,3,72.5593
1.2,130,5,43.6289
1.2,131,6,1.79805
1.4,0,4,105.219
1.4,1,2,1.44003
1.4,2,7,36.881
1.4,3,8,25.2548
1.4,4,5,107.52
1.4,5,7,93.5823
1.4,6,5,156.74
1.4,7,8,132.288
1.4,8,2,51.0006
1.4,9,2,132.134
1.4,10,3,1.36682
1.4,11,2,1.35695
1.4,12,4,18.2263
1.4,13,4,48.5988
1.4,14,4,118.439
1.4,15,5,77.6631
1.4,16,4,19.0349
1.4,17,5,21.4699
1.4,18,3,93.392
1.4,19,1,0.310161
1.4,20,2,1.44003
1.4,21,4,3.38492
1.4,22,2,3.32728
1.4,23,8,42.0313
1.4,24,1,188.198
1.4,25,2,25.8931
1.4,26,4,145.109
1.4,27,4,4.10844
1.4,28,3,2.78442
1.4,29,4,65.6021
1.4,30,4,184.811
1.4,31,6,77.6631
1.4,32,5,129.986
1.4,33,2,25.8931
1.4,34,2,31.6699
1.4,35,5,176.588
1.4,36,4,3.38492
1.4,37,4,12.8411
1.4,38,4,4.10844
1.4,39,8,36.477
1.4,40,0,318.522
1.4,41,3,9.57056
1.4,42,5,30.1514
1.4,43,2,31.6699
1.4,44,3,1.35473
1.4,45,0,410.079
1.4,46,6,30.1514
1.4,47,6,85.8459
1.4,48,1,225.878
1.4,49,4,3.23543
1.4,50,7,122.117
1.4,51,6,1.69532
1.4,52,4,18.1365
1.4,53,5,21.4699
1.4,54,3,3.32555
1.4,55,1,86.3256
1.4,56,1,4.09766
1.4,57,3,23.2549
1.4,58,6,93.5823
1.4,59,3,1.36682
1.4,60,2,3.32728
1.4,61,5,100.935
1.4,62,1,4.09766
1.4,63,4,18.2263
1.4,64,2,4.17164
1.4,65,4,18.1365
1.4,66,0,480.876
1.4,67,4,12.8411
1.4,68,8,49.0729
1.4,69,6,1.69532
1.4,70,5,2.77418
1.4,71,4,28.322
1.4,72,4,19.0349
1.4,73,3,2.46173
1.4,74,7,43.2732
1.4,75,10,36.477
1.4,76,0,352.78
1.4,77,6,132.788
1.4,78,4,28.322
1.4,79,10,19.18
1.4,80,8,1.73072
1.4,81,1,0.310161
1.4,82,2,224.324
1.4,83,7,85.8459
1.4,84,5,2.77418
1.4,85,3,93.392
1.4,86,4,125.812
1.4,87,5,89.1215
1.4,88,6,1.44101
1.4,89,5,61.1801
1.4,90,1,224.008
1.4,91,8,98.6634
1.4,92,4,48.9402
1.4,93,4,34.6752
1.4,94,0,352.78
1.4,95,3,1.35473
1.4,96,5,43.6289
1.4,97,8,1.73072
1.4,98,2,5.49401
1.4,99,2,191.504
1.4,100,1,224.008
1.4,101,0,271.022
1.4,102,5,108.179
1.4,103,4,175.153
1.4,104,3,2.46173
1.4,105,4,3.23543
1.4,106,2,4.17164
1.4,107,2,210.651
1.4,108,4,34.6752
1.4,109,5,54.5065
1.4,110,2,1.35695
1.4,111,4,99.0557
1.4,112,8,3.98935
1.4,113,3,23.2549
1.4,114,3,132.788
1.4,115,5,54.5065
1.4,116,1,86.3256
1.4,117,10,45.5991
1.4,118,2,5.49401
1.4,119,3,172.755
1.4,120,3,6.12719
1.4,121,3,151.519
1.4,122,8,42.0313
1.4,123,5,36.881
1.4,124,8,3.98935
1.4,125,6,172.658
1.4,126,6,1.44101
1.4,127,5,50.7467
1.4,128,7,147.262
1.4,129,3,72.5593
1.4,130,5,43.6289
1.4,131,6,1.79805
1.6,0,4,105.219
1.6,1,2,1.44003
1.6,2,7,36.881
1.6,3,8,25.2548
1.6,4,5,107.52
1.6,5,7,93.5823
1.6,6,5,156.74
1.6,7,8,132.288
1.6,8,2,51.0006
1.6,9,2,132.134
1.6,10,3,1.36682
1.6,11,2,1.35695
1.6,12,4,18.2263
1.6,13,4,48.5988
1.6,14,4,118.439
1.6,15,5,77.6631
1.6,16,4,19.0349
1.6,17,5,21.4699
1.6,18,3,93.392
1.6,19,1,0.310161
1.6,20,2,1.44003
1.6,21,4,3.38492
1.6,22,2,3.32728
1.6,23,8,42.0313
1.6,24,1,188.198
1.6,25,2,25.8931
1.6,26,4,145.109
1.6,27,4,4.10844
1.6,28,3,2.78442
1.6,29,4,65.6021
1.6,30,4,184.811
1.6,31,6,77.6631
1.6,32,5,129.986
1.6,33,2,25.8931
1.6,34,2,31.6699
1.6,35,5,176.588
1.6,36,4,3.38492
1.6,37,4,12.8411
1.6,38,4,4.10844
1.6,39,8,36.477
1.6,40,0,318.522
1.6,41,3,9.57056
1.6,42,5,30.1514
1.6,43,2,31.6699
1.6,44,3,1.35473
1.6,45,0,410.079
1.6,46,6,30.1514
1.6,47,6,85.8459
1.6,48,1,225.878
1.6,49,4,3.23543
1.6,50,7,122.117
1.6,51,6,1.69532
1.6,52,4,18.1365
1.6,53,5,21.4699
1.6,54,3,3.32555
1.6,55,1,86.3256
1.6,56,1,4.09766
1.6,57,3,23.2549
1.6,58,6,93.5823
1.6,59,3,1.36682
1.6,60,2,3.32728
1.6,61,5,100.935
1.6,62,1,4.09766
1.6,63,4,18.2263
1.6,64,2,4.17164
1.6,65,4,18.1365
1.6,66,0,480.876
1.6,67,4,12.8411
1.6,68,8,49.0729
1.6,69,6,1.69532
1.6,70,5,2.77418
1.6,71,4,28.322
1.6,72,4,19.0349
1.6,73,3,2.46173
1.6,74,7,43.2732
1.6,75,10,36.477
1.6,76,0,352.78
1.6,77,6,132.788
1.6,78,4,28.322
1.6,79,10,19.18
1.6,80,8,1.73072
1.6,81,1,0.310161
1.6,82,2,224.324
1.6,83,7,85.8459
1.6,84,5,2.77418
1.6,85,3,93.392
1.6,86,4,125.812
1.6,87,5,89.1215
1.6,88,6,1.44101
1.6,89,5,61.1801
1.6,90,1,224.008
1.6,91,8,98.6634
1.6,92,4,48.9402
1.6,93,4,34.6752
1.6,94,0,352.78
1.6,95,3,1.35473
1.6,96,5,43.6289
1.6,97,8,1.73072
1.6,98,2,5.49401
1.6,99,2,191.504
1.6,100,1,224.008
1.6,101,0,271.022
1.6,102,5,108.179
1.6,103,4,175.153
1.6,104,3,2.46173
1.6,105,4,3.23543
1.6,106,2,4.17164
1.6,107,2,210.651
1.6,108,4,34.6752
1.6,109,5,54.5065
1.6,110,2,1.35695
1.6,111,4,99.0557
1.6,112,8,3.98935
1.6,113,3,23.2549
1.6,114,3,132.788
1.6,115,5,54.5065
1.6,116,1,86.3256
1.6,117,10,45.5991
1.6,118,2,5.49401
1.6,119,3,172.755
1.6,120,3,6.12719
1.6,121,3,151.519
1.6,122,8,42.0313
1.6,123,5,36.881
1.6,124,8,3.98935
1.6,125,6,172.658
1.6,126,6,1.44101
1.6,127,5,50.7467
1.6,128,7,147.262
1.6,129,3,72.5593
1.6,130,5,43.6289
1.6,131,6,1.79805
1.8,0,4,105.219
1.8,1,2,1.44003
1.8,2,7,36.881
1.8,3,8,25.2548
1.8,4,5,107.52
1.8,5,7,93.5823
1.8,6,5,156.74
1.8,7,8,132.288
1.8,8,2,51.0006
1.8,9,2,132.134
1.8,10,3,1.36682
1.8,11,2,1.35695
1.8,12,4,18.2263
1.8,13,4,48.5988
1.8,14,4,118.439
1.8,15,5,77.6631
1.8,16,4,19.0349
1.8,17,5,21.4699
1.8,18,3,93.392
1.8,19,1,0.310161
1.8,20,2,1.44003
1.8,21,4,3.38492
1.8,22,2,3.32728
1.8,23,8,42.0313
1.8,24,1,188.198
1.8,25,2,25.8931
1.8,26,4,145.109
1.8,27,4,4.10844
1.8,28,3,2.78442
1.8,29,4,65.6021
1.8,30,4,184.811
1.8,31,6,77.6631
1.8,32,5,129.986
1.8,33,2,25.8931
1.8,34,2,31.6699
1.8,35,5,176.588
1.8,36,4,3.38492
1.8,37,4,12.8411
1.8,38,4,4.10844
1.8,39,8,36.477
1.8,40,0,318.522
1.8,41,3,9.57056
1.8,42,5,30.1514
1.8,43,2,31.6699
1.8,44,3,1.35473
1.8,45,0,410.079
1.8,46,6,30.1514
1.8,47,6,85.8459
1.8,48,1,225.878
1.8,49,4,3.23543
1.8,50,7,122.117
1.8,51,6,1.69532
1.8,52,4,18.1365
1.8,53,5,21.4699
1.8,54,3,3.32555
1.8,55,1,86.3256
1.8,56,1,4.09766
1.8,57,3,23.2549
1.8,58,6,93.5823
1.8,59,3,1.36682
1.8,60,2,3.32728
1.8,61,5,100.935
1.8,62,1,4.09766
1.8,63,4,18.2263
1.8,64,2,4.17164
1.8,65,4,18.1365
1.8,66,0,480.876
1.8,67,4,12.8411
1.8,68,8,49.0729
1.8,69,6,1.69532
1.8,70,5,2.77418
1.8,71,4,28.322
1.8,72,4,19.0349
1.8,73,3,2.46173
1.8,74,7,43.2732
1.8,75,10,36.477
1.8,76,0,352.78
1.8,77,6,132.788
1.8,78,4,28.322
1.8,79,10,19.18
1.8,80,8,1.73072
1.8,81,1,0.310161
1.8,82,2,224.324
1.8,83,7,85.8459
1.8,84,5,2.77418
1.8,85,3,93.392
1.8,86,4,125.812
1.8,87,5,89.1215
1.8,88,6,1.44101
1.8,89,5,61.1801
1.8,90,1,224.008
1.8,91,8,98.6634
1.8,92,4,48.9402
1.8,93,4,34.6752
1.8,94,0,352.78
1.8,95,3,1.35473
1.8,96,5,43.6289
1.8,97,8,1.73072
1.8,98,2,5.49401
1.8,99,2,191.504
1.8,100,1,224.008
1.8,101,0,271.022
1.8,102,5,108.179
1.8,103,4,175.153
1.8,104,3,2.46173
1.8,105,4,3.23543
1.8,106,2,4.17164
1.8,107,2,210.651
1.8,108,4,34.6752
1.8,109,5,54.5065
1.8,110,2,1.35695
1.8,111,4,99.0557
1.8,112,8,3.98935
1.8,113,3,23.2549
1.8,114,3,132.788
1.8,115,5,54.5065
1.8,116,1,86.3256
1.8,117,10,45.5991
1.8,118,2,5.49401
1.8,119,3,172.755
1.8,120,3,6.12719
1.8,121,3,151.519
1.8,122,8,42.0313
1.8,123,5,36.881
1.8,124,8,3.98935
1.8,125,6,172.658
1.8,126,6,1.44101
1.8,127,5,50.7467
1.8,128,7,147.262
1.8,129,3,72.5593
1.8,130,5,43.6289
1.8,131,6,1.79805
2,0,4,105.219
2,1,2,1.44003
2,2,7,36.881
2,3,8,25.2548
2,4,5,107.52
2,5,7,93.5823
2,6,5,156.74
2,7,8,132.288
2,8,2,51.0006
2,9,2,132.134
2,10,3,1.36682
2,11,2,1.35695
2,12,4,18.2263
2,13,4,48.5988
2,14,4,118.439
2,15,5,77.6631
2,16,4,19.0349
2,17,5,21.4699
2,18,3,93.392
2,19,1,0.310161
2,20,2,1.44003
2,21,4,3.38492
2,22,2,3.32728
2,23,8,42.0313
2,24,1,188.198
2,25,2,25.8931
2,26,4,145.109
2,27,4,4.10844
2,28,3,2.78442
2,29,4,65.6021
2,30,4,184.811
2,31,6,77.6631
2,32,5,129.986
2,33,2,25.8931
2,34,2,31.6699
2,35,5,176.588
2,36,4,3.38492
2,37,4,12.8411
2,38,4,4.10844
2,39,8,36.477
2,40,0,318.522
2,41,3,9.57056
2,42,5,30.1514
2,43,2,31.6699
2,44,3,1.35473
2,45,0,410.079
2,46,6,30.1514
2,47,6,85.8459
2,48,1,225.878
2,49,4,3.23543
2,50,7,122.117
2,51,6,1.69532
2,52,4,18.1365
2,53,5,21.4699
2,54,3,3.32555
2,55,1,86.3256
2,56,1,4.09766
2,57,3,23.2549
2,58,6,93.5823
2,59,3,1.36682
2,60,2,3.32728
2,61,5,100.935
2,62,1,4.09766
2,63,4,18.2263
2,64,2,4.17164
2,65,4,18.1365
2,66,0,480.876
2,67,4,12.8411
2,68,8,49.0729
2,69,6,1.69532
2,70,5,2.77418
2,71,4,28.322
2,72,4,19.0349
2,73,3,2.46173
2,74,7,43.2732
2,75,10,36.477
2,76,0,352.78
2,77,6,132.788
2,78,4,28.322
2,79,10,19.18
2,80,8,1.73072
2,81,1,0.310161
2,82,2,224.324
2,83,7,85.8459
2,84,5,2.77418
2,85,3,93.392
2,86,4,125.812
2,87,5,89.1215
2,88,6,1.44101
2,89,5,61.1801
2,90,1,224.008
2,91,8,98.6634
2,92,4,48.9402
2,93,4,34.6752
2,94,0,352.78
2,95,3,1.35473
2,96,5,43.6289
2,97,8,1.73072
2,98,2,5.49401
2,99,2,191.504
2,100,1,224.008
2,101,0,271.022
2,102,5,108.179
2,103,4,175.153
2,104,3,2.46173
2,105,4,3.23543
2,106,2,4.17164
2,107,2,210.651
2,108,4,34.6752
2,109,5,54.5065
2,110,2,1.35695
2,111,4,99.0557
2,112,8,3.98935
2,113,3,23.2549
2,114,3,132.788
2,115,5,54.5065
2,116,1,86.3256
2,117,10,45.5991
2,118,2,5.49401
2,119,3,172.755
2,120,3,6.12719
2,121,3,151.519
2,122,8,42.0313
2,123,5,36.881
2,124,8,3.98935
2,125,6,172.658
2,126,6,1.44101
2,127,5,50.7467
2,128,7,147.262
2,129,3,72.5593
2,130,5,43.6289
2,131,6,1.79805
2.2,0,4,105.219
2.2,1,2,1.44003
2.2,2,7,36.881
2.2,3,8,25.2548
2.2,4,5,107.52
2.2,5,7,93.5823
2.2,6,5,156.74
2.2,7,8,132.288
2.2,8,2,51.0006
2.2,9,2,132.134
2.2,10,3,1.36682
2.2,11,2,1.35695
2.2,12,4,18.2263
2.2,13,4,48.5988
2.2,14,4,118.439
2.2,15,5,77.6631
2.2,16,4,19.0349
2.2,17,5,21.4699
2.2,18,3,93.392
2.2,19,1,0.310161
2.2,20,2,1.44003
2.2,21,4,3.38492
2.2,22,2,3.32728
2.2,23,8,42.0313
2.2,24,1,188.198
2.2,25,2,25.8931
2.2,26,4,145.109
2.2,27,4,4.10844
2.2,28,3,2.78442
2.2,29,4,65.6021
2.2,30,4,184.811
2.2,31,6,77.6631
2.2,32,5,129.986
2.2,33,2,25.8931
2.2,34,2,31.6699
2.2,35,5,176.588
2.2,36,4,3.38492
2.2,37,4,12.8411
2.2,38,4,4.10844
2.2,39,8,36.477
2.2,40,0,318.522
2.2,41,3,9.57056
2.2,42,5,30.1514
2.2,43,2,31.6699
2.2,44,3,1.35473
2.2,45,0,410.079
2.2,46,6,30.1514
2.2,47,6,85.8459
2.2,48,1,225.878
2.2,49,4,3.23543
2.2,50,7,122.117
2.2,51,6,1.69532
2.2,52,4,18.1365
2.2,53,5,21.4699
2.2,54,3,3.32555
2.2,55,1,86.3256
2.2,56,1,4.09766
2.2,57,3,23.2549
2.2,58,6,93.5823
2.2,59,3,1.36682
2.2,60,2,3.32728
2.2,61,5,100.935
2.2,62,1,4.09766
2.2,63,4,18.2263
2.2,64,2,4.17164
2.2,65,4,18.1365
2.2,66,0,480.876
2.2,67,4,12.8411
2.2,68,8,49.0729
2.2,69,6,1.69532
2.2,70,5,2.77418
2.2,71,4,28.322
2.2,72,4,19.0349
2.2,73,3,2.46173
2.2,74,7,43.2732
2.2,75,10,36.477
2.2,76,0,352.78
2.2,77,6,132.788
2.2,78,4,28.322
2.2,79,10,19.18
2.2,80,8,1.73072
2.2,81,1,0.310161
2.2,82,2,224.324
2.2,83,7,85.8459
2.2,84,5,2.77418
2.2,85,3,93.392
2.2,86,4,125.812
2.2,87,5,89.1215
2.2,88,6,1.44101
2.2,89,5,61.1801
2.2,90,1,224.008
2.2,91,8,98.6634
2.2,92,4,48.9402
2.2,93,4,34.6752
2.2,94,0,352.78
2.2,95,3,1.35473
2.2,96,5,43.6289
2.2,97,8,1.73072
2.2,98,2,5.49401
2.2,99,2,191.504
2.2,100,1,224.008
2.2,101,0,271.022
2.2,102,5,108.179
2.2,103,4,175.153
2.2,104,3,2.46173
2.2,105,4,3.23543
2.2,106,2,4.17164
2.2,107,2,210.651
2.2,108,4,34.6752
2.2,109,5,54.5065
2.2,110,2,1.35695
2.2,111,4,99.0557
2.2,112,8,3.98935
2.2,113,3,23.2549
2.2,114,3,132.788
2.2,115,5,54.5065
2.2,116,1,86.3256
2.2,117,10,45.5991
2.2,118,2,5.49401
2.2,119,3,172.755
2.2,120,3,6.12719
2.2,121,3,151.519
2.2,122,8,42.0313
2.2,123,5,36.881
2.2,124,8,3.98935
2.2,125,6,172.658
2.2,126,6,1.44101
2.2,127,5,50.7467
2.2,128,7,147.262
2.2,129,3,72.5593
2.2,130,5,43.6289
2.2,131,6,1.79805
2.4,0,4,105.219
2.4,1,2,1.44003
2.4,2,7,36.881
2.4,3,8,25.2548
2.4,4,5,107.52
2.4,5,7,93.5823
2.4,6,5,156.74
2.4,7,8,132.288
2.4,8,2,51.0006
2.4,9,2,132.134
2.4,10,3,1.36682
2.4,11,2,1.35695
2.4,12,4,18.2263
2.4,13,4,48.5988
2.4,14,4,118.439
2.4,15,5,77.6631
2.4,16,4,19.0349
2.4,17,5,21.4699
2.4,18,3,93.392
2.4,19,1,0.310161
2.4,20,2,1.44003
2.4,21,4,3.38492
2.4,22,2,3.32728
2.4,23,8,42.0313
2.4,24,1,188.198
2.4,25,2,25.8931
2.4,26,4,145.109
2.4,27,4,4.10844
2.4,28,3,2.78442
2.4,29,4,65.6021
2.4,30,4,184.811
2.4,31,6,77.6631
2.4,32,5,129.986
2.4,33,2,25.8931
2.4,34,2,31.6699
2.4,35,5,176.588
2.4,36,4,3.38492
2.4,37,4,12.8411
2.4,38,4,4.10844
2.4,39,8,36.477
2.4,40,0,318.522
2.4,41,3,9.57056
2.4,42,5,30.1514
2.4,43,2,31.6699
2.4,44,3,1.35473
2.4,45,0,410.079
2.4,46,6,30.1514
2.4,47,6,85.8459
2.4,48,1,225.878
2.4,49,4,3.23543
2.4,50,7,122.117
2.4,51,6,1.69532
2.4,52,4,18.1365
2.4,53,5,21.4699
2.4,54,3,3.32555
2.4,55,1,86.3256
2.4,56,1,4.09766
2.4,57,3,23.2549
2.4,58,6,93.5823
2.4,59,3,1.36682
2.4,60,2,3.32728
2.4,61,5,100.935
2.4,62,1,4.09766
2.4,63,4,18.2263
2.4,64,2,4.17164
2.4,65,4,18.1365
2.4,66,0,480.876
2.4,67,4,12.8411
2.4,68,8,49.0729
2.4,69,6,1.69532
2.4,70,5,2.77418
2.4,71,4,28.322
2.4,72,4,19.0349
2.4,73,3,2.46173
2.4,74,7,43.2732
2.4,75,10,36.477
2.4,76,0,352.78
2.4,77,6,132.788
2.4,78,4,28.322
2.4,79,10,19.18
2.4,80,8,1.73072
2.4,81,1,0.310161
2.4,82,2,224.324
2.4,83,7,85.8459
2.4,84,5,2.77418
2.4,85,3,93.392
2.4,86,4,125.812
2.4,87,5,89.1215
2.4,88,6,1.44101
2.4,89,5,61.1801
2.4,90,1,224.008
2.4,91,8,98.6634
2.4,92,4,48.9402
2.4,93,4,34.6752
2.4,94,0,352.78
2.4,95,3,1.35473
2.4,96,5,43.6289
2.4,97,8,1.73072
2.4,98,2,5.49401
2.4,99,2,191.504
2.4,100,1,224.008
2.4,101,0,271.022
2.4,102,5,108.179
2.4,103,4,175.153
2.4,104,3,2.46173
2.4,105,4,3.23543
2.4,106,2,4.17164
2.4,107,2,210.651
2.4,108,4,34.6752
2.4,109,5,54.5065
2.4,110,2,1.35695
2.4,111,4,99.0557
2.4,112,8,3.98935
2.4,113,3,23.2549
2.4,114,3,132.788
2.4,115,5,54.5065
2.4,116,1,86.3256
2.4,117,10,45.5991
2.4,118,2,5.49401
2.4,119,3,172.755
2.4,120,3,6.12719
2.4,121,3,151.519
2.4,122,8,42.0313
2.4,123,5,36.881
2.4,124,8,3.98935
2.4,125,6,172.658
2.4,126,6,1.44101
2.4,127,5,50.7467
2.4,128,7,147.262
2.4,129,3,72.5593
2.4,130,5,43.6289
2.4,131,6,1.79805
2.6,0,4,105.219
2.6,1,2,1.44003
2.6,2,7,36.881
2.6,3,8,25.2548
2.6,4,5,107.52
2.6,5,7,93.5823
2.6,6,5,156.74
2.6,7,8,132.288
2.6,8,2,51.0006
2.6,9,2,132.134
2.6,10,3,1.36682
2.6,11,2,1.35695
2.6,12,4,18.2263
2.6,13,4,48.5988
2.6,14,4,118.439
2.6,15,5,77.6631
2.6,16,4,19.0349
2.6,17,5,21.4699
2.6,18,3,93.392
2.6,19,1,0.310161
2.6,20,2,1.44003
2.6,21,4,3.38492
2.6,22,2,3.32728
2.6,23,8,42.0313
2.6,24,1,188.198
2.6,25,2,25.8931
2.6,26,4,145.109
2.6,27,4,4.10844
2.6,28,3,2.78442
2.6,29,4,65.6021
2.6,30,4,184.811
2.6,31,6,77.6631
2.6,32,5,129.986
2.6,33,2,25.8931
2.6,34,2,31.6699
2.6,35,5,176.588
2.6,36,4,3.38492
2.6,37,4,12.8411
2.6,38,4,4.10844
2.6,39,8,36.477
2.6,40,0,318.522
2.6,41,3,9.57056
2.6,42,5,30.1514
2.6,43,2,31.6699
2.6,44,3,1.35473
2.6,45,0,410.079
2.6,46,6,30.1514
2.6,47,6,85.8459
2.6,48,1,225.878
2.6,49,4,3.23543
2.6,50,7,122.117
2.6,51,6,1.69532
2.6,52,4,18.1365
2.6,53,5,21.4699
2.6,54,3,3.32555
2.6,55,1,86.3256
2.6,56,1,4.09766
2.6,57,3,23.2549
2.6,58,6,93.5823
2.6,59,3,1.36682
2.6,60,2,3.32728
2.6,61,5,100.935
2.6,62,1,4.09766
2.6,63,4,18.2263
2.6,64,2,4.17164
2.6,65,4,18.1365
2.6,66,0,480.876
2.6,67,4,12.8411
2.6,68,8,49.0729
2.6,69,6,1.69532
2.6,70,5,2.77418
2.6,71,4,28.322
2.6,72,4,19.0349
2.6,73,3,2.46173
2.6,74,7,43.2732
2.6,75,10,36.477
2.6,76,0,352.78
2.6,77,6,132.788
2.6,78,4,28.322
2.6,79,10,19.18
2.6,80,8,1.73072
2.6,81,1,0.310161
2.6,82,2,224.324
2.6,83,7,85.8459
2.6,84,5,2.77418
2.6,85,3,93.392
2.6,86,4,125.812
2.6,87,5,89.1215
2.6,88,6,1.44101
2.6,89,5,61.1801
2.6,90,1,224.008
2.6,91,8,98.6634
2.6,92,4,48.9402
2.6,93,4,34.6752
2.6,94,0,352.78
2.6,95,3,1.35473
2.6,96,5,43.6289
2.6,97,8,1.73072
2.6,98,2,5.49401
2.6,99,2,191.504
2.6,100,1,224.008
2.6,101,0,271.022
2.6,102,5,108.179
2.6,103,4,175.153
2.6,104,3,2.46173
2.6,105,4,3.23543
2.6,106,2,4.17164
2.6,107,2,210.651
2.6,108,4,34.6752
2.6,109,5,54.5065
2.6,110,2,1.35695
2.6,111,4,99.0557
2.6,112,8,3.98935
2.6,113,3,23.2549
2.6,114,3,132.788
2.6,115,5,54.5065
2.6,116,1,86.3256
2.6,117,10,45.5991
2.6,118,2,5.49401
2.6,119,3,172.755
2.6,120,3,6.12719
2.6,121,3,151.519
2.6,122,8,42.0313
2.6,123,5,36.881
2.6,124,8,3.98935
2.6,125,6,172.658
2.6,126,6,1.44101
2.6,127,5,50.7467
2.6,128,7,147.262
2.6,129,3,72.5593
2.6,130,5,43.6289
2.6,131,6,1.79805
2.8,0,4,105.219
2.8,1,2,1.44003
2.8,2,7,36.881
2.8,3,8,25.2548
2.8,4,5,107.52
2.8,5,7,93.5823
2.8,6,5,156.74
2.8,7,8,132.288
2.8,8,2,51.0006
2.8,9,2,132.134
2.8,10,3,1.36682
2.8,11,2,1.35695
2.8,12,4,18.2263
2.8,13,4,48.5988
2.8,14,4,118.439
2.8,15,5,77.6631
2.8,16,4,19.0349
2.8,17,5,21.4699
2.8,18,3,93.392
2.8,19,1,0.310161
2.8,20,2,1.44003
2.8,21,4,3.38492
2.8,22,2,3.32728
2.8,23,8,42.0313
2.8,24,1,188.198
2.8,25,2,25.8931
2.8,26,4,145.109
2.8,27,4,4.10844
2.8,28,3,2.78442
2.8,29,4,65.6021
2.8,30,4,184.811
2.8,31,6,77.6631
2.8,32,5,129.986
2.8,33,2,25.8931
2.8,34,2,31.6699
2.8,35,5,176.588
2.8,36,4,3.38492
2.8,37,4,12.8411
2.8,38,4,4.10844
2.8,39,8,36.477
2.8,40,0,318.522
2.8,41,3,9.57056
2.8,42,5,30.1514
2.8,43,2,31.6699
2.8,44,3,1.35473
2.8,45,0,410.079
2.8,46,6,30.1514
2.8,47,6,85.8459
2.8,48,1,225.878
2.8,49,4,3.23543
2.8,50,7,122.117
2.8,51,6,1.69532
2.8,52,4,18.1365
2.8,53,5,21.4699
2.8,54,3,3.32555
2.8,55,1,86.3256
2.8,56,1,4.09766
2.8,57,3,23.2549
2.8,58,6,93.5823
2.8,59,3,1.36682
2.8,60,2,3.32728
2.8,61,5,100.935
2.8,62,1,4.09766
2.8,63,4,18.2263
2.8,64,2,4.17164
2.8,65,4,18.1365
2.8,66,0,480.876
2.8,67,4,12.8411
2.8,68,8,49.0729
2.8,69,6,1.69532
2.8,70,5,2.77418
2.8,71,4,28.322
2.8,72,4,19.0349
2.8,73,3,2.46173
2.8,74,7,43.2732
2.8,75,10,36.477
2.8,76,0,352.78
2.8,77,6,132.788
2.8,78,4,28.322
2.8,79,10,19.18
2.8,80,8,1.73072
2.8,81,1,0.310161
2.8,82,2,224.324
2.8,83,7,85.8459
2.8,84,5,2.77418
2.8,85,3,93.392
2.8,86,4,125.812
2.8,87,5,89.1215
2.8,88,6,1.44101
2.8,89,5,61.1801
2.8,90,1,224.008
2.8,91,8,98.6634
2.8,92,4,48.9402
2.8,93,4,34.6752
2.8,94,0,352.78
2.8,95,3,1.35473
2.8,96,5,43.6289
2.8,97,8,1.73072
2.8,98,2,5.49401
2.8,99,2,191.504
2.8,100,1,224.008
2.8,101,0,271.022
2.8,102,5,108.179
2.8,103,4,175.153
2.8,104,3,2.46173
2.8,105,4,3.23543
2.8,106,2,4.17164
2.8,107,2,210.651
2.8,108,4,34.6752
2.8,109,5,54.5065
2.8,110,2,1.35695
2.8,111,4,99.0557
2.8,112,8,3.98935
2.8,113,3,23.2549
2.8,114,3,132.788
2.8,115,5,54.5065
2.8,116,1,86.3256
2.8,117,10,45.5991
2.8,118,2,5.49401
2.8,119,3,172.755
2.8,120,3,6.12719
2.8,121,3,151.519
2.8,122,8,42.0313
2.8,123,5,36.881
2.8,124,8,3.98935
2.8,125,6,172.658
2.8,126,6,1.44101
2.8,127,5,50.7467
2.8,128,7,147.262
2.8,129,3,72.5593
2.8,130,5,43.6289
2.8,131,6,1.79805
3,0,4,105.219
3,1,2,1.44003
3,2,7,36.881
3,3,8,25.2548
3,4,5,107.52
3,5,7,93.5823
3,6,5,156.74
3,7,8,132.288
3,8,2,51.0006
3,9,2,132.134
3,10,3,1.36682
3,11,2,1.35695
3,12,4,18.2263
3,13,4,48.5988
3,14,4,118.439
3,15,5,77.6631
3,16,4,19.0349
3,17,5,21.4699
3,18,3,93.392
3,19,1,0.310161
3,20,2,1.44003
3,21,4,3.38492
3,22,2,3.32728
3,23,8,42.0313
3,24,1,188.198
3,25,2,25.8931
3,26,4,145.109
3,27,4,4.10844
3,28,3,2.78442
3,29,4,65.6021
3,30,4,184.811
3,31,6,77.6631
3,32,5,129.986
3,33,2,25.8931
3,34,2,31.6699
3,35,5,176.588
3,36,4,3.38492
3,37,4,12.8411
3,38,4,4.10844
3,39,8,36.477
3,40,0,318.522
3,41,3,9.57056
3,42,5,30.1514
3,43,2,31.6699
3,44,3,1.35473
3,45,0,410.079
3,46,6,30.1514
3,47,6,85.8459
3,48,1,225.878
3,49,4,3.23543
3,50,7,122.117
3,51,6,1.69532
3,52,4,18.1365
3,53,5,21.4699
3,54,3,3.32555
3,55,1,86.3256
3,56,1,4.09766
3,57,3,23.2549
3,58,6,93.5823
3,59,3,1.36682
3,60,2,3.32728
3,61,5,100.935
3,62,1,4.09766
3,63,4,18.2263
3,64,2,4.17164
3,65,4,18.1365
3,66,0,480.876
3,67,4,12.8411
3,68,8,49.0729
3,69,6,1.69532
3,70,5,2.77418
3,71,4,28.322
3,72,4,19.0349
3,73,3,2.46173
3,74,7,43.2732
3,75,10,36.477
3,76,0,352.78
3,77,6,132.788
3,78,4,28.322
3,79,10,19.18
3,80,8,1.73072
3,81,1,0.310161
3,82,2,224.324
3,83,7,85.8459
3,84,5,2.77418
3,85,3,93.392
3,86,4,125.812
3,87,5,89.1215
3,88,6,1.44101
3,89,5,61.1801
3,90,1,224.008
3,91,8,98.6634
3,92,4,48.9402
3,93,4,34.6752
3,94,0,352.78
3,95,3,1.35473
3,96,5,43.6289
3,97,8,1.73072
3,98,2,5.49401
3,99,2,191.504
3,100,1,224.008
3,101,0,271.022
3,102,5,108.179
3,103,4,175.153
3,104,3,2.46173
3,105,4,3.23543
3,106,2,4.17164
3,107,2,210.651
3,108,4,34.6752
3,109,5,54.5065
3,110,2,1.35695
3,111,4,99.0557
3,112,8,3.98935
3,113,3,23.2549
3,114,3,132.788
3,115,5,54.5065
3,116,1,86.3256
3,117,10,45.5991
3,118,2,5.49401
3,119,3,172.755
3,120,3,6.12719
3,121,3,151.519
3,122,8,42.0313
3,123,5,36.881
3,124,8,3.98935
3,125,6,172.658
3,126,6,1.44101
3,127,5,50.7467
3,128,7,147.262
3,129,3,72.5593
3,130,5,43.6289
3,131,6,1.79805
3.2,0,4,105.219
3.2,1,2,1.44003
3.2,2,7,36.881
3.2,3,8,25.2548
3.2,4,5,107.52
3.2,5,7,93.5823
3.2,6,5,156.74
3.2,7,8,132.288
3.2,8,2,51.0006
3.2,9,2,132.134
3.2,10,3,1.36682
3.2,11,2,1.35695
3.2,12,4,18.2263
3.2,13,4,48.5988
3.2,14,4,118.439
3.2,15,5,77.6631
3.2,16,4,19.0349
3.2,17,5,21.4699
3.2,18,3,93.392
3.2,19,1,0.310161
3.2,20,2,1.44003
3.2,21,4,3.38492
3.2,22,2,3.32728
3.2,23,8,42.0313
3.2,24,1,188.198
3.2,25,2,25.8931
3.2,26,4,145.109
3.2,27,4,4.10844
3.2,28,3,2.78442
3.2,29,4,65.6021
3.2,30,4,184.811
3.2,31,6,77.6631
3.2,32,5,129.986
3.2,33,2,25.8931
3.2,34,2,31.6699
3.2,35,5,176.588
3.2,36,4,3.38492
3.2,37,4,12.8411
3.2,38,4,4.10844
3.2,39,8,36.477
3.2,40,0,318.522
3.2,41,3,9.57056
3.2,42,5,30.1514
3.2,43,2,31.6699
3.2,44,3,1.35473
3.2,45,0,410.079
3.2,46,6,30.1514
3.2,47,6,85.8459
3.2,48,1,225.878
3.2,49,4,3.23543
3.2,50,7,122.117
3.2,51,6,1.69532
3.2,52,4,18.1365
3.2,53,5,21.4699
3.2,54,3,3.32555
3.2,55,1,86.3256
3.2,56,1,4.09766
3.2,57,3,23.2549
3.2,58,6,93.5823
3.2,59,3,1.36682
3.2,60,2,3.32728
3.2,61,5,100.935
3.2,62,1,4.09766
3.2,63,4,18.2263
3.2,64,2,4.17164
3.2,65,4,18.1365
3.2,66,0,480.876
3.2,67,4,12.8411
3.2,68,8,49.0729
3.2,69,6,1.69532
3.2,70,5,2.77418
3.2,71,4,28.322
3.2,72,4,19.0349
3.2,73,3,2.46173
3.2,74,7,43.2732
3.2,75,10,36.477
3.2,76,0,352.78
3.2,77,6,132.788
3.2,78,4,28.322
3.2,79,10,19.18
3.2,80,8,1.73072
3.2,81,1,0.310161
3.2,82,2,224.324
3.2,83,7,85.8459
3.2,84,5,2.77418
3.2,85,3,93.392
3.2,86,4,125.812
3.2,87,5,89.1215
3.2,88,6,1.44101
3.2,89,5,61.1801
3.2,90,1,224.008
3.2,91,8,98.6634
3.2,92,4,48.9402
3.2,93,4,34.6752
3.2,94,0,352.78
3.2,95,3,1.35473
3.2,96,5,43.6289
3.2,97,8,1.73072
3.2,98,2,5.49401
3.2,99,2,191.504
3.2,100,1,224.008
3.2,101,0,271.022
3.2,102,5,108.179
3.2,103,4,175.153
3.2,104,3,2.46173
3.2,105,4,3.23543
3.2,106,2,4.17164
3.2,107,2,210.651
3.2,108,4,34.6752
3.2,109,5,54.5065
3.2,110,2,1.35695
3.2,111,4,99.0557
3.2,112,8,3.98935
3.2,113,3,23.2549
3.2,114,3,132.788
3.2,115,5,54.5065
3.2,116,1,86.3256
3.2,117,10,45.5991
3.2,118,2,5.49401
3.2,119,3,172.755
3.2,120,3,6.12719
3.2,121,3,151.519
3.2,122,8,42.0313
3.2,123,5,36.881
3.2,124,8,3.98935
3.2,125,6,172.658
3.2,126,6,1.44101
3.2,127,5,50.7467
3.2,128,7,147.262
3.2,129,3,72.5593
3.2,130,5,43.6289
3.2,131,6,1.79805
3.4,0,4,105.219
3.4,1,2,1.44003
3.4,2,7,36.881
3.4,3,8,25.2548
3.4,4,5,107.52
3.4,5,7,93.5823
3.4,6,5,156.74
3.4,7,8,132.288
3.4,8,2,51.0006
3.4,9,2,132.134
3.4,10,3,1.36682
3.4,11,2,1.35695
3.4,12,4,18.2263
3.4,13,4,48.5988
3.4,14,4,118.439
3.4,15,5,77.6631
3.4,16,4,19.0349
3.4,17,5,21.4699
3.4,18,3,93.392
3.4,19,1,0.310161
3.4,20,2,1.44003
3.4,21,4,3.38492
3.4,22,2,3.32728
3.4,23,8,42.0313
3.4,24,1,188.198
3.4,25,2,25.8931
3.4,26,4,145.109
3.4,27,4,4.10844
3.4,28,3,2.78442
3.4,29,4,65.6021
3.4,30,4,184.811
3.4,31,6,77.6631
3.4,32,5,129.986
3.4,33,2,25.8931
3.4,34,2,31.6699
3.4,35,5,176.588
3.4,36,4,3.38492
3.4,37,4,12.8411
3.4,38,4,4.10844
3.4,39,8,36.477
3.4,40,0,318.522
3.4,41,3,9.57056
3.4,42,5,30.1514
3.4,43,2,31.6699
3.4,44,3,1.35473
3.4,45,0,410.079
3.4,46,6,30.1514
3.4,47,6,85.8459
3.4,48,1,225.878
3.4,49,4,3.23543
3.4,50,7,122.117
3.4,51,6,1.69532
3.4,52,4,18.1365
3.4,53,5,21.4699
3.4,54,3,3.32555
3.4,55,1,86.3256
3.4,56,1,4.09766
3.4,57,3,23.2549
3.4,58,6,93.5823
3.4,59,3,1.36682
3.4,60,2,3.32728
3.4,61,5,100.935
3.4,62,1,4.09766
3.4,63,4,18.2263
3.4,64,2,4.17164
3.4,65,4,18.1365
3.4,66,0,480.876
3.4,67,4,12.8411
3.4,68,8,49.0729
3.4,69,6,1.69532
3.4,70,5,2.77418
3.4,71,4,28.322
3.4,72,4,19.0349
3.4,73,3,2.46173
3.4,74,7,43.2732
3.4,75,10,36.477
3.4,76,0,352.78
3.4,77,6,132.788
3.4,78,4,28.322
3.4,79,10,19.18
3.4,80,8,1.73072
3.4,81,1,0.310161
3.4,82,2,224.324
3.4,83,7,85.8459
3.4,84,5,2.77418
3.4,85,3,93.392
3.4,86,4,125.812
3.4,87,5,89.1215
3.4,88,6,1.44101
3.4,89,5,61.1801
3.4,90,1,224.008
3.4,91,8,98.6634
3.4,92,4,48.9402
3.4,93,4,34.6752
3.4,94,0,352.78
3.4,95,3,1.35473
3.4,96,5,43.6289
3.4,97,8,1.73072
3.4,98,2,5.49401
3.4,99,2,191.504
3.4,100,1,224.008
3.4,101,0,271.022
3.4,102,5,108.179
3.4,103,4,175.153
3.4,104,3,2.46173
3.4,105,4,3.23543
3.4,106,2,4.17164
3.4,107,2,210.651
3.4,108,4,34.6752
3.4,109,5,54.5065
3.4,110,2,1.35695
3.4,111,4,99.0557
3.4,112,8,3.98935
3.4,113,3,23.2549
3.4,114,3,132.788
3.4,115,5,54.5065
3.4,116,1,86.3256
3.4,117,10,45.5991
3.4,118,2,5.49401
3.4,119,3,172.755
3.4,120,3,6.12719
3.4,121,3,151.519
3.4,122,8,42.0313
3.4,123,5,36.881
3.4,124,8,3.98935
3.4,125,6,172.658
3.4,126,6,1.44101
3.4,127,5,50.7467
3.4,128,7,147.262
3.4,129,3,72.5593
3.4,130,5,43.6289
3.4,131,6,1.79805
3.6,0,4,105.219
3.6,1,2,1.44003
3.6,2,7,36.881
3.6,3,8,25.2548
3.6,4,5,107.52
3.6,5,7,93.5823
3.6,6,5,156.74
3.6,7,8,132.288
3.6,8,2,51.0006
3.6,9,2,132.134
3.6,10,3,1.36682
3.6,11,2,1.35695
3.6,12,4,18.2263
3.6,13,4,48.5988
3.6,14,4,118.439
3.6,15,5,77.6631
3.6,16,4,19.0349
3.6,17,5,21.4699
3.6,18,3,93.392
3.6,19,1,0.310161
3.6,20,2,1.44003
3.6,21,4,3.38492
3.6,22,2,3.32728
3.6,23,8,42.0313
3.6,24,1,188.198
3.6,25,2,25.8931
3.6,26,4,145.109
3.6,27,4,4.10844
3.6,28,3,2.78442
3.6,29,4,65.6021
3.6,30,4,184.811
3.6,31,6,77.6631
3.6,32,5,129.986
3.6,33,2,25.8931
3.6,34,2,31.6699
3.6,35,5,176.588
3.6,36,4,3.38492
3.6,37,4,12.8411
3.6,38,4,4.10844
3.6,39,8,36.477
3.6,40,0,318.522
3.6,41,3,9.57056
3.6,42,5,30.1514
3.6,43,2,31.6699
3.6,44,3,1.35473
3.6,45,0,410.079
3.6,46,6,30.1514
3.6,47,6,85.8459
3.6,48,1,225.878
3.6,49,4,3.23543
3.6,50,7,122.117
3.6,51,6,1.69532
3.6,52,4,18.1365
3.6,53,5,21.4699
3.6,54,3,3.32555
3.6,55,1,86.3256
3.6,56,1,4.09766
3.6,57,3,23.2549
3.6,58,6,93.5823
3.6,59,3,1.36682
3.6,60,2,3.32728
3.6,61,5,100.935
3.6,62,1,4.09766
3.6,63,4,18.2263
3.6,64,2,4.17164
3.6,65,4,18.1365
3.6,66,0,480.876
3.6,67,4,12.8411
3.6,68,8,49.0729
3.6,69,6,1.69532
3.6,70,5,2.77418
3.6,71,4,28.322
3.6,72,4,19.0349
3.6,73,3,2.46173
3.6,74,7,43.2732
3.6,75,10,36.477
3.6,76,0,352.78
3.6,77,6,132.788
3.6,78,4,28.322
3.6,79,10,19.18
3.6,80,8,1.73072
3.6,81,1,0.310161
3.6,82,2,224.324
3.6,83,7,85.8459
3.6,84,5,2.77418
3.6,85,3,93.392
3.6,86,4,125.812
3.6,87,5,89.1215
3.6,88,6,1.44101
3.6,89,5,61.1801
3.6,90,1,224.008
3.6,91,8,98.6634
3.6,92,4,48.9402
3.6,93,4,34.6752
3.6,94,0,352.78
3.6,95,3,1.35473
3.6,96,5,43.6289
3.6,97,8,1.73072
3.6,98,2,5.49401
3.6,99,2,191.504
3.6,100,1,224.008
3.6,101,0,271.022
3.6,102,5,108.179
3.6,103,4,175.153
3.6,104,3,2.46173
3.6,105,4,3.23543
3.6,106,2,4.17164
3.6,107,2,210.651
3.6,108,4,34.6752
3.6,109,5,54.5065
3.6,110,2,1.35695
3.6,111,4,99.0557
3.6,112,8,3.98935
3.6,113,3,23.2549
3.6,114,3,132.788
3.6,115,5,54.5065
3.6,116,1,86.3256
3.6,117,10,45.5991
3.6,118,2,5.49401
3.6,119,3,172.755
3.6,120,3,6.12719
3.6,121,3,151.519
3.6,122,8,42.0313
3.6,123,5,36.881
3.6,124,8,3.98935
3.6,125,6,172.658
3.6,126,6,1.44101
3.6,127,5,50.7467
3.6,128,7,147.262
3.6,129,3,72.5593
3.6,130,5,43.6289
3.6,131,6,1.79805
3.8,0,4,105.219
3.8,1,2,1.44003
3.8,2,7,36.881
3.8,3,8,25.2548
3.8,4,5,107.52
3.8,5,7,93.5823
3.8,6,5,156.74
3.8,7,8,132.288
3.8,8,2,51.0006
3.8,9,2,132.134
3.8,10,3,1.36682
3.8,11,2,1.35695
3.8,12,4,18.2263
3.8,13,4,48.5988
3.8,14,4,118.439
3.8,15,5,77.6631
3.8,16,4,19.0349
3.8,17,5,21.4699
3.8,18,3,93.392
3.8,19,1,0.310161
3.8,20,2,1.44003
3.8,21,4,3.38492
3.8,22,2,3.32728
3.8,23,8,42.0313
3.8,24,1,188.198
3.8,25,2,25.8931
3.8,26,4,145.109
3.8,27,4,4.10844
3.8,28,3,2.78442
3.8,29,4,65.6021
3.8,30,4,184.811
3.8,31,6,77.6631
3.8,32,5,129.986
3.8,33,2,25.8931
3.8,34,2,31.6699
3.8,35,5,176.588
3.8,36,4,3.38492
3.8,37,4,12.8411
3.8,38,4,4.10844
3.8,39,8,36.477
3.8,40,0,318.522
3.8,41,3,9.57056
3.8,42,5,30.1514
3.8,43,2,31.6699
3.8,44,3,1.35473
3.8,45,0,410.079
3.8,46,6,30.1514
3.8,47,6,85.8459
3.8,48,1,225.878
3.8,49,4,3.23543
3.8,50,7,122.117
3.8,51,6,1.69532
3.8,52,4,18.1365
3.8,53,5,21.4699
3.8,54,3,3.32555
3.8,55,1,86.3256
3.8,56,1,4.09766
3.8,57,3,23.2549
3.8,58,6,93.5823
3.8,59,3,1.36682
3.8,60,2,3.32728
3.8,61,5,100.935
3.8,62,1,4.09766
3.8,63,4,18.2263
3.8,64,2,4.17164
3.8,65,4,18.1365
3.8,66,0,480.876
3.8,67,4,12.8411
3.8,68,8,49.0729
3.8,69,6,1.69532
3.8,70,5,2.77418
3.8,71,4,28.322
3.8,72,4,19.0349
3.8,73,3,2.46173
3.8,74,7,43.2732
3.8,75,10,36.477
3.8,76,0,352.78
3.8,77,6,132.788
3.8,78,4,28.322
3.8,79,10,19.18
3.8,80,8,1.73072
3.8,81,1,0.310161
3.8,82,2,224.324
3.8,83,7,85.8459
3.8,84,5,2.77418
3.8,85,3,93.392
3.8,86,4,125.812
3.8,87,5,89.1215
3.8,88,6,1.44101
3.8,89,5,61.1801
3.8,90,1,224.008
3.8,91,8,98.6634
3.8,92,4,48.9402
3.8,93,4,34.6752
3.8,94,0,352.78
3.8,95,3,1.35473
3.8,96,5,43.6289
3.8,97,8,1.73072
3.8,98,2,5.49401
3.8,99,2,191.504
3.8,100,1,224.008
3.8,101,0,271.022
3.8,102,5,108.179
3.8,103,4,175.153
3.8,104,3,2.46173
3.8,105,4,3.23543
3.8,106,2,4.17164
3.8,107,2,210.651
3.8,108,4,34.6752
3.8,109,5,54.5065
3.8,110,2,1.35695
3.8,111,4,99.0557
3.8,112,8,3.98935
3.8,113,3,23.2549
3.8,114,3,132.788
3.8,115,5,54.5065
3.8,116,1,86.3256
3.8,117,10,45.5991
3.8,118,2,5.49401
3.8,119,3,172.755
3.8,120,3,6.12719
3.8,121,3,151.519
3.8,122,8,42.0313
3.8,123,5,36.881
3.8,124,8,3.98935
3.8,125,6,172.658
3.8,126,6,1.44101
3.8,127,5,50.7467
3.8,128,7,147.262
3.8,129,3,72.5593
3.8,130,5,43.6289
3.8,131,6,1.79805
4,0,4,105.219
4,1,2,1.44003
4,2,7,36.881
4,3,8,25.2548
4,4,5,107.52
4,5,7,93.5823
4,6,5,156.74
4,7,8,132.288
4,8,2,51.0006
4,9,2,132.134
4,10,3,1.36682
4,11,2,1.35695
4,12,4,18.2263
4,13,4,48.5988
4,14,4,118.439
4,15,5,77.6631
4,16,4,19.0349
4,17,5,21.4699
4,18,3,93.392
4,19,1,0.310161
4,20,2,1.44003
4,21,4,3.38492
4,22,2,3.32728
4,23,8,42.0313
4,24,1,188.198
4,25,2,25.8931
4,26,4,145.109
4,27,4,4.10844
4,28,3,2.78442
4,29,4,65.6021
4,30,4,184.811
4,31,6,77.6631
4,32,5,129.986
4,33,2,25.8931
4,34,2,31.6699
4,35,5,176.588
4,36,4,3.38492
4,37,4,12.8411
4,38,4,4.10844
4,39,8,36.477
4,40,0,318.522
4,41,3,9.57056
4,42,5,30.1514
4,43,2,31.6699
4,44,3,1.35473
4,45,0,410.079
4,46,6,30.1514
4,47,6,85.8459
4,48,1,225.878
4,49,4,3.23543
4,50,7,122.117
4,51,6,1.69532
4,52,4,18.1365
4,53,5,21.4699
4,54,3,3.32555
4,55,1,86.3256
4,56,1,4.09766
4,57,3,23.2549
4,58,6,93.5823
4,59,3,1.36682
4,60,2,3.32728
4,61,5,100.935
4,62,1,4.09766
4,63,4,18.2263
4,64,2,4.17164
4,65,4,18.1365
4,66,0,480.876
4,67,4,12.8411
4,68,8,49.0729
4,69,6,1.69532
4,70,5,2.77418
4,71,4,28.322
4,72,4,19.0349
4,73,3,2.46173
4,74,7,43.2732
4,75,10,36.477
4,76,0,352.78
4,77,6,132.788
4,78,4,28.322
4,79,10,19.18
4,80,8,1.73072
4,81,1,0.310161
4,82,2,224.324
4,83,7,85.8459
4,84,5,2.77418
4,85,3,93.392
4,86,4,125.812
4,87,5,89.1215
4,88,6,1.44101
4,89,5,61.1801
4,90,1,224.008
4,91,8,98.6634
4,92,4,48.9402
4,93,4,34.6752
4,94,0,352.78
4,95,3,1.35473
4,96,5,43.6289
4,97,8,1.73072
4,98,2,5.49401
4,99,2,191.504
4,100,1,224.008
4,101,0,271.022
4,102,5,108.179
4,103,4,175.153
4,104,3,2.46173
4,105,4,3.23543
4,106,2,4.17164
4,107,2,210.651
4,108,4,34.6752
4,109,5,54.5065
4,110,2,1.35695
4,111,4,99.0557
4,112,8,3.98935
4,113,3,23.2549
4,114,3,132.788
4,115,5,54.5065
4,116,1,86.3256
4,117,10,45.5991
4,118,2,5.49401
4,119,3,172.755
4,120,3,6.12719
4,121,3,151.519
4,122,8,42.0313
4,123,5,36.881
4,124,8,3.98935
4,125,6,172.658
4,126,6,1.44101
4,127,5,50.7467
4,128,7,147.262
4,129,3,72.5593
4,130,5,43.6289
4,131,6,1.79805
4.2,0,4,105.219
4.2,1,2,1.44003
4.2,2,7,36.881
4.2,3,8,25.2548
4.2,4,5,107.52
4.2,5,7,93.5823
4.2,6,5,156.74
4.2,7,8,132.288
4.2,8,2,51.0006
4.2,9,2,132.134
4.2,10,3,1.36682
4.2,11,2,1.35695
4.2,12,4,18.2263
4.2,13,4,48.5988
4.2,14,4,118.439
4.2,15,5,77.6631
4.2,16,4,19.0349
4.2,17,5,21.4699
4.2,18,3,93.392
4.2,19,1,0.310161
4.2,20,2,1.44003
4.2,21,4,3.38492
4.2,22,2,3.32728
4.2,23,8,42.0313
4.2,24,1,188.198
4.2,25,2,25.8931
4.2,26,4,145.109
4.2,27,4,4.10844
4.2,28,3,2.78442
4.2,29,4,65.6021
4.2,30,4,184.811
4.2,31,6,77.6631
4.2,32,5,129.986
4.2,33,2,25.8931
4.2,34,2,31.6699
4.2,35,5,176.588
4.2,36,4,3.38492
4.2,37,4,12.8411
4.2,38,4,4.10844
4.2,39,8,36.477
4.2,40,0,318.522
4.2,41,3,9.57056
4.2,42,5,30.1514
4.2,43,2,31.6699
4.2,44,3,1.35473
4.2,45,0,410.079
4.2,46,6,30.1514
4.2,47,6,85.8459
4.2,48,1,225.878
4.2,49,4,3.23543
4.2,50,7,122.117
4.2,51,6,1.69532
4.2,52,4,18.1365
4.2,53,5,21.4699
4.2,54,3,3.32555
4.2,55,1,86.3256
4.2,56,1,4.09766
4.2,57,3,23.2549
4.2,58,6,93.5823
4.2,59,3,1.36682
4.2,60,2,3.32728
4.2,61,5,100.935
4.2,62,1,4.09766
4.2,63,4,18.2263
4.2,64,2,4.17164
4.2,65,4,18.1365
4.2,66,0,480.876
4.2,67,4,12.8411
4.2,68,8,49.0729
4.2,69,6,1.69532
4.2,70,5,2.77418
4.2,71,4,28.322
4.2,72,4,19.0349
4.2,73,3,2.46173
4.2,74,7,43.2732
4.2,75,10,36.477
4.2,76,0,352.78
4.2,77,6,132.788
4.2,78,4,28.322
4.2,79,10,19.18
4.2,80,8,1.73072
4.2,81,1,0.310161
4.2,82,2,224.324
4.2,83,7,85.8459
4.2,84,5,2.77418
4.2,85,3,93.392
4.2,86,4,125.812
4.2,87,5,89.1215
4.2,88,6,1.44101
4.2,89,5,61.1801
4.2,90,1,224.008
4.2,91,8,98.6634
4.2,92,4,48.9402
4.2,93,4,34.6752
4.2,94,0,352.78
4.2,95,3,1.35473
4.2,96,5,43.6289
4.2,97,8,1.73072
4.2,98,2,5.49401
4.2,99,2,191.504
4.2,100,1,224.008
4.2,101,0,271.022
4.2,102,5,108.179
4.2,103,4,175.153
4.2,104,3,2.46173
4.2,105,4,3.23543
4.2,106,2,4.17164
4.2,107,2,210.651
4.2,108,4,34.6752
4.2,109,5,54.5065
4.2,110,2,1.35695
4.2,111,4,99.0557
4.2,112,8,3.98935
4.2,113,3,23.2549
4.2,114,3,132.788
4.2,115,5,54.5065
4.2,116,1,86.3256
4.2,117,10,45.5991
4.2,118,2,5.49401
4.2,119,3,172.755
4.2,120,3,6.12719
4.2,121,3,151.519
4.2,122,8,42.0313
4.2,123,5,36.881
4.2,124,8,3.98935
4.2,125,6,172.658
4.2,126,6,1.44101
4.2,127,5,50.7467
4.2,128,7,147.262
4.2,129,3,72.5593
4.2,130,5,43.6289
4.2,131,6,1.79805
4.4,0,4,105.219
4.4,1,2,1.44003
4.4,2,7,36.881
4.4,3,8,25.2548
4.4,4,5,107.52
4.4,5,7,93.5823
4.4,6,5,156.74
4.4,7,8,132.288
4.4,8,2,51.0006
4.4,9,2,132.134
4.4,10,3,1.36682
4.4,11,2,1.35695
4.4,12,4,18.2263
4.4,13,4,48.5988
4.4,14,4,118.439
4.4,15,5,77.6631
4.4,16,4,19.0349
4.4,17,5,21.4699
4.4,18,3,93.392
4.4,19,1,0.310161
4.4,20,2,1.44003
4.4,21,4,3.38492
4.4,22,2,3.32728
4.4,23,8,42.0313
4.4,24,1,188.198
4.4,25,2,25.8931
4.4,26,4,145.109
4.4,27,4,4.10844
4.4,28,3,2.78442
4.4,29,4,65.6021
4.4,30,4,184.811
4.4,31,6,77.6631
4.4,32,5,129.986
4.4,33,2,25.8931
4.4,34,2,31.6699
4.4,35,5,176.588
4.4,36,4,3.38492
4.4,37,4,12.8411
4.4,38,4,4.10844
4.4,39,8,36.477
4.4,40,0,318.522
4.4,41,3,9.57056
4.4,42,5,30.1514
4.4,43,2,31.6699
4.4,44,3,1.35473
4.4,45,0,410.079
4.4,46,6,30.1514
4.4,47,6,85.8459
4.4,48,1,225.878
4.4,49,4,3.23543
4.4,50,7,122.117
4.4,51,6,1.69532
4.4,52,4,18.1365
4.4,53,5,21.4699
4.4,54,3,3.32555
4.4,55,1,86.3256
4.4,56,1,4.09766
4.4,57,3,23.2549
4.4,58,6,93.5823
4.4,59,3,1.36682
4.4,60,2,3.32728
4.4,61,5,100.935
4.4,62,1,4.09766
4.4,63,4,18.2263
4.4,64,2,4.17164
4.4,65,4,18.1365
4.4,66,0,480.876
4.4,67,4,12.8411
4.4,68,8,49.0729
4.4,69,6,1.69532
4.4,70,5,2.77418
4.4,71,4,28.322
4.4,72,4,19.0349
4.4,73,3,2.46173
4.4,74,7,43.2732
4.4,75,10,36.477
4.4,76,0,352.78
4.4,77,6,132.788
4.4,78,4,28.322
4.4,79,10,19.18
4.4,80,8,1.73072
4.4,81,1,0.310161
4.4,82,2,224.324
4.4,83,7,85.8459
4.4,84,5,2.77418
4.4,85,3,93.392
4.4,86,4,125.812
4.4,87,5,89.1215
4.4,88,6,1.44101
4.4,89,5,61.1801
4.4,90,1,224.008
4.4,91,8,98.6634
4.4,92,4,48.9402
4.4,93,4,34.6752
4.4,94,0,352.78
4.4,95,3,1.35473
4.4,96,5,43.6289
4.4,97,8,1.73072
4.4,98,2,5.49401
4.4,99,2,191.504
4.4,100,1,224.008
4.4,101,0,271.022
4.4,102,5,108.179
4.4,103,4,175.153
4.4,104,3,2.46173
4.4,105,4,3.23543
4.4,106,2,4.17164
4.4,107,2,210.651
4.4,108,4,34.6752
4.4,109,5,54.5065
4.4,110,2,1.35695
4.4,111,4,99.0557
4.4,112,8,3.98935
4.4,113,3,23.2549
4.4,114,3,132.788
4.4,115,5,54.5065
4.4,116,1,86.3256
4.4,117,10,45.5991
4.4,118,2,5.49401
4.4,119,3,172.755
4.4,120,3,6.12719
4.4,121,3,151.519
4.4,122,8,42.0313
4.4,123,5,36.881
4.4,124,8,3.98935
4.4,125,6,172.658
4.4,126,6,1.44101
4.4,127,5,50.7467
4.4,128,7,147.262
4.4,129,3,72.5593
4.4,130,5,43.6289
4.4,131,6,1.79805
4.6,0,4,105.219
4.6,1,2,1.44003
4.6,2,7,36.881
4.6,3,8,25.2548
4.6,4,5,107.52
4.6,5,7,93.5823
4.6,6,5,156.74
4.6,7,8,132.288
4.6,8,2,51.0006
4.6,9,2,132.134
4.6,10,3,1.36682
4.6,11,2,1.35695
4.6,12,4,18.2263
4.6,13,4,48.5988
4.6,14,4,118.439
4.6,15,5,77.6631
4.6,16,4,19.0349
4.6,17,5,21.4699
4.6,18,3,93.392
4.6,19,1,0.310161
4.6,20,2,1.44003
4.6,21,4,3.38492
4.6,22,2,3.32728
4.6,23,8,42.0313
4.6,24,1,188.198
4.6,25,2,25.8931
4.6,26,4,145.109
4.6,27,4,4.10844
4.6,28,3,2.78442
4.6,29,4,65.6021
4.6,30,4,184.811
4.6,31,6,77.6631
4.6,32,5,129.986
4.6,33,2,25.8931
4.6,34,2,31.6699
4.6,35,5,176.588
4.6,36,4,3.38492
4.6,37,4,12.8411
4.6,38,4,4.10844
4.6,39,8,36.477
4.6,40,0,318.522
4.6,41,3,9.57056
4.6,42,5,30.1514
4.6,43,2,31.6699
4.6,44,3,1.35473
4.6,45,0,410.079
4.6,46,6,30.1514
4.6,47,6,85.8459
4.6,48,1,225.878
4.6,49,4,3.23543
4.6,50,7,122.117
4.6,51,6,1.69532
4.6,52,4,18.1365
4.6,53,5,21.4699
4.6,54,3,3.32555
4.6,55,1,86.3256
4.6,56,1,4.09766
4.6,57,3,23.2549
4.6,58,6,93.5823
4.6,59,3,1.36682
4.6,60,2,3.32728
4.6,61,5,100.935
4.6,62,1,4.09766
4.6,63,4,18.2263
4.6,64,2,4.17164
4.6,65,4,18.1365
4.6,66,0,480.876
4.6,67,4,12.8411
4.6,68,8,49.0729
4.6,69,6,1.69532
4.6,70,5,2.77418
4.6,71,4,28.322
4.6,72,4,19.0349
4.6,73,3,2.46173
4.6,74,7,43.2732
4.6,75,10,36.477
4.6,76,0,352.78
4.6,77,6,132.788
4.6,78,4,28.322
4.6,79,10,19.18
4.6,80,8,1.73072
4.6,81,1,0.310161
4.6,82,2,224.324
4.6,83,7,85.8459
4.6,84,5,2.77418
4.6,85,3,93.392
4.6,86,4,125.812
4.6,87,5,89.1215
4.6,88,6,1.44101
4.6,89,5,61.1801
4.6,90,1,224.008
4.6,91,8,98.6634
4.6,92,4,48.9402
4.6,93,4,34.6752
4.6,94,0,352.78
4.6,95,3,1.35473
4.6,96,5,43.6289
4.6,97,8,1.73072
4.6,98,2,5.49401
4.6,99,2,191.504
4.6,100,1,224.008
4.6,101,0,271.022
4.6,102,5,108.179
4.6,103,4,175.153
4.6,104,3,2.46173
4.6,105,4,3.23543
4.6,106,2,4.17164
4.6,107,2,210.651
4.6,108,4,34.6752
4.6,109,5,54.5065
4.6,110,2,1.35695
4.6,111,4,99.0557
4.6,112,8,3.98935
4.6,113,3,23.2549
4.6,114,3,132.788
4.6,115,5,54.5065
4.6,116,1,86.3256
4.6,117,10,45.5991
4.6,118,2,5.49401
4.6,119,3,172.755
4.6,120,3,6.12719
4.6,121,3,151.519
4.6,122,8,42.0313
4.6,123,5,36.881
4.6,124,8,3.98935
4.6,125,6,172.658
4.6,126,6,1.44101
4.6,127,5,50.7467
4.6,128,7,147.262
4.6,129,3,72.5593
4.6,130,5,43.6289
4.6,131,6,1.79805
4.8,0,4,105.219
4.8,1,2,1.44003
4.8,2,7,36.881
4.8,3,8,25.2548
4.8,4,5,107.52
4.8,5,7,93.5823
4.8,6,5,156.74
4.8,7,8,132.288
4.8,8,2,51.0006
4.8,9,2,132.134
4.8,10,3,1.36682
4.8,11,2,1.35695
4.8,12,4,18.2263
4.8,13,4,48.5988
4.8,14,4,118.439
4.8,15,5,77.6631
4.8,16,4,19.0349
4.8,17,5,21.4699
4.8,18,3,93.392
4.8,19,1,0.310161
4.8,20,2,1.44003
4.8,21,4,3.38492
4.8,22,2,3.32728
4.8,23,8,42.0313
4.8,24,1,188.198
4.8,25,2,25.8931
4.8,26,4,145.109
4.8,27,4,4.10844
4.8,28,3,2.78442
4.8,29,4,65.6021
4.8,30,4,184.811
4.8,31,6,77.6631
4.8,32,5,129.986
4.8,33,2,25.8931
4.8,34,2,31.6699
4.8,35,5,176.588
4.8,36,4,3.38492
4.8,37,4,12.8411
4.8,38,4,4.10844
4.8,39,8,36.477
4.8,40,0,318.522
4.8,41,3,9.57056
4.8,42,5,30.1514
4.8,43,2,31.6699
4.8,44,3,1.35473
4.8,45,0,410.079
4.8,46,6,30.1514
4.8,47,6,85.8459
4.8,48,1,225.878
4.8,49,4,3.23543
4.8,50,7,122.117
4.8,51,6,1.69532
4.8,52,4,18.1365
4.8,53,5,21.4699
4.8,54,3,3.32555
4.8,55,1,86.3256
4.8,56,1,4.09766
4.8,57,3,23.2549
4.8,58,6,93.5823
4.8,59,3,1.36682
4.8,60,2,3.32728
4.8,61,5,100.935
4.8,62,1,4.09766
4.8,63,4,18.2263
4.8,64,2,4.17164
4.8,65,4,18.1365
4.8,66,0,480.876
4.8,67,4,12.8411
4.8,68,8,49.0729
4.8,69,6,1.69532
4.8,70,5,2.77418
4.8,71,4,28.322
4.8,72,4,19.0349
4.8,73,3,2.46173
4.8,74,7,43.2732
4.8,75,10,36.477
4.8,76,0,352.78
4.8,77,6,132.788
4.8,78,4,28.322
4.8,79,10,19.18
4.8,80,8,1.73072
4.8,81,1,0.310161
4.8,82,2,224.324
4.8,83,7,85.8459
4.8,84,5,2.77418
4.8,85,3,93.392
4.8,86,4,125.812
4.8,87,5,89.1215
4.8,88,6,1.44101
4.8,89,5,61.1801
4.8,90,1,224.008
4.8,91,8,98.6634
4.8,92,4,48.9402
4.8,93,4,34.6752
4.8,94,0,352.78
4.8,95,3,1.35473
4.8,96,5,43.6289
4.8,97,8,1.73072
4.8,98,2,5.49401
4.8,99,2,191.504
4.8,100,1,224.008
4.8,101,0,271.022
4.8,102,5,108.179
4.8,103,4,175.153
4.8,104,3,2.46173
4.8,105,4,3.23543
4.8,106,2,4.17164
4.8,107,2,210.651
4.8,108,4,34.6752
4.8,109,5,54.5065
4.8,110,2,1.35695
4.8,111,4,99.0557
4.8,112,8,3.98935
4.8,113,3,23.2549
4.8,114,3,132.788
4.8,115,5,54.5065
4.8,116,1,86.3256
4.8,117,10,45.5991
4.8,118,2,5.49401
4.8,119,3,172.755
4.8,120,3,6.12719
4.8,121,3,151.519
4.8,122,8,42.0313
4.8,123,5,36.881
4.8,124,8,3.98935
4.8,125,6,172.658
4.8,126,6,1.44101
4.8,127,5,50.7467
4.8,128,7,147.262
4.8,129,3,72.5593
4.8,130,5,43.6289
4.8,131,6,1.79805
5,0,4,105.219
5,1,2,1.44003
5,2,7,36.881
5,3,8,25.2548
5,4,5,107.52
5,5,7,93.5823
5,6,5,156.74
5,7,8,132.288
5,8,2,51.0006
5,9,2,132.134
5,10,3,1.36682
5,11,2,1.35695
5,12,4,18.2263
5,13,4,48.5988
5,14,4,118.439
5,15,5,77.6631
5,16,4,19.0349
5,17,5,21.4699
5,18,3,93.392
5,19,1,0.310161
5,20,2,1.44003
5,21,4,3.38492
5,22,2,3.32728
5,23,8,42.0313
5,24,1,188.198
5,25,2,25.8931
5,26,4,145.109
5,27,4,4.10844
5,28,3,2.78442
5,29,4,65.6021
5,30,4,184.811
5,31,6,77.6631
5,32,5,129.986
5,33,2,25.8931
5,34,2,31.6699
5,35,5,176.588
5,36,4,3.38492
5,37,4,12.8411
5,38,4,4.10844
5,39,8,36.477
5,40,0,318.522
5,41,3,9.57056
5,42,5,30.1514
5,43,2,31.6699
5,44,3,1.35473
5,45,0,410.079
5,46,6,30.1514
5,47,6,85.8459
5,48,1,225.878
5,49,4,3.23543
5,50,7,122.117
5,51,6,1.69532
5,52,4,18.1365
5,53,5,21.4699
5,54,3,3.32555
5,55,1,86.3256
5,56,1,4.09766
5,57,3,23.2549
5,58,6,93.5823
5,59,3,1.36682
5,60,2,3.32728
5,61,5,100.935
5,62,1,4.09766
5,63,4,18.2263
5,64,2,4.17164
5,65,4,18.1365
5,66,0,480.876
5,67,4,12.8411
5,68,8,49.0729
5,69,6,1.69532
5,70,5,2.77418
5,71,4,28.322
5,72,4,19.0349
5,73,3,2.46173
5,74,7,43.2732
5,75,10,36.477
5,76,0,352.78
5,77,6,132.788
5,78,4,28.322
5,79,10,19.18
5,80,8,1.73072
5,81,1,0.310161
5,82,2,224.324
5,83,7,85.8459
5,84,5,2.77418
5,85,3,93.392
5,86,4,125.812
5,87,5,89.1215
5,88,6,1.44101
5,89,5,61.1801
5,90,1,224.008
5,91,8,98.6634
5,92,4,48.9402
5,93,4,34.6752
5,94,0,352.78
5,95,3,1.35473
5,96,5,43.6289
5,97,8,1.73072
5,98,2,5.49401
5,99,2,191.504
5,100,1,224.008
5,101,0,271.022
5,102,5,108.179
5,103,4,175.153
5,104,3,2.46173
5,105,4,3.23543
5,106,2,4.17164
5,107,2,210.651
5,108,4,34.6752
5,109,5,54.5065
5,110,2,1.35695
5,111,4,99.0557
5,112,8,3.98935
5,113,3,23.2549
5,114,3,132.788
5,115,5,54.5065
5,116,1,86.3256
5,117,10,45.5991
5,118,2,5.49401
5,119,3,172.755
5,120,3,6.12719
5,121,3,151.519
5,122,8,42.0313
5,123,5,36.881
5,124,8,3.98935
5,125,6,172.658
5,126,6,1.44101
5,127,5,50.7467
5,128,7,147.262
5,129,3,72.5593
5,130,5,43.6289
5,131,6,1.79805
5.2,0,4,105.219
5.2,1,2,1.44003
5.2,2,7,36.881
5.2,3,8,25.2548
5.2,4,5,107.52
5.2,5,7,93.5823
5.2,6,5,156.74
5.2,7,8,132.288
5.2,8,2,51.0006
5.2,9,2,132.134
5.2,10,3,1.36682
5.2,11,2,1.35695
5.2,12,4,18.2263
5.2,13,4,48.5988
5.2,14,4,118.439
5.2,15,5,77.6631
5.2,16,4,19.0349
5.2,17,5,21.4699
5.2,18,3,93.392
5.2,19,1,0.310161
5.2,20,2,1.44003
5.2,21,4,3.38492
5.2,22,2,3.32728
5.2,23,8,42.0313
5.2,24,1,188.198
5.2,25,2,25.8931
5.2,26,4,145.109
5.2,27,4,4.10844
5.2,28,3,2.78442
5.2,29,4,65.6021
5.2,30,4,184.811
5.2,31,6,77.6631
5.2,32,5,129.986
5.2,33,2,25.8931
5.2,34,2,31.6699
5.2,35,5,176.588
5.2,36,4,3.38492
5.2,37,4,12.8411
5.2,38,4,4.10844
5.2,39,8,36.477
5.2,40,0,318.522
5.2,41,3,9.57056
5.2,42,5,30.1514
5.2,43,2,31.6699
5.2,44,3,1.35473
5.2,45,0,410.079
5.2,46,6,30.1514
5.2,47,6,85.8459
5.2,48,1,225.878
5.2,49,4,3.23543
5.2,50,7,122.117
5.2,51,6,1.69532
5.2,52,4,18.1365
5.2,53,5,21.4699
5.2,54,3,3.32555
5.2,55,1,86.3256
5.2,56,1,4.09766
5.2,57,3,23.2549
5.2,58,6,93.5823
5.2,59,3,1.36682
5.2,60,2,3.32728
5.2,61,5,100.935
5.2,62,1,4.09766
5.2,63,4,18.2263
5.2,64,2,4.17164
5.2,65,4,18.1365
5.2,66,0,480.876
5.2,67,4,12.8411
5.2,68,8,49.0729
5.2,69,6,1.69532
5.2,70,5,2.77418
5.2,71,4,28.322
5.2,72,4,19.0349
5.2,73,3,2.46173
5.2,74,7,43.2732
5.2,75,10,36.477
5.2,76,0,352.78
5.2,77,6,132.788
5.2,78,4,28.322
5.2,79,10,19.18
5.2,80,8,1.73072
5.2,81,1,0.310161
5.2,82,2,224.324
5.2,83,7,85.8459
5.2,84,5,2.77418
5.2,85,3,93.392
5.2,86,4,125.812
5.2,87,5,89.1215
5.2,88,6,1.44101
5.2,89,5,61.1801
5.2,90,1,224.008
5.2,91,8,98.6634
5.2,92,4,48.9402
5.2,93,4,34.6752
5.2,94,0,352.78
5.2,95,3,1.35473
5.2,96,5,43.6289
5.2,97,8,1.73072
5.2,98,2,5.49401
5.2,99,2,191.504
5.2,100,1,224.008
5.2,101,0,271.022
5.2,102,5,108.179
5.2,103,4,175.153
5.2,104,3,2.46173
5.2,105,4,3.23543
5.2,106,2,4.17164
5.2,107,2,210.651
5.2,108,4,34.6752
5.2,109,5,54.5065
5.2,110,2,1.35695
5.2,111,4,99.0557
5.2,112,8,3.98935
5.2,113,3,23.2549
5.2,114,3,132.788
5.2,115,5,54.5065
5.2,116,1,86.3256
5.2,117,10,45.5991
5.2,118,2,5.49401
5.2,119,3,172.755
5.2,120,3,6.12719
5.2,121,3,151.519
5.2,122,8,42.0313
5.2,123,5,36.881
5.2,124,8,3.98935
5.2,125,6,172.658
5.2,126,6,1.44101
5.2,127,5,50.7467
5.2,128,7,147.262
5.2,129,3,72.5593
5.2,130,5,43.6289
5.2,131,6,1.79805
5.4,0,4,105.219
5.4,1,2,1.44003
5.4,2,7,36.881
5.4,3,8,25.2548
5.4,4,5,107.52
5.4,5,7,93.5823
5.4,6,5,156.74
5.4,7,8,132.288
5.4,8,2,51.0006
5.4,9,2,132.134
5.4,10,3,1.36682
5.4,11,2,1.35695
5.4,12,4,18.2263
5.4,13,4,48.5988
5.4,14,4,118.439
5.4,15,5,77.6631
5.4,16,4,19.0349
5.4,17,5,21.4699
5.4,18,3,93.392
5.4,19,1,0.310161
5.4,20,2,1.44003
5.4,21,4,3.38492
5.4,22,2,3.32728
5.4,23,8,42.0313
5.4,24,1,188.198
5.4,25,2,25.8931
5.4,26,4,145.109
5.4,27,4,4.10844
5.4,28,3,2.78442
5.4,29,4,65.6021
5.4,30,4,184.811
5.4,31,6,77.6631
5.4,32,5,129.986
5.4,33,2,25.8931
5.4,34,2,31.6699
5.4,35,5,176.588
5.4,36,4,3.38492
5.4,37,4,12.8411
5.4,38,4,4.10844
5.4,39,8,36.477
5.4,40,0,318.522
5.4,41,3,9.57056
5.4,42,5,30.1514
5.4,43,2,31.6699
5.4,44,3,1.35473
5.4,45,0,410.079
5.4,46,6,30.1514
5.4,47,6,85.8459
5.4,48,1,225.878
5.4,49,4,3.23543
5.4,50,7,122.117
5.4,51,6,1.69532
5.4,52,4,18.1365
5.4,53,5,21.4699
5.4,54,3,3.32555
5.4,55,1,86.3256
5.4,56,1,4.09766
5.4,57,3,23.2549
5.4,58,6,93.5823
5.4,59,3,1.36682
5.4,60,2,3.32728
5.4,61,5,100.935
5.4,62,1,4.09766
5.4,63,4,18.2263
5.4,64,2,4.17164
5.4,65,4,18.1365
5.4,66,0,480.876
5.4,67,4,12.8411
5.4,68,8,49.0729
5.4,69,6,1.69532
5.4,70,5,2.77418
5.4,71,4,28.322
5.4,72,4,19.0349
5.4,73,3,2.46173
5.4,74,7,43.2732
5.4,75,10,36.477
5.4,76,0,352.78
5.4,77,6,132.788
5.4,78,4,28.322
5.4,79,10,19.18
5.4,80,8,1.73072
5.4,81,1,0.310161
5.4,82,2,224.324
5.4,83,7,85.8459
5.4,84,5,2.77418
5.4,85,3,93.392
5.4,86,4,125.812
5.4,87,5,89.1215
5.4,88,6,1.44101
5.4,89,5,61.1801
5.4,90,1,224.008
5.4,91,8,98.6634
5.4,92,4,48.9402
5.4,93,4,34.6752
5.4,94,0,352.78
5.4,95,3,1.35473
5.4,96,5,43.6289
5.4,97,8,1.73072
5.4,98,2,5.49401
5.4,99,2,191.504
5.4,100,1,224.008
5.4,101,0,271.022
5.4,102,5,108.179
5.4,103,4,175.153
5.4,104,3,2.46173
5.4,105,4,3.23543
5.4,106,2,4.17164
5.4,107,2,210.651
5.4,108,4,34.6752
5.4,109,5,54.5065
5.4,110,2,1.35695
5.4,111,4,99.0557
5.4,112,8,3.98935
5.4,113,3,23.2549
5.4,114,3,132.788
5.4,115,5,54.5065
5.4,116,1,86.3256
5.4,117,10,45.5991
5.4,118,2,5.49401
5.4,119,3,172.755
5.4,120,3,6.12719
5.4,121,3,151.519
5.4,122,8,42.0313
5.4,123,5,36.881
5.4,124,8,3.98935
5.4,125,6,172.658
5.4,126,6,1.44101
5.4,127,5,50.7467
5.4,128,7,147.262
5.4,129,3,72.5593
5.4,130,5,43.6289
5.4,131,6,1.79805
5.6,0,4,105.219
5.6,1,2,1.44003
5.6,2,7,36.881
5.6,3,8,25.2548
5.6,4,5,107.52
5.6,5,7,93.5823
5.6,6,5,156.74
5.6,7,8,132.288
5.6,8,2,51.0006
5.6,9,2,132.134
5.6,10,3,1.36682
5.6,11,2,1.35695
5.6,12,4,18.2263
5.6,13,4,48.5988
5.6,14,4,118.439
5.6,15,5,77.6631
5.6,16,4,19.0349
5.6,17,5,21.4699
5.6,18,3,93.392
5.6,19,1,0.310161
5.6,20,2,1.44003
5.6,21,4,3.38492
5.6,22,2,3.32728
5.6,23,8,42.0313
5.6,24,1,188.198
5.6,25,2,25.8931
5.6,26,4,145.109
5.6,27,4,4.10844
5.6,28,3,2.78442
5.6,29,4,65.6021
5.6,30,4,184.811
5.6,31,6,77.6631
5.6,32,5,129.986
5.6,33,2,25.8931
5.6,34,2,31.6699
5.6,35,5,176.588
5.6,36,4,3.38492
5.6,37,4,12.8411
5.6,38,4,4.10844
5.6,39,8,36.477
5.6,40,0,318.522
5.6,41,3,9.57056
5.6,42,5,30.1514
5.6,43,2,31.6699
5.6,44,3,1.35473
5.6,45,0,410.079
5.6,46,6,30.1514
5.6,47,6,85.8459
5.6,48,1,225.878
5.6,49,4,3.23543
5.6,50,7,122.117
5.6,51,6,1.69532
5.6,52,4,18.1365
5.6,53,5,21.4699
5.6,54,3,3.32555
5.6,55,1,86.3256
5.6,56,1,4.09766
5.6,57,3,23.2549
5.6,58,6,93.5823
5.6,59,3,1.36682
5.6,60,2,3.32728
5.6,61,5,100.935
5.6,62,1,4.09766
5.6,63,4,18.2263
5.6,64,2,4.17164
5.6,65,4,18.1365
5.6,66,0,480.876
5.6,67,4,12.8411
5.6,68,8,49.0729
5.6,69,6,1.69532
5.6,70,5,2.77418
5.6,71,4,28.322
5.6,72,4,19.0349
5.6,73,3,2.46173
5.6,74,7,43.2732
5.6,75,10,36.477
5.6,76,0,352.78
5.6,77,6,132.788
5.6,78,4,28.322
5.6,79,10,19.18
5.6,80,8,1.73072
5.6,81,1,0.310161
5.6,82,2,224.324
5.6,83,7,85.8459
5.6,84,5,2.77418
5.6,85,3,93.392
5.6,86,4,125.812
5.6,87,5,89.1215
5.6,88,6,1.44101
5.6,89,5,61.1801
5.6,90,1,224.008
5.6,91,8,98.6634
5.6,92,4,48.9402
5.6,93,4,34.6752
5.6,94,0,352.78
5.6,95,3,1.35473
5.6,96,5,43.6289
5.6,97,8,1.73072
5.6,98,2,5.49401
5.6,99,2,191.504
5.6,100,1,224.008
5.6,101,0,271.022
5.6,102,5,108.179
5.6,103,4,175.153
5.6,104,3,2.46173
5.6,105,4,3.23543
5.6,106,2,4.17164
5.6,107,2,210.651
5.6,108,4,34.6752
5.6,109,5,54.5065
5.6,110,2,1.35695
5.6,111,4,99.0557
5.6,112,8,3.98935
5.6,113,3,23.2549
5.6,114,3,132.788
5.6,115,5,54.5065
5.6,116,1,86.3256
5.6,117,10,45.5991
5.6,118,2,5.49401
5.6,119,3,172.755
5.6,120,3,6.12719
5.6,121,3,151.519
5.6,122,8,42.0313
5.6,123,5,36.881
5.6,124,8,3.98935
5.6,125,6,172.658
5.6,126,6,1.44101
5.6,127,5,50.7467
5.6,128,7,147.262
5.6,129,3,72.5593
5.6,130,5,43.6289
5.6,131,6,1.79805
5.8,0,4,105.219
5.8,1,2,1.44003
5.8,2,7,36.881
5.8,3,8,25.2548
5.8,4,5,107.52
5.8,5,7,93.5823
5.8,6,5,156.74
5.8,7,8,132.288
5.8,8,2,51.0006
5.8,9,2,132.134
5.8,10,3,1.36682
5.8,11,2,1.35695
5.8,12,4,18.2263
5.8,13,4,48.5988
5.8,14,4,118.439
5.8,15,5,77.6631
5.8,16,4,19.0349
5.8,17,5,21.4699
5.8,18,3,93.392
5.8,19,1,0.310161
5.8,20,2,1.44003
5.8,21,4,3.38492
5.8,22,2,3.32728
5.8,23,8,42.0313
5.8,24,1,188.198
5.8,25,2,25.8931
5.8,26,4,145.109
5.8,27,4,4.10844
5.8,28,3,2.78442
5.8,29,4,65.6021
5.8,30,4,184.811
5.8,31,6,77.6631
5.8,32,5,129.986
5.8,33,2,25.8931
5.8,34,2,31.6699
5.8,35,5,176.588
5.8,36,4,3.38492
5.8,37,4,12.8411
5.8,38,4,4.10844
5.8,39,8,36.477
5.8,40,0,318.522
5.8,41,3,9.57056
5.8,42,5,30.1514
5.8,43,2,31.6699
5.8,44,3,1.35473
5.8,45,0,410.079
5.8,46,6,30.1514
5.8,47,6,85.8459
5.8,48,1,225.878
5.8,49,4,3.23543
5.8,50,7,122.117
5.8,51,6,1.69532
5.8,52,4,18.1365
5.8,53,5,21.4699
5.8,54,3,3.32555
5.8,55,1,86.3256
5.8,56,1,4.09766
5.8,57,3,23.2549
5.8,58,6,93.5823
5.8,59,3,1.36682
5.8,60,2,3.32728
5.8,61,5,100.935
5.8,62,1,4.09766
5.8,63,4,18.2263
5.8,64,2,4.17164
5.8,65,4,18.1365
5.8,66,0,480.876
5.8,67,4,12.8411
5.8,68,8,49.0729
5.8,69,6,1.69532
5.8,70,5,2.77418
5.8,71,4,28.322
5.8,72,4,19.0349
5.8,73,3,2.46173
5.8,74,7,43.2732
5.8,75,10,36.477
5.8,76,0,352.78
5.8,77,6,132.788
5.8,78,4,28.322
5.8,79,10,19.18
5.8,80,8,1.73072
5.8,81,1,0.310161
5.8,82,2,224.324
5.8,83,7,85.8459
5.8,84,5,2.77418
5.8,85,3,93.392
5.8,86,4,125.812
5.8,87,5,89.1215
5.8,88,6,1.44101
5.8,89,5,61.1801
5.8,90,1,224.008
5.8,91,8,98.6634
5.8,92,4,48.9402
5.8,93,4,34.6752
5.8,94,0,352.78
5.8,95,3,1.35473
5.8,96,5,43.6289
5.8,97,8,1.73072
5.8,98,2,5.49401
5.8,99,2,191.504
5.8,100,1,224.008
5.8,101,0,271.022
5.8,102,5,108.179
5.8,103,4,175.153
5.8,104,3,2.46173
5.8,105,4,3.23543
5.8,106,2,4.17164
5.8,107,2,210.651
5.8,108,4,34.6752
5.8,109,5,54.5065
5.8,110,2,1.35695
5.8,111,4,99.0557
5.8,112,8,3.98935
5.8,113,3,23.2549
5.8,114,3,132.788
5.8,115,5,54.5065
5.8,116,1,86.3256
5.8,117,10,45.5991
5.8,118,2,5.49401
5.8,119,3,172.755
5.8,120,3,6.12719
5.8,121,3,151.519
5.8,122,8,42.0313
5.8,123,5,36.881
5.8,124,8,3.98935
5.8,125,6,172.658
5.8,126,6,1.44101
5.8,127,5,50.7467
5.8,128,7,147.262
5.8,129,3,72.5593
5.8,130,5,43.6289
5.8,131,6,1.79805
6,0,4,105.219
6,1,2,1.44003
6,2,7,36.881
6,3,8,25.2548
6,4,5,107.52
6,5,7,93.5823
6,6,5,156.74
6,7,8,132.288
6,8,2,51.0006
6,9,2,132.134
6,10,3,1.36682
6,11,2,1.35695
6,12,4,18.2263
6,13,4,48.5988
6,14,4,118.439
6,15,5,77.6631
6,16,4,19.0349
6,17,5,21.4699
6,18,3,93.392
6,19,1,0.310161
6,20,2,1.44003
6,21,4,3.38492
6,22,2,3.32728
6,23,8,42.0313
6,24,1,188.198
6,25,2,25.8931
6,26,4,145.109
6,27,4,4.10844
6,28,3,2.78442
6,29,4,65.6021
6,30,4,184.811
6,31,6,77.6631
6,32,5,129.986
6,33,2,25.8931
6,34,2,31.6699
6,35,5,176.588
6,36,4,3.38492
6,37,4,12.8411
6,38,4,4.10844
6,39,8,36.477
6,40,0,318.522
6,41,3,9.57056
6,42,5,30.1514
6,43,2,31.6699
6,44,3,1.35473
6,45,0,410.079
6,46,6,30.1514
6,47,6,85.8459
6,48,1,225.878
6,49,4,3.23543
6,50,7,122.117
6,51,6,1.69532
6,52,4,18.1365
6,53,5,21.4699
6,54,3,3.32555
6,55,1,86.3256
6,56,1,4.09766
6,57,3,23.2549
6,58,6,93.5823
6,59,3,1.36682
6,60,2,3.32728
6,61,5,100.935
6,62,1,4.09766
6,63,4,18.2263
6,64,2,4.17164
6,65,4,18.1365
6,66,0,480.876
6,67,4,12.8411
6,68,8,49.0729
6,69,6,1.69532
6,70,5,2.77418
6,71,4,28.322
6,72,4,19.0349
6,73,3,2.46173
6,74,7,43.2732
6,75,10,36.477
6,76,0,352.78
6,77,6,132.788
6,78,4,28.322
6,79,10,19.18
6,80,8,1.73072
6,81,1,0.310161
6,82,2,224.324
6,83,7,85.8459
6,84,5,2.77418
6,85,3,93.392
6,86,4,125.812
6,87,5,89.1215
6,88,6,1.44101
6,89,5,61.1801
6,90,1,224.008
6,91,8,98.6634
6,92,4,48.9402
6,93,4,34.6752
6,94,0,352.78
6,95,3,1.35473
6,96,5,43.6289
6,97,8,1.73072
6,98,2,5.49401
6,99,2,191.504
6,100,1,224.008
6,101,0,271.022
6,102,5,108.179
6,103,4,175.153
6,104,3,2.46173
6,105,4,3.23543
6,106,2,4.17164
6,107,2,210.651
6,108,4,34.6752
6,109,5,54.5065
6,110,2,1.35695
6,111,4,99.0557
6,112,8,3.98935
6,113,3,23.2549
6,114,3,132.788
6,115,5,54.5065
6,116,1,86.3256
6,117,10,45.5991
6,118,2,5.49401
6,119,3,172.755
6,120,3,6.12719
6,121,3,151.519
6,122,8,42.0313
6,123,5,36.881
6,124,8,3.98935
6,125,6,172.658
6,126,6,1.44101
6,127,5,50.7467
6,128,7,147.262
6,129,3,72.5593
6,130,5,43.6289
6,131,6,1.79805
6.2,0,4,105.219
6.2,1,2,1.44003
6.2,2,7,36.881
6.2,3,8,25.2548
6.2,4,5,107.52
6.2,5,7,93.5823
6.2,6,5,156.74
6.2,7,8,132.288
6.2,8,2,51.0006
6.2,9,2,132.134
6.2,10,3,1.36682
6.2,11,2,1.35695
6.2,12,4,18.2263
6.2,13,4,48.5988
6.2,14,4,118.439
6.2,15,5,77.6631
6.2,16,4,19.0349
6.2,17,5,21.4699
6.2,18,3,93.392
6.2,19,1,0.310161
6.2,20,2,1.44003
6.2,21,4,3.38492
6.2,22,2,3.32728
6.2,23,8,42.0313
6.2,24,1,188.198
6.2,25,2,25.8931
6.2,26,4,145.109
6.2,27,4,4.10844
6.2,28,3,2.78442
6.2,29,4,65.6021
6.2,30,4,184.811
6.2,31,6,77.6631
6.2,32,5,129.986
6.2,33,2,25.8931
6.2,34,2,31.6699
6.2,35,5,176.588
6.2,36,4,3.38492
6.2,37,4,12.8411
6.2,38,4,4.10844
6.2,39,8,36.477
6.2,40,0,318.522
6.2,41,3,9.57056
6.2,42,5,30.1514
6.2,43,2,31.6699
6.2,44,3,1.35473
6.2,45,0,410.079
6.2,46,6,30.1514
6.2,47,6,85.8459
6.2,48,1,225.878
6.2,49,4,3.23543
6.2,50,7,122.117
6.2,51,6,1.69532
6.2,52,4,18.1365
6.2,53,5,21.4699
6.2,54,3,3.32555
6.2,55,1,86.3256
6.2,56,1,4.09766
6.2,57,3,23.2549
6.2,58,6,93.5823
6.2,59,3,1.36682
6.2,60,2,3.32728
6.2,61,5,100.935
6.2,62,1,4.09766
6.2,63,4,18.2263
6.2,64,2,4.17164
6.2,65,4,18.1365
6.2,66,0,480.876
6.2,67,4,12.8411
6.2,68,8,49.0729
6.2,69,6,1.69532
6.2,70,5,2.77418
6.2,71,4,28.322
6.2,72,4,19.0349
6.2,73,3,2.46173
6.2,74,7,43.2732
6.2,75,10,36.477
6.2,76,0,352.78
6.2,77,6,132.788
6.2,78,4,28.322
6.2,79,10,19.18
6.2,80,8,1.73072
6.2,81,1,0.310161
6.2,82,2,224.324
6.2,83,7,85.8459
6.2,84,5,2.77418
6.2,85,3,93.392
6.2,86,4,125.812
6.2,87,5,89.1215
6.2,88,6,1.44101
6.2,89,5,61.1801
6.2,90,1,224.008
6.2,91,8,98.6634
6.2,92,4,48.9402
6.2,93,4,34.6752
6.2,94,0,352.78
6.2,95,3,1.35473
6.2,96,5,43.6289
6.2,97,8,1.73072
6.2,98,2,5.49401
6.2,99,2,191.504
6.2,100,1,224.008
6.2,101,0,271.022
6.2,102,5,108.179
6.2,103,4,175.153
6.2,104,3,2.46173
6.2,105,4,3.23543
6.2,106,2,4.17164
6.2,107,2,210.651
6.2,108,4,34.6752
6.2,109,5,54.5065
6.2,110,2,1.35695
6.2,111,4,99.0557
6.2,112,8,3.98935
6.2,113,3,23.2549
6.2,114,3,132.788
6.2,115,5,54.5065
6.2,116,1,86.3256
6.2,117,10,45.5991
6.2,118,2,5.49401
6.2,119,3,172.755
6.2,120,3,6.12719
6.2,121,3,151.519
6.2,122,8,42.0313
6.2,123,5,36.881
6.2,124,8,3.98935
6.2,125,6,172.658
6.2,126,6,1.44101
6.2,127,5,50.7467
6.2,128,7,147.262
6.2,129,3,72.5593
6.2,130,5,43.6289
6.2,131,6,1.79805
6.4,0,4,105.219
6.4,1,2,1.44003
6.4,2,7,36.881
6.4,3,8,25.2548
6.4,4,5,107.52
6.4,5,7,93.5823
6.4,6,5,156.74
6.4,7,8,132.288
6.4,8,2,51.0006
6.4,9,2,132.134
6.4,10,3,1.36682
6.4,11,2,1.35695
6.4,12,4,18.2263
6.4,13,4,48.5988
6.4,14,4,118.439
6.4,15,5,77.6631
6.4,16,4,19.0349
6.4,17,5,21.4699
6.4,18,3,93.392
6.4,19,1,0.310161
6.4,20,2,1.44003
6.4,21,4,3.38492
6.4,22,2,3.32728
6.4,23,8,42.0313
6.4,24,1,188.198
6.4,25,2,25.8931
6.4,26,4,145.109
6.4,27,4,4.10844
6.4,28,3,2.78442
6.4,29,4,65.6021
6.4,30,4,184.811
6.4,31,6,77.6631
6.4,32,5,129.986
6.4,33,2,25.8931
6.4,34,2,31.6699
6.4,35,5,176.588
6.4,36,4,3.38492
6.4,37,4,12.8411
6.4,38,4,4.10844
6.4,39,8,36.477
6.4,40,0,318.522
6.4,41,3,9.57056
6.4,42,5,30.1514
6.4,43,2,31.6699
6.4,44,3,1.35473
6.4,45,0,410.079
6.4,46,6,30.1514
6.4,47,6,85.8459
6.4,48,1,225.878
6.4,49,4,3.23543
6.4,50,7,122.117
6.4,51,6,1.69532
6.4,52,4,18.1365
6.4,53,5,21.4699
6.4,54,3,3.32555
6.4,55,1,86.3256
6.4,56,1,4.09766
6.4,57,3,23.2549
6.4,58,6,93.5823
6.4,59,3,1.36682
6.4,60,2,3.32728
6.4,61,5,100.935
6.4,62,1,4.09766
6.4,63,4,18.2263
6.4,64,2,4.17164
6.4,65,4,18.1365
6.4,66,0,480.876
6.4,67,4,12.8411
6.4,68,8,49.0729
6.4,69,6,1.69532
6.4,70,5,2.77418
6.4,71,4,28.322
6.4,72,4,19.0349
6.4,73,3,2.46173
6.4,74,7,43.2732
6.4,75,10,36.477
6.4,76,0,352.78
6.4,77,6,132.788
6.4,78,4,28.322
6.4,79,10,19.18
6.4,80,8,1.73072
6.4,81,1,0.310161
6.4,82,2,224.324
6.4,83,7,85.8459
6.4,84,5,2.77418
6.4,85,3,93.392
6.4,86,4,125.812
6.4,87,5,89.1215
6.4,88,6,1.44101
6.4,89,5,61.1801
6.4,90,1,224.008
6.4,91,8,98.6634
6.4,92,4,48.9402
6.4,93,4,34.6752
6.4,94,0,352.78
6.4,95,3,1.35473
6.4,96,5,43.6289
6.4,97,8,1.73072
6.4,98,2,5.49401
6.4,99,2,191.504
6.4,100,1,224.008
6.4,101,0,271.022
6.4,102,5,108.179
6.4,103,4,175.153
6.4,104,3,2.46173
6.4,105,4,3.23543
6.4,106,2,4.17164
6.4,107,2,210.651
6.4,108,4,34.6752
6.4,109,5,54.5065
6.4,110,2,1.35695
6.4,111,4,99.0557
6.4,112,8,3.98935
6.4,113,3,23.2549
6.4,114,3,132.788
6.4,115,5,54.5065
6.4,116,1,86.3256
6.4,117,10,45.5991
6.4,118,2,5.49401
6.4,119,3,172.755
6.4,120,3,6.12719
6.4,121,3,151.519
6.4,122,8,42.0313
6.4,123,5,36.881
6.4,124,8,3.98935
6.4,125,6,172.658
6.4,126,6,1.44101
6.4,127,5,50.7467
6.4,128,7,147.262
6.4,129,3,72.5593
6.4,130,5,43.6289
6.4,131,6,1.79805
6.6,0,4,105.219
6.6,1,2,1.44003
6.6,2,7,36.881
6.6,3,8,25.2548
6.6,4,5,107.52
6.6,5,7,93.5823
6.6,6,5,156.74
6.6,7,8,132.288
6.6,8,2,51.0006
6.6,9,2,132.134
6.6,10,3,1.36682
6.6,11,2,1.35695
6.6,12,4,18.2263
6.6,13,4,48.5988
6.6,14,4,118.439
6.6,15,5,77.6631
6.6,16,4,19.0349
6.6,17,5,21.4699
6.6,18,3,93.392
6.6,19,1,0.310161
6.6,20,2,1.44003
6.6,21,4,3.38492
6.6,22,2,3.32728
6.6,23,8,42.0313
6.6,24,1,188.198
6.6,25,2,25.8931
6.6,26,4,145.109
6.6,27,4,4.10844
6.6,28,3,2.78442
6.6,29,4,65.6021
6.6,30,4,184.811
6.6,31,6,77.6631
6.6,32,5,129.986
6.6,33,2,25.8931
6.6,34,2,31.6699
6.6,35,5,176.588
6.6,36,4,3.38492
6.6,37,4,12.8411
6.6,38,4,4.10844
6.6,39,8,36.477
6.6,40,0,318.522
6.6,41,3,9.57056
6.6,42,5,30.1514
6.6,43,2,31.6699
6.6,44,3,1.35473
6.6,45,0,410.079
6.6,46,6,30.1514
6.6,47,6,85.8459
6.6,48,1,225.878
6.6,49,4,3.23543
6.6,50,7,122.117
6.6,51,6,1.69532
6.6,52,4,18.1365
6.6,53,5,21.4699
6.6,54,3,3.32555
6.6,55,1,86.3256
6.6,56,1,4.09766
6.6,57,3,23.2549
6.6,58,6,93.5823
6.6,59,3,1.36682
6.6,60,2,3.32728
6.6,61,5,100.935
6.6,62,1,4.09766
6.6,63,4,18.2263
6.6,64,2,4.17164
6.6,65,4,18.1365
6.6,66,0,480.876
6.6,67,4,12.8411
6.6,68,8,49.0729
6.6,69,6,1.69532
6.6,70,5,2.77418
6.6,71,4,28.322
6.6,72,4,19.0349
6.6,73,3,2.46173
6.6,74,7,43.2732
6.6,75,10,36.477
6.6,76,0,352.78
6.6,77,6,132.788
6.6,78,4,28.322
6.6,79,10,19.18
6.6,80,8,1.73072
6.6,81,1,0.310161
6.6,82,2,224.324
6.6,83,7,85.8459
6.6,84,5,2.77418
6.6,85,3,93.392
6.6,86,4,125.812
6.6,87,5,89.1215
6.6,88,6,1.44101
6.6,89,5,61.1801
6.6,90,1,224.008
6.6,91,8,98.6634
6.6,92,4,48.9402
6.6,93,4,34.6752
6.6,94,0,352.78
6.6,95,3,1.35473
6.6,96,5,43.6289
6.6,97,8,1.73072
6.6,98,2,5.49401
6.6,99,2,191.504
6.6,100,1,224.008
6.6,101,0,271.022
6.6,102,5,108.179
6.6,103,4,175.153
6.6,104,3,2.46173
6.6,105,4,3.23543
6.6,106,2,4.17164
6.6,107,2,210.651
6.6,108,4,34.6752
6.6,109,5,54.5065
6.6,110,2,1.35695
6.6,111,4,99.0557
6.6,112,8,3.98935
6.6,113,3,23.2549
6.6,114,3,132.788
6.6,115,5,54.5065
6.6,116,1,86.3256
6.6,117,10,45.5991
6.6,118,2,5.49401
6.6,119,3,172.755
6.6,120,3,6.12719
6.6,121,3,151.519
6.6,122,8,42.0313
6.6,123,5,36.881
6.6,124,8,3.98935
6.6,125,6,172.658
6.6,126,6,1.44101
6.6,127,5,50.7467
6.6,128,7,147.262
6.6,129,3,72.5593
6.6,130,5,43.6289
6.6,131,6,1.79805
6.8,0,4,105.219
6.8,1,2,1.44003
6.8,2,7,36.881
6.8,3,8,25.2548
6.8,4,5,107.52
6.8,5,7,93.5823
6.8,6,5,156.74
6.8,7,8,132.288
6.8,8,2,51.0006
6.8,9,2,132.134
6.8,10,3,1.36682
6.8,11,2,1.35695
6.8,12,4,18.2263
6.8,13,4,48.5988
6.8,14,4,118.439
6.8,15,5,77.6631
6.8,16,4,19.0349
6.8,17,5,21.4699
6.8,18,3,93.392
6.8,19,1,0.310161
6.8,20,2,1.44003
6.8,21,4,3.38492
6.8,22,2,3.32728
6.8,23,8,42.0313
6.8,24,1,188.198
6.8,25,2,25.8931
6.8,26,4,145.109
6.8,27,4,4.10844
6.8,28,3,2.78442
6.8,29,4,65.6021
6.8,30,4,184.811
6.8,31,6,77.6631
6.8,32,5,129.986
6.8,33,2,25.8931
6.8,34,2,31.6699
6.8,35,5,176.588
6.8,36,4,3.38492
6.8,37,4,12.8411
6.8,38,4,4.10844
6.8,39,8,36.477
6.8,40,0,318.522
6.8,41,3,9.57056
6.8,42,5,30.1514
6.8,43,2,31.6699
6.8,44,3,1.35473
6.8,45,0,410.079
6.8,46,6,30.1514
6.8,47,6,85.8459
6.8,48,1,225.878
6.8,49,4,3.23543
6.8,50,7,122.117
6.8,51,6,1.69532
6.8,52,4,18.1365
6.8,53,5,21.4699
6.8,54,3,3.32555
6.8,55,1,86.3256
6.8,56,1,4.09766
6.8,57,3,23.2549
6.8,58,6,93.5823
6.8,59,3,1.36682
6.8,60,2,3.32728
6.8,61,5,100.935
6.8,62,1,4.09766
6.8,63,4,18.2263
6.8,64,2,4.17164
6.8,65,4,18.1365
6.8,66,0,480.876
6.8,67,4,12.8411
6.8,68,8,49.0729
6.8,69,6,1.69532
6.8,70,5,2.77418
6.8,71,4,28.322
6.8,72,4,19.0349
6.8,73,3,2.46173
6.8,74,7,43.2732
6.8,75,10,36.477
6.8,76,0,352.78
6.8,77,6,132.788
6.8,78,4,28.322
6.8,79,10,19.18
6.8,80,8,1.73072
6.8,81,1,0.310161
6.8,82,2,224.324
6.8,83,7,85.8459
6.8,84,5,2.77418
6.8,85,3,93.392
6.8,86,4,125.812
6.8,87,5,89.1215
6.8,88,6,1.44101
6.8,89,5,61.1801
6.8,90,1,224.008
6.8,91,8,98.6634
6.8,92,4,48.9402
6.8,93,4,34.6752
6.8,94,0,352.78
6.8,95,3,1.35473
6.8,96,5,43.6289
6.8,97,8,1.73072
6.8,98,2,5.49401
6.8,99,2,191.504
6.8,100,1,224.008
6.8,101,0,271.022
6.8,102,5,108.179
6.8,103,4,175.153
6.8,104,3,2.46173
6.8,105,4,3.23543
6.8,106,2,4.17164
6.8,107,2,210.651
6.8,108,4,34.6752
6.8,109,5,54.5065
6.8,110,2,1.35695
6.8,111,4,99.0557
6.8,112,8,3.98935
6.8,113,3,23.2549
6.8,114,3,132.788
6.8,115,5,54.5065
6.8,116,1,86.3256
6.8,117,10,45.5991
6.8,118,2,5.49401
6.8,119,3,172.755
6.8,120,3,6.12719
6.8,121,3,151.519
6.8,122,8,42.0313
6.8,123,5,36.881
6.8,124,8,3.98935
6.8,125,6,172.658
6.8,126,6,1.44101
6.8,127,5,50.7467
6.8,128,7,147.262
6.8,129,3,72.5593
6.8,130,5,43.6289
6.8,131,6,1.79805
7,0,4,105.219
7,1,2,1.44003
7,2,7,36.881
7,3,8,25.2548
7,4,5,107.52
7,5,7,93.5823
7,6,5,156.74
7,7,8,132.288
7,8,2,51.0006
7,9,2,132.134
7,10,3,1.36682
7,11,2,1.35695
7,12,4,18.2263
7,13,4,48.5988
7,14,4,118.439
7,15,5,77.6631
7,16,4,19.0349
7,17,5,21.4699
7,18,3,93.392
7,19,1,0.310161
7,20,2,1.44003
7,21,4,3.38492
7,22,2,3.32728
7,23,8,42.0313
7,24,1,188.198
7,25,2,25.8931
7,26,4,145.109
7,27,4,4.10844
7,28,3,2.78442
7,29,4,65.6021
7,30,4,184.811
7,31,6,77.6631
7,32,5,129.986
7,33,2,25.8931
7,34,2,31.6699
7,35,5,176.588
7,36,4,3.38492
7,37,4,12.8411
7,38,4,4.10844
7,39,8,36.477
7,40,0,318.522
7,41,3,9.57056
7,42,5,30.1514
7,43,2,31.6699
7,44,3,1.35473
7,45,0,410.079
7,46,6,30.1514
7,47,6,85.8459
7,48,1,225.878
7,49,4,3.23543
7,50,7,122.117
7,51,6,1.69532
7,52,4,18.1365
7,53,5,21.4699
7,54,3,3.32555
7,55,1,86.3256
7,56,1,4.09766
7,57,3,23.2549
7,58,6,93.5823
7,59,3,1.36682
7,60,2,3.32728
7,61,5,100.935
7,62,1,4.09766
7,63,4,18.2263
7,64,2,4.17164
7,65,4,18.1365
7,66,0,480.876
7,67,4,12.8411
7,68,8,49.0729
7,69,6,1.69532
7,70,5,2.77418
7,71,4,28.322
7,72,4,19.0349
7,73,3,2.46173
7,74,7,43.2732
7,75,10,36.477
7,76,0,352.78
7,77,6,132.788
7,78,4,28.322
7,79,10,19.18
7,80,8,1.73072
7,81,1,0.310161
7,82,2,224.324
7,83,7,85.8459
7,84,5,2.77418
7,85,3,93.392
7,86,4,125.812
7,87,5,89.1215
7,88,6,1.44101
7,89,5,61.1801
7,90,1,224.008
7,91,8,98.6634
7,92,4,48.9402
7,93,4,34.6752
7,94,0,352.78
7,95,3,1.35473
7,96,5,43.6289
7,97,8,1.73072
7,98,2,5.49401
7,99,2,191.504
7,100,1,224.008
7,101,0,271.022
7,102,5,108.179
7,103,4,175.153
7,104,3,2.46173
7,105,4,3.23543
7,106,2,4.17164
7,107,2,210.651
7,108,4,34.6752
7,109,5,54.5065
7,110,2,1.35695
7,111,4,99.0557
7,112,8,3.98935
7,113,3,23.2549
7,114,3,132.788
7,115,5,54.5065
7,116,1,86.3256
7,117,10,45.5991
7,118,2,5.49401
7,119,3,172.755
7,120,3,6.12719
7,121,3,151.519
7,122,8,42.0313
7,123,5,36.881
7,124,8,3.98935
7,125,6,172.658
7,126,6,1.44101
7,127,5,50.7467
7,128,7,147.262
7,129,3,72.5593
7,130,5,43.6289
7,131,6,1.79805
7.2,0,4,105.219
7.2,1,2,1.44003
7.2,2,7,36.881
7.2,3,8,25.2548
7.2,4,5,107.52
7.2,5,7,93.5823
7.2,6,5,156.74
7.2,7,8,132.288
7.2,8,2,51.0006
7.2,9,2,132.134
7.2,10,3,1.36682
7.2,11,2,1.35695
7.2,12,4,18.2263
7.2,13,4,48.5988
7.2,14,4,118.439
7.2,15,5,77.6631
7.2,16,4,19.0349
7.2,17,5,21.4699
7.2,18,3,93.392
7.2,19,1,0.310161
7.2,20,2,1.44003
7.2,21,4,3.38492
7.2,22,2,3.32728
7.2,23,8,42.0313
7.2,24,1,188.198
7.2,25,2,25.8931
7.2,26,4,145.109
7.2,27,4,4.10844
7.2,28,3,2.78442
7.2,29,4,65.6021
7.2,30,4,184.811
7.2,31,6,77.6631
7.2,32,5,129.986
7.2,33,2,25.8931
7.2,34,2,31.6699
7.2,35,5,176.588
7.2,36,4,3.38492
7.2,37,4,12.8411
7.2,38,4,4.10844
7.2,39,8,36.477
7.2,40,0,318.522
7.2,41,3,9.57056
7.2,42,5,30.1514
7.2,43,2,31.6699
7.2,44,3,1.35473
7.2,45,0,410.079
7.2,46,6,30.1514
7.2,47,6,85.8459
7.2,48,1,225.878
7.2,49,4,3.23543
7.2,50,7,122.117
7.2,51,6,1.69532
7.2,52,4,18.1365
7.2,53,5,21.4699
7.2,54,3,3.32555
7.2,55,1,86.3256
7.2,56,1,4.09766
7.2,57,3,23.2549
7.2,58,6,93.5823
7.2,59,3,1.36682
7.2,60,2,3.32728
7.2,61,5,100.935
7.2,62,1,4.09766
7.2,63,4,18.2263
7.2,64,2,4.17164
7.2,65,4,18.1365
7.2,66,0,480.876
7.2,67,4,12.8411
7.2,68,8,49.0729
7.2,69,6,1.69532
7.2,70,5,2.77418
7.2,71,4,28.322
7.2,72,4,19.0349
7.2,73,3,2.46173
7.2,74,7,43.2732
7.2,75,10,36.477
7.2,76,0,352.78
7.2,77,6,132.788
7.2,78,4,28.322
7.2,79,10,19.18
7.2,80,8,1.73072
7.2,81,1,0.310161
7.2,82,2,224.324
7.2,83,7,85.8459
7.2,84,5,2.77418
7.2,85,3,93.392
7.2,86,4,125.812
7.2,87,5,89.1215
7.2,88,6,1.44101
7.2,89,5,61.1801
7.2,90,1,224.008
7.2,91,8,98.6634
7.2,92,4,48.9402
7.2,93,4,34.6752
7.2,94,0,352.78
7.2,95,3,1.35473
7.2,96,5,43.6289
7.2,97,8,1.73072
7.2,98,2,5.49401
7.2,99,2,191.504
7.2,100,1,224.008
7.2,101,0,271.022
7.2,102,5,108.179
7.2,103,4,175.153
7.2,104,3,2.46173
7.2,105,4,3.23543
7.2,106,2,4.17164
7.2,107,2,210.651
7.2,108,4,34.6752
7.2,109,5,54.5065
7.2,110,2,1.35695
7.2,111,4,99.0557
7.2,112,8,3.98935
7.2,113,3,23.2549
7.2,114,3,132.788
7.2,115,5,54.5065
7.2,116,1,86.3256
7.2,117,10,45.5991
7.2,118,2,5.49401
7.2,119,3,172.755
7.2,120,3,6.12719
7.2,121,3,151.519
7.2,122,8,42.0313
7.2,123,5,36.881
7.2,124,8,3.98935
7.2,125,6,172.658
7.2,126,6,1.44101
7.2,127,5,50.7467
7.2,128,7,147.262
7.2,129,3,72.5593
7.2,130,5,43.6289
7.2,131,6,1.79805
7.4,0,4,105.219
7.4,1,2,1.44003
7.4,2,7,36.881
7.4,3,8,25.2548
7.4,4,5,107.52
7.4,5,7,93.5823
7.4,6,5,156.74
7.4,7,8,132.288
7.4,8,2,51.0006
7.4,9,2,132.134
7.4,10,3,1.36682
7.4,11,2,1.35695
7.4,12,4,18.2263
7.4,13,4,48.5988
7.4,14,4,118.439
7.4,15,5,77.6631
7.4,16,4,19.0349
7.4,17,5,21.4699
7.4,18,3,93.392
7.4,19,1,0.310161
7.4,20,2,1.44003
7.4,21,4,3.38492
7.4,22,2,3.32728
7.4,23,8,42.0313
7.4,24,1,188.198
7.4,25,2,25.8931
7.4,26,4,145.109
7.4,27,4,4.10844
7.4,28,3,2.78442
7.4,29,4,65.6021
7.4,30,4,184.811
7.4,31,6,77.6631
7.4,32,5,129.986
7.4,33,2,25.8931
7.4,34,2,31.6699
7.4,35,5,176.588
7.4,36,4,3.38492
7.4,37,4,12.8411
7.4,38,4,4.10844
7.4,39,8,36.477
7.4,40,0,318.522
7.4,41,3,9.57056
7.4,42,5,30.1514
7.4,43,2,31.6699
7.4,44,3,1.35473
7.4,45,0,410.079
7.4,46,6,30.1514
7.4,47,6,85.8459
7.4,48,1,225.878
7.4,49,4,3.23543
7.4,50,7,122.117
7.4,51,6,1.69532
7.4,52,4,18.1365
7.4,53,5,21.4699
7.4,54,3,3.32555
7.4,55,1,86.3256
7.4,56,1,4.09766
7.4,57,3,23.2549
7.4,58,6,93.5823
7.4,59,3,1.36682
7.4,60,2,3.32728
7.4,61,5,100.935
7.4,62,1,4.09766
7.4,63,4,18.2263
7.4,64,2,4.17164
7.4,65,4,18.1365
7.4,66,0,480.876
7.4,67,4,12.8411
7.4,68,8,49.0729
7.4,69,6,1.69532
7.4,70,5,2.77418
7.4,71,4,28.322
7.4,72,4,19.0349
7.4,73,3,2.46173
7.4,74,7,43.2732
7.4,75,10,36.477
7.4,76,0,352.78
7.4,77,6,132.788
7.4,78,4,28.322
7.4,79,10,19.18
7.4,80,8,1.73072
7.4,81,1,0.310161
7.4,82,2,224.324
7.4,83,7,85.8459
7.4,84,5,2.77418
7.4,85,3,93.392
7.4,86,4,125.812
7.4,87,5,89.1215
7.4,88,6,1.44101
7.4,89,5,61.1801
7.4,90,1,224.008
7.4,91,8,98.6634
7.4,92,4,48.9402
7.4,93,4,34.6752
7.4,94,0,352.78
7.4,95,3,1.35473
7.4,96,5,43.6289
7.4,97,8,1.73072
7.4,98,2,5.49401
7.4,99,2,191.504
7.4,100,1,224.008
7.4,101,0,271.022
7.4,102,5,108.179
7.4,103,4,175.153
7.4,104,3,2.46173
7.4,105,4,3.23543
7.4,106,2,4.17164
7.4,107,2,210.651
7.4,108,4,34.6752
7.4,109,5,54.5065
7.4,110,2,1.35695
7.4,111,4,99.0557
7.4,112,8,3.98935
7.4,113,3,23.2549
7.4,114,3,132.788
7.4,115,5,54.5065
7.4,116,1,86.3256
7.4,117,10,45.5991
7.4,118,2,5.49401
7.4,119,3,172.755
7.4,120,3,6.12719
7.4,121,3,151.519
7.4,122,8,42.0313
7.4,123,5,36.881
7.4,124,8,3.98935
7.4,125,6,172.658
7.4,126,6,1.44101
7.4,127,5,50.7467
7.4,128,7,147.262
7.4,129,3,72.5593
7.4,130,5,43.6289
7.4,131,6,1.79805
7.6,0,4,105.219
7.6,1,2,1.44003
7.6,2,7,36.881
7.6,3,8,25.2548
7.6,4,5,107.52
7.6,5,7,93.5823
7.6,6,5,156.74
7.6,7,8,132.288
7.6,8,2,51.0006
7.6,9,2,132.134
7.6,10,3,1.36682
7.6,11,2,1.35695
7.6,12,4,18.2263
7.6,13,4,48.5988
7.6,14,4,118.439
7.6,15,5,77.6631
7.6,16,4,19.0349
7.6,17,5,21.4699
7.6,18,3,93.392
7.6,19,1,0.310161
7.6,20,2,1.44003
7.6,21,4,3.38492
7.6,22,2,3.32728
7.6,23,8,42.0313
7.6,24,1,188.198
7.6,25,2,25.8931
7.6,26,4,145.109
7.6,27,4,4.10844
7.6,28,3,2.78442
7.6,29,4,65.6021
7.6,30,4,184.811
7.6,31,6,77.6631
7.6,32,5,129.986
7.6,33,2,25.8931
7.6,34,2,31.6699
7.6,35,5,176.588
7.6,36,4,3.38492
7.6,37,4,12.8411
7.6,38,4,4.10844
7.6,39,8,36.477
7.6,40,0,318.522
7.6,41,3,9.57056
7.6,42,5,30.1514
7.6,43,2,31.6699
7.6,44,3,1.35473
7.6,45,0,410.079
7.6,46,6,30.1514
7.6,47,6,85.8459
7.6,48,1,225.878
7.6,49,4,3.23543
7.6,50,7,122.117
7.6,51,6,1.69532
7.6,52,4,18.1365
7.6,53,5,21.4699
7.6,54,3,3.32555
7.6,55,1,86.3256
7.6,56,1,4.09766
7.6,57,3,23.2549
7.6,58,6,93.5823
7.6,59,3,1.36682
7.6,60,2,3.32728
7.6,61,5,100.935
7.6,62,1,4.09766
7.6,63,4,18.2263
7.6,64,2,4.17164
7.6,65,4,18.1365
7.6,66,0,480.876
7.6,67,4,12.8411
7.6,68,8,49.0729
7.6,69,6,1.69532
7.6,70,5,2.77418
7.6,71,4,28.322
7.6,72,4,19.0349
7.6,73,3,2.46173
7.6,74,7,43.2732
7.6,75,10,36.477
7.6,76,0,352.78
7.6,77,6,132.788
7.6,78,4,28.322
7.6,79,10,19.18
7.6,80,8,1.73072
7.6,81,1,0.310161
7.6,82,2,224.324
7.6,83,7,85.8459
7.6,84,5,2.77418
7.6,85,3,93.392
7.6,86,4,125.812
7.6,87,5,89.1215
7.6,88,6,1.44101
7.6,89,5,61.1801
7.6,90,1,224.008
7.6,91,8,98.6634
7.6,92,4,48.9402
7.6,93,4,34.6752
7.6,94,0,352.78
7.6,95,3,1.35473
7.6,96,5,43.6289
7.6,97,8,1.73072
7.6,98,2,5.49401
7.6,99,2,191.504
7.6,100,1,224.008
7.6,101,0,271.022
7.6,102,5,108.179
7.6,103,4,175.153
7.6,104,3,2.46173
7.6,105,4,3.23543
7.6,106,2,4.17164
7.6,107,2,210.651
7.6,108,4,34.6752
7.6,109,5,54.5065
7.6,110,2,1.35695
7.6,111,4,99.0557
7.6,112,8,3.98935
7.6,113,3,23.2549
7.6,114,3,132.788
7.6,115,5,54.5065
7.6,116,1,86.3256
7.6,117,10,45.5991
7.6,118,2,5.49401
7.6,119,3,172.755
7.6,120,3,6.12719
7.6,121,3,151.519
7.6,122,8,42.0313
7.6,123,5,36.881
7.6,124,8,3.98935
7.6,125,6,172.658
7.6,126,6,1.44101
7.6,127,5,50.7467
7.6,128,7,147.262
7.6,129,3,72.5593
7.6,130,5,43.6289
7.6,131,6,1.79805
7.8,0,4,105.219
7.8,1,2,1.44003
7.8,2,7,36.881
7.8,3,8,25.2548
7.8,4,5,107.52
7.8,5,7,93.5823
7.8,6,5,156.74
7.8,7,8,132.288
7.8,8,2,51.0006
7.8,9,2,132.134
7.8,10,3,1.36682
7.8,11,2,1.35695
7.8,12,4,18.2263
7.8,13,4,48.5988
7.8,14,4,118.439
7.8,15,5,77.6631
7.8,16,4,19.0349
7.8,17,5,21.4699
7.8,18,3,93.392
7.8,19,1,0.310161
7.8,20,2,1.44003
7.8,21,4,3.38492
7.8,22,2,3.32728
7.8,23,8,42.0313
7.8,24,1,188.198
7.8,25,2,25.8931
7.8,26,4,145.109
7.8,27,4,4.10844
7.8,28,3,2.78442
7.8,29,4,65.6021
7.8,30,4,184.811
7.8,31,6,77.6631
7.8,32,5,129.986
7.8,33,2,25.8931
7.8,34,2,31.6699
7.8,35,5,176.588
7.8,36,4,3.38492
7.8,37,4,12.8411
7.8,38,4,4.10844
7.8,39,8,36.477
7.8,40,0,318.522
7.8,41,3,9.57056
7.8,42,5,30.1514
7.8,43,2,31.6699
7.8,44,3,1.35473
7.8,45,0,410.079
7.8,46,6,30.1514
7.8,47,6,85.8459
7.8,48,1,225.878
7.8,49,4,3.23543
7.8,50,7,122.117
7.8,51,6,1.69532
7.8,52,4,18.1365
7.8,53,5,21.4699
7.8,54,3,3.32555
7.8,55,1,86.3256
7.8,56,1,4.09766
7.8,57,3,23.2549
7.8,58,6,93.5823
7.8,59,3,1.36682
7.8,60,2,3.32728
7.8,61,5,100.935
7.8,62,1,4.09766
7.8,63,4,18.2263
7.8,64,2,4.17164
7.8,65,4,18.1365
7.8,66,0,480.876
7.8,67,4,12.8411
7.8,68,8,49.0729
7.8,69,6,1.69532
7.8,70,5,2.77418
7.8,71,4,28.322
7.8,72,4,19.0349
7.8,73,3,2.46173
7.8,74,7,43.2732
7.8,75,10,36.477
7.8,76,0,352.78
7.8,77,6,132.788
7.8,78,4,28.322
7.8,79,10,19.18
7.8,80,8,1.73072
7.8,81,1,0.310161
7.8,82,2,224.324
7.8,83,7,85.8459
7.8,84,5,2.77418
7.8,85,3,93.392
7.8,86,4,125.812
7.8,87,5,89.1215
7.8,88,6,1.44101
7.8,89,5,61.1801
7.8,90,1,224.008
7.8,91,8,98.6634
7.8,92,4,48.9402
7.8,93,4,34.6752
7.8,94,0,352.78
7.8,95,3,1.35473
7.8,96,5,43.6289
7.8,97,8,1.73072
7.8,98,2,5.49401
7.8,99,2,191.504
7.8,100,1,224.008
7.8,101,0,271.022
7.8,102,5,108.179
7.8,103,4,175.153
7.8,104,3,2.46173
7.8,105,4,3.23543
7.8,106,2,4.17164
7.8,107,2,210.651
7.8,108,4,34.6752
7.8,109,5,54.5065
7.8,110,2,1.35695
7.8,111,4,99.0557
7.8,112,8,3.98935
7.8,113,3,23.2549
7.8,114,3,132.788
7.8,115,5,54.5065
7.8,116,1,86.3256
7.8,117,10,45.5991
7.8,118,2,5.49401
7.8,119,3,172.755
7.8,120,3,6.12719
7.8,121,3,151.519
7.8,122,8,42.0313
7.8,123,5,36.881
7.8,124,8,3.98935
7.8,125,6,172.658
7.8,126,6,1.44101
7.8,127,5,50.7467
7.8,128,7,147.262
7.8,129,3,72.5593
7.8,130,5,43.6289
7.8,131,6,1.79805
8,0,4,105.219
8,1,2,1.44003
8,2,7,36.881
8,3,8,25.2548
8,4,5,107.52
8,5,7,93.5823
8,6,5,156.74
8,7,8,132.288
8,8,2,51.0006
8,9,2,132.134
8,10,3,1.36682
8,11,2,1.35695
8,12,4,18.2263
8,13,4,48.5988
8,14,4,118.439
8,15,5,77.6631
8,16,4,19.0349
8,17,5,21.4699
8,18,3,93.392
8,19,1,0.310161
8,20,2,1.44003
8,21,4,3.38492
8,22,2,3.32728
8,23,8,42.0313
8,24,1,188.198
8,25,2,25.8931
8,26,4,145.109
8,27,4,4.10844
8,28,3,2.78442
8,29,4,65.6021
8,30,4,184.811
8,31,6,77.6631
8,32,5,129.986
8,33,2,25.8931
8,34,2,31.6699
8,35,5,176.588
8,36,4,3.38492
8,37,4,12.8411
8,38,4,4.10844
8,39,8,36.477
8,40,0,318.522
8,41,3,9.57056
8,42,5,30.1514
8,43,2,31.6699
8,44,3,1.35473
8,45,0,410.079
8,46,6,30.1514
8,47,6,85.8459
8,48,1,225.878
8,49,4,3.23543
8,50,7,122.117
8,51,6,1.69532
8,52,4,18.1365
8,53,5,21.4699
8,54,3,3.32555
8,55,1,86.3256
8,56,1,4.09766
8,57,3,23.2549
8,58,6,93.5823
8,59,3,1.36682
8,60,2,3.32728
8,61,5,100.935
8,62,1,4.09766
8,63,4,18.2263
8,64,2,4.17164
8,65,4,18.1365
8,66,0,480.876
8,67,4,12.8411
8,68,8,49.0729
8,69,6,1.69532
8,70,5,2.77418
8,71,4,28.322
8,72,4,19.0349
8,73,3,2.46173
8,74,7,43.2732
8,75,10,36.477
8,76,0,352.78
8,77,6,132.788
8,78,4,28.322
8,79,10,19.18
8,80,8,1.73072
8,81,1,0.310161
8,82,2,224.324
8,83,7,85.8459
8,84,5,2.77418
8,85,3,93.392
8,86,4,125.812
8,87,5,89.1215
8,88,6,1.44101
8,89,5,61.1801
8,90,1,224.008
8,91,8,98.6634
8,92,4,48.9402
8,93,4,34.6752
8,94,0,352.78
8,95,3,1.35473
8,96,5,43.6289
8,97,8,1.73072
8,98,2,5.49401
8,99,2,191.504
8,100,1,224.008
8,101,0,271.022
8,102,5,108.179
8,103,4,175.153
8,104,3,2.46173
8,105,4,3.23543
8,106,2,4.17164
8,107,2,210.651
8,108,4,34.6752
8,109,5,54.5065
8,110,2,1.35695
8,111,4,99.0557
8,112,8,3.98935
8,113,3,23.2549
8,114,3,132.788
8,115,5,54.5065
8,116,1,86.3256
8,117,10,45.5991
8,118,2,5.49401
8,119,3,172.755
8,120,3,6.12719
8,121,3,151.519
8,122,8,42.0313
8,123,5,36.881
8,124,8,3.98935
8,125,6,172.658
8,126,6,1.44101
8,127,5,50.7467
8,128,7,147.262
8,129,3,72.5593
8,130,5,43.6289
8,131,6,1.79805
8.2,0,4,105.219
8.2,1,2,1.44003
8.2,2,7,36.881
8.2,3,8,25.2548
8.2,4,5,107.52
8.2,5,7,93.5823
8.2,6,5,156.74
8.2,7,8,132.288
8.2,8,2,51.0006
8.2,9,2,132.134
8.2,10,3,1.36682
8.2,11,2,1.35695
8.2,12,4,18.2263
8.2,13,4,48.5988
8.2,14,4,118.439
8.2,15,5,77.6631
8.2,16,4,19.0349
8.2,17,5,21.4699
8.2,18,3,93.392
8.2,19,1,0.310161
8.2,20,2,1.44003
8.2,21,4,3.38492
8.2,22,2,3.32728
8.2,23,8,42.0313
8.2,24,1,188.198
8.2,25,2,25.8931
8.2,26,4,145.109
8.2,27,4,4.10844
8.2,28,3,2.78442
8.2,29,4,65.6021
8.2,30,4,184.811
8.2,31,6,77.6631
8.2,32,5,129.986
8.2,33,2,25.8931
8.2,34,2,31.6699
8.2,35,5,176.588
8.2,36,4,3.38492
8.2,37,4,12.8411
8.2,38,4,4.10844
8.2,39,8,36.477
8.2,40,0,318.522
8.2,41,3,9.57056
8.2,42,5,30.1514
8.2,43,2,31.6699
8.2,44,3,1.35473
8.2,45,0,410.079
8.2,46,6,30.1514
8.2,47,6,85.8459
8.2,48,1,225.878
8.2,49,4,3.23543
8.2,50,7,122.117
8.2,51,6,1.69532
8.2,52,4,18.1365
8.2,53,5,21.4699
8.2,54,3,3.32555
8.2,55,1,86.3256
8.2,56,1,4.09766
8.2,57,3,23.2549
8.2,58,6,93.5823
8.2,59,3,1.36682
8.2,60,2,3.32728
8.2,61,5,100.935
8.2,62,1,4.09766
8.2,63,4,18.2263
8.2,64,2,4.17164
8.2,65,4,18.1365
8.2,66,0,480.876
8.2,67,4,12.8411
8.2,68,8,49.0729
8.2,69,6,1.69532
8.2,70,5,2.77418
8.2,71,4,28.322
8.2,72,4,19.0349
8.2,73,3,2.46173
8.2,74,7,43.2732
8.2,75,10,36.477
8.2,76,0,352.78
8.2,77,6,132.788
8.2,78,4,28.322
8.2,79,10,19.18
8.2,80,8,1.73072
8.2,81,1,0.310161
8.2,82,2,224.324
8.2,83,7,85.8459
8.2,84,5,2.77418
8.2,85,3,93.392
8.2,86,4,125.812
8.2,87,5,89.1215
8.2,88,6,1.44101
8.2,89,5,61.1801
8.2,90,1,224.008
8.2,91,8,98.6634
8.2,92,4,48.9402
8.2,93,4,34.6752
8.2,94,0,352.78
8.2,95,3,1.35473
8.2,96,5,43.6289
8.2,97,8,1.73072
8.2,98,2,5.49401
8.2,99,2,191.504
8.2,100,1,224.008
8.2,101,0,271.022
8.2,102,5,108.179
8.2,103,4,175.153
8.2,104,3,2.46173
8.2,105,4,3.23543
8.2,106,2,4.17164
8.2,107,2,210.651
8.2,108,4,34.6752
8.2,109,5,54.5065
8.2,110,2,1.35695
8.2,111,4,99.0557
8.2,112,8,3.98935
8.2,113,3,23.2549
8.2,114,3,132.788
8.2,115,5,54.5065
8.2,116,1,86.3256
8.2,117,10,45.5991
8.2,118,2,5.49401
8.2,119,3,172.755
8.2,120,3,6.12719
8.2,121,3,151.519
8.2,122,8,42.0313
8.2,123,5,36.881
8.2,124,8,3.98935
8.2,125,6,172.658
8.2,126,6,1.44101
8.2,127,5,50.7467
8.2,128,7,147.262
8.2,129,3,72.5593
8.2,130,5,43.6289
8.2,131,6,1.79805
8.4,0,4,105.219
8.4,1,2,1.44003
8.4,2,7,36.881
8.4,3,8,25.2548
8.4,4,5,107.52
8.4,5,7,93.5823
8.4,6,5,156.74
8.4,7,8,132.288
8.4,8,2,51.0006
8.4,9,2,132.134
8.4,10,3,1.36682
8.4,11,2,1.35695
8.4,12,4,18.2263
8.4,13,4,48.5988
8.4,14,4,118.439
8.4,15,5,77.6631
8.4,16,4,19.0349
8.4,17,5,21.4699
8.4,18,3,93.392
8.4,19,1,0.310161
8.4,20,2,1.44003
8.4,21,4,3.38492
8.4,22,2,3.32728
8.4,23,8,42.0313
8.4,24,1,188.198
8.4,25,2,25.8931
8.4,26,4,145.109
8.4,27,4,4.10844
8.4,28,3,2.78442
8.4,29,4,65.6021
8.4,30,4,184.811
8.4,31,6,77.6631
8.4,32,5,129.986
8.4,33,2,25.8931
8.4,34,2,31.6699
8.4,35,5,176.588
8.4,36,4,3.38492
8.4,37,4,12.8411
8.4,38,4,4.10844
8.4,39,8,36.477
8.4,40,0,318.522
8.4,41,3,9.57056
8.4,42,5,30.1514
8.4,43,2,31.6699
8.4,44,3,1.35473
8.4,45,0,410.079
8.4,46,6,30.1514
8.4,47,6,85.8459
8.4,48,1,225.878
8.4,49,4,3.23543
8.4,50,7,122.117
8.4,51,6,1.69532
8.4,52,4,18.1365
8.4,53,5,21.4699
8.4,54,3,3.32555
8.4,55,1,86.3256
8.4,56,1,4.09766
8.4,57,3,23.2549
8.4,58,6,93.5823
8.4,59,3,1.36682
8.4,60,2,3.32728
8.4,61,5,100.935
8.4,62,1,4.09766
8.4,63,4,18.2263
8.4,64,2,4.17164
8.4,65,4,18.1365
8.4,66,0,480.876
8.4,67,4,12.8411
8.4,68,8,49.0729
8.4,69,6,1.69532
8.4,70,5,2.77418
8.4,71,4,28.322
8.4,72,4,19.0349
8.4,73,3,2.46173
8.4,74,7,43.2732
8.4,75,10,36.477
8.4,76,0,352.78
8.4,77,6,132.788
8.4,78,4,28.322
8.4,79,10,19.18
8.4,80,8,1.73072
8.4,81,1,0.310161
8.4,82,2,224.324
8.4,83,7,85.8459
8.4,84,5,2.77418
8.4,85,3,93.392
8.4,86,4,125.812
8.4,87,5,89.1215
8.4,88,6,1.44101
8.4,89,5,61.1801
8.4,90,1,224.008
8.4,91,8,98.6634
8.4,92,4,48.9402
8.4,93,4,34.6752
8.4,94,0,352.78
8.4,95,3,1.35473
8.4,96,5,43.6289
8.4,97,8,1.73072
8.4,98,2,5.49401
8.4,99,2,191.504
8.4,100,1,224.008
8.4,101,0,271.022
8.4,102,5,108.179
8.4,103,4,175.153
8.4,104,3,2.46173
8.4,105,4,3.23543
8.4,106,2,4.17164
8.4,107,2,210.651
8.4,108,4,34.6752
8.4,109,5,54.5065
8.4,110,2,1.35695
8.4,111,4,99.0557
8.4,112,8,3.98935
8.4,113,3,23.2549
8.4,114,3,132.788
8.4,115,5,54.5065
8.4,116,1,86.3256
8.4,117,10,45.5991
8.4,118,2,5.49401
8.4,119,3,172.755
8.4,120,3,6.12719
8.4,121,3,151.519
8.4,122,8,42.0313
8.4,123,5,36.881
8.4,124,8,3.98935
8.4,125,6,172.658
8.4,126,6,1.44101
8.4,127,5,50.7467
8.4,128,7,147.262
8.4,129,3,72.5593
8.4,130,5,43.6289
8.4,131,6,1.79805
8.6,0,4,105.219
8.6,1,2,1.44003
8.6,2,7,36.881
8.6,3,8,25.2548
8.6,4,5,107.52
8.6,5,7,93.5823
8.6,6,5,156.74
8.6,7,8,132.288
8.6,8,2,51.0006
8.6,9,2,132.134
8.6,10,3,1.36682
8.6,11,2,1.35695
8.6,12,4,18.2263
8.6,13,4,48.5988
8.6,14,4,118.439
8.6,15,5,77.6631
8.6,16,4,19.0349
8.6,17,5,21.4699
8.6,18,3,93.392
8.6,19,1,0.310161
8.6,20,2,1.44003
8.6,21,4,3.38492
8.6,22,2,3.32728
8.6,23,8,42.0313
8.6,24,1,188.198
8.6,25,2,25.8931
8.6,26,4,145.109
8.6,27,4,4.10844
8.6,28,3,2.78442
8.6,29,4,65.6021
8.6,30,4,184.811
8.6,31,6,77.6631
8.6,32,5,129.986
8.6,33,2,25.8931
8.6,34,2,31.6699
8.6,35,5,176.588
8.6,36,4,3.38492
8.6,37,4,12.8411
8.6,38,4,4.10844
8.6,39,8,36.477
8.6,40,0,318.522
8.6,41,3,9.57056
8.6,42,5,30.1514
8.6,43,2,31.6699
8.6,44,3,1.35473
8.6,45,0,410.079
8.6,46,6,30.1514
8.6,47,6,85.8459
8.6,48,1,225.878
8.6,49,4,3.23543
8.6,50,7,122.117
8.6,51,6,1.69532
8.6,52,4,18.1365
8.6,53,5,21.4699
8.6,54,3,3.32555
8.6,55,1,86.3256
8.6,56,1,4.09766
8.6,57,3,23.2549
8.6,58,6,93.5823
8.6,59,3,1.36682
8.6,60,2,3.32728
8.6,61,5,100.935
8.6,62,1,4.09766
8.6,63,4,18.2263
8.6,64,2,4.17164
8.6,65,4,18.1365
8.6,66,0,480.876
8.6,67,4,12.8411
8.6,68,8,49.0729
8.6,69,6,1.69532
8.6,70,5,2.77418
8.6,71,4,28.322
8.6,72,4,19.0349
8.6,73,3,2.46173
8.6,74,7,43.2732
8.6,75,10,36.477
8.6,76,0,352.78
8.6,77,6,132.788
8.6,78,4,28.322
8.6,79,10,19.18
8.6,80,8,1.73072
8.6,81,1,0.310161
8.6,82,2,224.324
8.6,83,7,85.8459
8.6,84,5,2.77418
8.6,85,3,93.392
8.6,86,4,125.812
8.6,87,5,89.1215
8.6,88,6,1.44101
8.6,89,5,61.1801
8.6,90,1,224.008
8.6,91,8,98.6634
8.6,92,4,48.9402
8.6,93,4,34.6752
8.6,94,0,352.78
8.6,95,3,1.35473
8.6,96,5,43.6289
8.6,97,8,1.73072
8.6,98,2,5.49401
8.6,99,2,191.504
8.6,100,1,224.008
8.6,101,0,271.022
8.6,102,5,108.179
8.6,103,4,175.153
8.6,104,3,2.46173
8.6,105,4,3.23543
8.6,106,2,4.17164
8.6,107,2,210.651
8.6,108,4,34.6752
8.6,109,5,54.5065
8.6,110,2,1.35695
8.6,111,4,99.0557
8.6,112,8,3.98935
8.6,113,3,23.2549
8.6,114,3,132.788
8.6,115,5,54.5065
8.6,116,1,86.3256
8.6,117,10,45.5991
8.6,118,2,5.49401
8.6,119,3,172.755
8.6,120,3,6.12719
8.6,121,3,151.519
8.6,122,8,42.0313
8.6,123,5,36.881
8.6,124,8,3.98935
8.6,125,6,172.658
8.6,126,6,1.44101
8.6,127,5,50.7467
8.6,128,7,147.262
8.6,129,3,72.5593
8.6,130,5,43.6289
8.6,131,6,1.79805
8.8,0,4,105.219
8.8,1,2,1.44003
8.8,2,7,36.881
8.8,3,8,25.2548
8.8,4,5,107.52
8.8,5,7,93.5823
8.8,6,5,156.74
8.8,7,8,132.288
8.8,8,2,51.0006
8.8,9,2,132.134
8.8,10,3,1.36682
8.8,11,2,1.35695
8.8,12,4,18.2263
8.8,13,4,48.5988
8.8,14,4,118.439
8.8,15,5,77.6631
8.8,16,4,19.0349
8.8,17,5,21.4699
8.8,18,3,93.392
8.8,19,1,0.310161
8.8,20,2,1.44003
8.8,21,4,3.38492
8.8,22,2,3.32728
8.8,23,8,42.0313
8.8,24,1,188.198
8.8,25,2,25.8931
8.8,26,4,145.109
8.8,27,4,4.10844
8.8,28,3,2.78442
8.8,29,4,65.6021
8.8,30,4,184.811
8.8,31,6,77.6631
8.8,32,5,129.986
8.8,33,2,25.8931
8.8,34,2,31.6699
8.8,35,5,176.588
8.8,36,4,3.38492
8.8,37,4,12.8411
8.8,38,4,4.10844
8.8,39,8,36.477
8.8,40,0,318.522
8.8,41,3,9.57056
8.8,42,5,30.1514
8.8,43,2,31.6699
8.8,44,3,1.35473
8.8,45,0,410.079
8.8,46,6,30.1514
8.8,47,6,85.8459
8.8,48,1,225.878
8.8,49,4,3.23543
8.8,50,7,122.117
8.8,51,6,1.69532
8.8,52,4,18.1365
8.8,53,5,21.4699
8.8,54,3,3.32555
8.8,55,1,86.3256
8.8,56,1,4.09766
8.8,57,3,23.2549
8.8,58,6,93.5823
8.8,59,3,1.36682
8.8,60,2,3.32728
8.8,61,5,100.935
8.8,62,1,4.09766
8.8,63,4,18.2263
8.8,64,2,4.17164
8.8,65,4,18.1365
8.8,66,0,480.876
8.8,67,4,12.8411
8.8,68,8,49.0729
8.8,69,6,1.69532
8.8,70,5,2.77418
8.8,71,4,28.322
8.8,72,4,19.0349
8.8,73,3,2.46173
8.8,74,7,43.2732
8.8,75,10,36.477
8.8,76,0,352.78
8.8,77,6,132.788
8.8,78,4,28.322
8.8,79,10,19.18
8.8,80,8,1.73072
8.8,81,1,0.310161
8.8,82,2,224.324
8.8,83,7,85.8459
8.8,84,5,2.77418
8.8,85,3,93.392
8.8,86,4,125.812
8.8,87,5,89.1215
8.8,88,6,1.44101
8.8,89,5,61.1801
8.8,90,1,224.008
8.8,91,8,98.6634
8.8,92,4,48.9402
8.8,93,4,34.6752
8.8,94,0,352.78
8.8,95,3,1.35473
8.8,96,5,43.6289
8.8,97,8,1.73072
8.8,98,2,5.49401
8.8,99,2,191.504
8.8,100,1,224.008
8.8,101,0,271.022
8.8,102,5,108.179
8.8,103,4,175.153
8.8,104,3,2.46173
8.8,105,4,3.23543
8.8,106,2,4.17164
8.8,107,2,210.651
8.8,108,4,34.6752
8.8,109,5,54.5065
8.8,110,2,1.35695
8.8,111,4,99.0557
8.8,112,8,3.98935
8.8,113,3,23.2549
8.8,114,3,132.788
8.8,115,5,54.5065
8.8,116,1,86.3256
8.8,117,10,45.5991
8.8,118,2,5.49401
8.8,119,3,172.755
8.8,120,3,6.12719
8.8,121,3,151.519
8.8,122,8,42.0313
8.8,123,5,36.881
8.8,124,8,3.98935
8.8,125,6,172.658
8.8,126,6,1.44101
8.8,127,5,50.7467
8.8,128,7,147.262
8.8,129,3,72.5593
8.8,130,5,43.6289
8.8,131,6,1.79805
9,0,4,105.219
9,1,2,1.44003
9,2,7,36.881
9,3,8,25.2548
9,4,5,107.52
9,5,7,93.5823
9,6,5,156.74
9,7,8,132.288
9,8,2,51.0006
9,9,2,132.134
9,10,3,1.36682
9,11,2,1.35695
9,12,4,18.2263
9,13,4,48.5988
9,14,4,118.439
9,15,5,77.6631
9,16,4,19.0349
9,17,5,21.4699
9,18,3,93.392
9,19,1,0.310161
9,20,2,1.44003
9,21,4,3.38492
9,22,2,3.32728
9,23,8,42.0313
9,24,1,188.198
9,25,2,25.8931
9,26,4,145.109
9,27,4,4.10844
9,28,3,2.78442
9,29,4,65.6021
9,30,4,184.811
9,31,6,77.6631
9,32,5,129.986
9,33,2,25.8931
9,34,2,31.6699
9,35,5,176.588
9,36,4,3.38492
9,37,4,12.8411
9,38,4,4.10844
9,39,8,36.477
9,40,0,318.522
9,41,3,9.57056
9,42,5,30.1514
9,43,2,31.6699
9,44,3,1.35473
9,45,0,410.079
9,46,6,30.1514
9,47,6,85.8459
9,48,1,225.878
9,49,4,3.23543
9,50,7,122.117
9,51,6,1.69532
9,52,4,18.1365
9,53,5,21.4699
9,54,3,3.32555
9,55,1,86.3256
9,56,1,4.09766
9,57,3,23.2549
9,58,6,93.5823
9,59,3,1.36682
9,60,2,3.32728
9,61,5,100.935
9,62,1,4.09766
9,63,4,18.2263
9,64,2,4.17164
9,65,4,18.1365
9,66,0,480.876
9,67,4,12.8411
9,68,8,49.0729
9,69,6,1.69532
9,70,5,2.77418
9,71,4,28.322
9,72,4,19.0349
9,73,3,2.46173
9,74,7,43.2732
9,75,10,36.477
9,76,0,352.78
9,77,6,132.788
9,78,4,28.322
9,79,10,19.18
9,80,8,1.73072
9,81,1,0.310161
9,82,2,224.324
9,83,7,85.8459
9,84,5,2.77418
9,85,3,93.392
9,86,4,125.812
9,87,5,89.1215
9,88,6,1.44101
9,89,5,61.1801
9,90,1,224.008
9,91,8,98.6634
9,92,4,48.9402
9,93,4,34.6752
9,94,0,352.78
9,95,3,1.35473
9,96,5,43.6289
9,97,8,1.73072
9,98,2,5.49401
9,99,2,191.504
9,100,1,224.008
9,101,0,271.022
9,102,5,108.179
9,103,4,175.153
9,104,3,2.46173
9,105,4,3.23543
9,106,2,4.17164
9,107,2,210.651
9,108,4,34.6752
9,109,5,54.5065
9,110,2,1.35695
9,111,4,99.0557
9,112,8,3.98935
9,113,3,23.2549
9,114,3,132.788
9,115,5,54.5065
9,116,1,86.3256
9,117,10,45.5991
9,118,2,5.49401
9,119,3,172.755
9,120,3,6.12719
9,121,3,151.519
9,122,8,42.0313
9,123,5,36.881
9,124,8,3.98935
9,125,6,172.658
9,126,6,1.44101
9,127,5,50.7467
9,128,7,147.262
9,129,3,72.5593
9,130,5,43.6289
9,131,6,1.79805
9.2,0,4,105.219
9.2,1,2,1.44003
9.2,2,7,36.881
9.2,3,8,25.2548
9.2,4,5,107.52
9.2,5,7,93.5823
9.2,6,5,156.74
9.2,7,8,132.288
9.2,8,2,51.0006
9.2,9,2,132.134
9.2,10,3,1.36682
9.2,11,2,1.35695
9.2,12,4,18.2263
9.2,13,4,48.5988
9.2,14,4,118.439
9.2,15,5,77.6631
9.2,16,4,19.0349
9.2,17,5,21.4699
9.2,18,3,93.392
9.2,19,1,0.310161
9.2,20,2,1.44003
9.2,21,4,3.38492
9.2,22,2,3.32728
9.2,23,8,42.0313
9.2,24,1,188.198
9.2,25,2,25.8931
9.2,26,4,145.109
9.2,27,4,4.10844
9.2,28,3,2.78442
9.2,29,4,65.6021
9.2,30,4,184.811
9.2,31,6,77.6631
9.2,32,5,129.986
9.2,33,2,25.8931
9.2,34,2,31.6699
9.2,35,5,176.588
9.2,36,4,3.38492
9.2,37,4,12.8411
9.2,38,4,4.10844
9.2,39,8,36.477
9.2,40,0,318.522
9.2,41,3,9.57056
9.2,42,5,30.1514
9.2,43,2,31.6699
9.2,44,3,1.35473
9.2,45,0,410.079
9.2,46,6,30.1514
9.2,47,6,85.8459
9.2,48,1,225.878
9.2,49,4,3.23543
9.2,50,7,122.117
9.2,51,6,1.69532
9.2,52,4,18.1365
9.2,53,5,21.4699
9.2,54,3,3.32555
9.2,55,1,86.3256
9.2,56,1,4.09766
9.2,57,3,23.2549
9.2,58,6,93.5823
9.2,59,3,1.36682
9.2,60,2,3.32728
9.2,61,5,100.935
9.2,62,1,4.09766
9.2,63,4,18.2263
9.2,64,2,4.17164
9.2,65,4,18.1365
9.2,66,0,480.876
9.2,67,4,12.8411
9.2,68,8,49.0729
9.2,69,6,1.69532
9.2,70,5,2.77418
9.2,71,4,28.322
9.2,72,4,19.0349
9.2,73,3,2.46173
9.2,74,7,43.2732
9.2,75,10,36.477
9.2,76,0,352.78
9.2,77,6,132.788
9.2,78,4,28.322
9.2,79,10,19.18
9.2,80,8,1.73072
9.2,81,1,0.310161
9.2,82,2,224.324
9.2,83,7,85.8459
9.2,84,5,2.77418
9.2,85,3,93.392
9.2,86,4,125.812
9.2,87,5,89.1215
9.2,88,6,1.44101
9.2,89,5,61.1801
9.2,90,1,224.008
9.2,91,8,98.6634
9.2,92,4,48.9402
9.2,93,4,34.6752
9.2,94,0,352.78
9.2,95,3,1.35473
9.2,96,5,43.6289
9.2,97,8,1.73072
9.2,98,2,5.49401
9.2,99,2,191.504
9.2,100,1,224.008
9.2,101,0,271.022
9.2,102,5,108.179
9.2,103,4,175.153
9.2,104,3,2.46173
9.2,105,4,3.23543
9.2,106,2,4.17164
9.2,107,2,210.651
9.2,108,4,34.6752
9.2,109,5,54.5065
9.2,110,2,1.35695
9.2,111,4,99.0557
9.2,112,8,3.98935
9.2,113,3,23.2549
9.2,114,3,132.788
9.2,115,5,54.5065
9.2,116,1,86.3256
9.2,117,10,45.5991
9.2,118,2,5.49401
9.2,119,3,172.755
9.2,120,3,6.12719
9.2,121,3,151.519
9.2,122,8,42.0313
9.2,123,5,36.881
9.2,124,8,3.98935
9.2,125,6,172.658
9.2,126,6,1.44101
9.2,127,5,50.7467
9.2,128,7,147.262
9.2,129,3,72.5593
9.2,130,5,43.6289
9.2,131,6,1.79805
9.4,0,4,105.219
9.4,1,2,1.44003
9.4,2,7,36.881
9.4,3,8,25.2548
9.4,4,5,107.52
9.4,5,7,93.5823
9.4,6,5,156.74
9.4,7,8,132.288
9.4,8,2,51.0006
9.4,9,2,132.134
9.4,10,3,1.36682
9.4,11,2,1.35695
9.4,12,4,18.2263
9.4,13,4,48.5988
9.4,14,4,118.439
9.4,15,5,77.6631
9.4,16,4,19.0349
9.4,17,5,21.4699
9.4,18,3,93.392
9.4,19,1,0.310161
9.4,20,2,1.44003
9.4,21,4,3.38492
9.4,22,2,3.32728
9.4,23,8,42.0313
9.4,24,1,188.198
9.4,25,2,25.8931
9.4,26,4,145.109
9.4,27,4,4.10844
9.4,28,3,2.78442
9.4,29,4,65.6021
9.4,30,4,184.811
9.4,31,6,77.6631
9.4,32,5,129.986
9.4,33,2,25.8931
9.4,34,2,31.6699
9.4,35,5,176.588
9.4,36,4,3.38492
9.4,37,4,12.8411
9.4,38,4,4.10844
9.4,39,8,36.477
9.4,40,0,318.522
9.4,41,3,9.57056
9.4,42,5,30.1514
9.4,43,2,31.6699
9.4,44,3,1.35473
9.4,45,0,410.079
9.4,46,6,30.1514
9.4,47,6,85.8459
9.4,48,1,225.878
9.4,49,4,3.23543
9.4,50,7,122.117
9.4,51,6,1.69532
9.4,52,4,18.1365
9.4,53,5,21.4699
9.4,54,3,3.32555
9.4,55,1,86.3256
9.4,56,1,4.09766
9.4,57,3,23.2549
9.4,58,6,93.5823
9.4,59,3,1.36682
9.4,60,2,3.32728
9.4,61,5,100.935
9.4,62,1,4.09766
9.4,63,4,18.2263
9.4,64,2,4.17164
9.4,65,4,18.1365
9.4,66,0,480.876
9.4,67,4,12.8411
9.4,68,8,49.0729
9.4,69,6,1.69532
9.4,70,5,2.77418
9.4,71,4,28.322
9.4,72,4,19.0349
9.4,73,3,2.46173
9.4,74,7,43.2732
9.4,75,10,36.477
9.4,76,0,352.78
9.4,77,6,132.788
9.4,78,4,28.322
9.4,79,10,19.18
9.4,80,8,1.73072
9.4,81,1,0.310161
9.4,82,2,224.324
9.4,83,7,85.8459
9.4,84,5,2.77418
9.4,85,3,93.392
9.4,86,4,125.812
9.4,87,5,89.1215
9.4,88,6,1.44101
9.4,89,5,61.1801
9.4,90,1,224.008
9.4,91,8,98.6634
9.4,92,4,48.9402
9.4,93,4,34.6752
9.4,94,0,352.78
9.4,95,3,1.35473
9.4,96,5,43.6289
9.4,97,8,1.73072
9.4,98,2,5.49401
9.4,99,2,191.504
9.4,100,1,224.008
9.4,101,0,271.022
9.4,102,5,108.179
9.4,103,4,175.153
9.4,104,3,2.46173
9.4,105,4,3.23543
9.4,106,2,4.17164
9.4,107,2,210.651
9.4,108,4,34.6752
9.4,109,5,54.5065
9.4,110,2,1.35695
9.4,111,4,99.0557
9.4,112,8,3.98935
9.4,113,3,23.2549
9.4,114,3,132.788
9.4,115,5,54.5065
9.4,116,1,86.3256
9.4,117,10,45.5991
9.4,118,2,5.49401
9.4,119,3,172.755
9.4,120,3,6.12719
9.4,121,3,151.519
9.4,122,8,42.0313
9.4,123,5,36.881
9.4,124,8,3.98935
9.4,125,6,172.658
9.4,126,6,1.44101
9.4,127,5,50.7467
9.4,128,7,147.262
9.4,129,3,72.5593
9.4,130,5,43.6289
9.4,131,6,1.79805
9.6,0,4,105.219
9.6,1,2,1.44003
9.6,2,7,36.881
9.6,3,8,25.2548
9.6,4,5,107.52
9.6,5,7,93.5823
9.6,6,5,156.74
9.6,7,8,132.288
9.6,8,2,51.0006
9.6,9,2,132.134
9.6,10,3,1.36682
9.6,11,2,1.35695
9.6,12,4,18.2263
9.6,13,4,48.5988
9.6,14,4,118.439
9.6,15,5,77.6631
9.6,16,4,19.0349
9.6,17,5,21.4699
9.6,18,3,93.392
9.6,19,1,0.310161
9.6,20,2,1.44003
9.6,21,4,3.38492
9.6,22,2,3.32728
9.6,23,8,42.0313
9.6,24,1,188.198
9.6,25,2,25.8931
9.6,26,4,145.109
9.6,27,4,4.10844
9.6,28,3,2.78442
9.6,29,4,65.6021
9.6,30,4,184.811
9.6,31,6,77.6631
9.6,32,5,129.986
9.6,33,2,25.8931
9.6,34,2,31.6699
9.6,35,5,176.588
9.6,36,4,3.38492
9.6,37,4,12.8411
9.6,38,4,4.10844
9.6,39,8,36.477
9.6,40,0,318.522
9.6,41,3,9.57056
9.6,42,5,30.1514
9.6,43,2,31.6699
9.6,44,3,1.35473
9.6,45,0,410.079
9.6,46,6,30.1514
9.6,47,6,85.8459
9.6,48,1,225.878
9.6,49,4,3.23543
9.6,50,7,122.117
9.6,51,6,1.69532
9.6,52,4,18.1365
9.6,53,5,21.4699
9.6,54,3,3.32555
9.6,55,1,86.3256
9.6,56,1,4.09766
9.6,57,3,23.2549
9.6,58,6,93.5823
9.6,59,3,1.36682
9.6,60,2,3.32728
9.6,61,5,100.935
9.6,62,1,4.09766
9.6,63,4,18.2263
9.6,64,2,4.17164
9.6,65,4,18.1365
9.6,66,0,480.876
9.6,67,4,12.8411
9.6,68,8,49.0729
9.6,69,6,1.69532
9.6,70,5,2.77418
9.6,71,4,28.322
9.6,72,4,19.0349
9.6,73,3,2.46173
9.6,74,7,43.2732
9.6,75,10,36.477
9.6,76,0,352.78
9.6,77,6,132.788
9.6,78,4,28.322
9.6,79,10,19.18
9.6,80,8,1.73072
9.6,81,1,0.310161
9.6,82,2,224.324
9.6,83,7,85.8459
9.6,84,5,2.77418
9.6,85,3,93.392
9.6,86,4,125.812
9.6,87,5,89.1215
9.6,88,6,1.44101
9.6,89,5,61.1801
9.6,90,1,224.008
9.6,91,8,98.6634
9.6,92,4,48.9402
9.6,93,4,34.6752
9.6,94,0,352.78
9.6,95,3,1.35473
9.6,96,5,43.6289
9.6,97,8,1.73072
9.6,98,2,5.49401
9.6,99,2,191.504
9.6,100,1,224.008
9.6,101,0,271.022
9.6,102,5,108.179
9.6,103,4,175.153
9.6,104,3,2.46173
9.6,105,4,3.23543
9.6,106,2,4.17164
9.6,107,2,210.651
9.6,108,4,34.6752
9.6,109,5,54.5065
9.6,110,2,1.35695
9.6,111,4,99.0557
9.6,112,8,3.98935
9.6,113,3,23.2549
9.6,114,3,132.788
9.6,115,5,54.5065
9.6,116,1,86.3256
9.6,117,10,45.5991
9.6,118,2,5.49401
9.6,119,3,172.755
9.6,120,3,6.12719
9.6,121,3,151.519
9.6,122,8,42.0313
9.6,123,5,36.881
9.6,124,8,3.98935
9.6,125,6,172.658
9.6,126,6,1.44101
9.6,127,5,50.7467
9.6,128,7,147.262
9.6,129,3,72.5593
9.6,130,5,43.6289
9.6,131,6,1.79805
9.8,0,4,105.219
9.8,1,2,1.44003
9.8,2,7,36.881
9.8,3,8,25.2548
9.8,4,5,107.52
9.8,5,7,93.5823
9.8,6,5,156.74
9.8,7,8,132.288
9.8,8,2,51.0006
9.8,9,2,132.134
9.8,10,3,1.36682
9.8,11,2,1.35695
9.8,12,4,18.2263
9.8,13,4,48.5988
9.8,14,4,118.439
9.8,15,5,77.6631
9.8,16,4,19.0349
9.8,17,5,21.4699
9.8,18,3,93.392
9.8,19,1,0.310161
9.8,20,2,1.44003
9.8,21,4,3.38492
9.8,22,2,3.32728
9.8,23,8,42.0313
9.8,24,1,188.198
9.8,25,2,25.8931
9.8,26,4,145.109
9.8,27,4,4.10844
9.8,28,3,2.78442
9.8,29,4,65.6021
9.8,30,4,184.811
9.8,31,6,77.6631
9.8,32,5,129.986
9.8,33,2,25.8931
9.8,34,2,31.6699
9.8,35,5,176.588
9.8,36,4,3.38492
9.8,37,4,12.8411
9.8,38,4,4.10844
9.8,39,8,36.477
9.8,40,0,318.522
9.8,41,3,9.57056
9.8,42,5,30.1514
9.8,43,2,31.6699
9.8,44,3,1.35473
9.8,45,0,410.079
9.8,46,6,30.1514
9.8,47,6,85.8459
9.8,48,1,225.878
9.8,49,4,3.23543
9.8,50,7,122.117
9.8,51,6,1.69532
9.8,52,4,18.1365
9.8,53,5,21.4699
9.8,54,3,3.32555
9.8,55,1,86.3256
9.8,56,1,4.09766
9.8,57,3,23.2549
9.8,58,6,93.5823
9.8,59,3,1.36682
9.8,60,2,3.32728
9.8,61,5,100.935
9.8,62,1,4.09766
9.8,63,4,18.2263
9.8,64,2,4.17164
9.8,65,4,18.1365
9.8,66,0,480.876
9.8,67,4,12.8411
9.8,68,8,49.0729
9.8,69,6,1.69532
9.8,70,5,2.77418
9.8,71,4,28.322
9.8,72,4,19.0349
9.8,73,3,2.46173
9.8,74,7,43.2732
9.8,75,10,36.477
9.8,76,0,352.78
9.8,77,6,132.788
9.8,78,4,28.322
9.8,79,10,19.18
9.8,80,8,1.73072
9.8,81,1,0.310161
9.8,82,2,224.324
9.8,83,7,85.8459
9.8,84,5,2.77418
9.8,85,3,93.392
9.8,86,4,125.812
9.8,87,5,89.1215
9.8,88,6,1.44101
9.8,89,5,61.1801
9.8,90,1,224.008
9.8,91,8,98.6634
9.8,92,4,48.9402
9.8,93,4,34.6752
9.8,94,0,352.78
9.8,95,3,1.35473
9.8,96,5,43.6289
9.8,97,8,1.73072
9.8,98,2,5.49401
9.8,99,2,191.504
9.8,100,1,224.008
9.8,101,0,271.022
9.8,102,5,108.179
9.8,103,4,175.153
9.8,104,3,2.46173
9.8,105,4,3.23543
9.8,106,2,4.17164
9.8,107,2,210.651
9.8,108,4,34.6752
9.8,109,5,54.5065
9.8,110,2,1.35695
9.8,111,4,99.0557
9.8,112,8,3.98935
9.8,113,3,23.2549
9.8,114,3,132.788
9.8,115,5,54.5065
9.8,116,1,86.3256
9.8,117,10,45.5991
9.8,118,2,5.49401
9.8,119,3,172.755
9.8,120,3,6.12719
9.8,121,3,151.519
9.8,122,8,42.0313
9.8,123,5,36.881
9.8,124,8,3.98935
9.8,125,6,172.658
9.8,126,6,1.44101
9.8,127,5,50.7467
9.8,128,7,147.262
9.8,129,3,72.5593
9.8,130,5,43.6289
9.8,131,6,1.79805
