timestamp,attackerId,fakePosX,fakePosY
1,6,688,506
1.1,6,688.8,506.6
1.2,6,689.6,507.2
1.3,6,690.4,507.8
1.4,6,691.2,508.4
1.5,6,692,509
1.6,6,692.8,509.6
1.7,6,693.6,510.2
1.8,6,694.4,510.8
1.9,6,695.2,511.4
2,6,696,512
2.1,6,696.8,512.6
2.2,6,697.6,513.2
2.3,6,698.4,513.8
2.4,6,699.2,514.4
2.5,6,700,515
2.6,6,700.8,515.6
2.7,6,701.6,516.2
2.8,6,702.4,516.8
2.9,6,703.2,517.4
3,6,704,518
3.1,6,704.8,518.6
3.2,6,705.6,519.2
3.3,6,706.4,519.8
3.4,6,707.2,520.4
3.5,6,708,521
3.6,6,708.8,521.6
3.7,6,709.6,522.2
3.8,6,710.4,522.8
3.9,6,711.2,523.4
4,6,712,524
4.1,6,712.8,524.6
4.2,6,713.6,525.2
4.3,6,714.4,525.8
4.4,6,715.2,526.4
4.5,6,716,527
4.6,6,716.8,527.6
4.7,6,717.6,528.2
4.8,6,718.4,528.8
4.9,6,719.2,529.4
5,6,720,530
5.1,6,720.8,530.6
5.2,6,721.6,531.2
5.3,6,722.4,531.8
5.4,6,723.2,532.4
5.5,6,724,533
5.6,6,724.8,533.6
5.7,6,725.6,534.2
5.8,6,726.4,534.8
5.9,6,727.2,535.4
6,6,728,536
6.1,6,728.8,536.6
6.2,6,729.6,537.2
6.3,6,730.4,537.8
6.4,6,731.2,538.4
6.5,6,732,539
6.6,6,732.8,539.6
6.7,6,733.6,540.2
6.8,6,734.4,540.8
6.9,6,735.2,541.4
7,6,736,542
7.1,6,736.8,542.6
7.2,6,737.6,543.2
7.3,6,738.4,543.8
7.4,6,739.2,544.4
7.5,6,740,545
7.6,6,740.8,545.6
7.7,6,741.6,546.2
7.8,6,742.4,546.8
7.9,6,743.2,547.4
8,6,attack_started,falsification
8,6,744,548
8.1,6,744.8,548.6
8.2,6,745.6,549.2
8.3,6,746.4,549.8
8.4,6,747.2,550.4
8.5,6,748,551
8.6,6,748.8,551.6
8.7,6,749.6,552.2
8.8,6,750.4,552.8
8.9,6,751.2,553.4
9,6,752,554
9.1,6,752.8,554.6
9.2,6,753.6,555.2
9.3,6,754.4,555.8
9.4,6,755.2,556.4
9.5,6,756,557
9.6,6,756.8,557.6
9.7,6,757.6,558.2
9.8,6,758.4,558.8
9.9,6,759.2,559.4
10,6,760,560
10.1,6,760.8,560.6
10.2,6,761.6,561.2
10.3,6,762.4,561.8
10.4,6,763.2,562.4
10.5,6,764,563
10.6,6,764.8,563.6
10.7,6,765.6,564.2
10.8,6,766.4,564.8
10.9,6,767.2,565.4
11,6,768,566
11.1,6,768.8,566.6
11.2,6,769.6,567.2
11.3,6,770.4,567.8
11.4,6,771.2,568.4
11.5,6,772,569
11.6,6,772.8,569.6
11.7,6,773.6,570.2
11.8,6,774.4,570.8
11.9,6,775.2,571.4
12,6,776,572
12.1,6,776.8,572.6
12.2,6,777.6,573.2
12.3,6,778.4,573.8
12.4,6,779.2,574.4
12.5,6,780,575
12.6,6,780.8,575.6
12.7,6,781.6,576.2
12.8,6,782.4,576.8
12.9,6,783.2,577.4
13,6,784,578
13.1,6,784.8,578.6
13.2,6,785.6,579.2
13.3,6,786.4,579.8
13.4,6,787.2,580.4
13.5,6,788,581
13.6,6,788.8,581.6
13.7,6,789.6,582.2
13.8,6,790.4,582.8
13.9,6,791.2,583.4
14,6,792,584
14.1,6,792.8,584.6
14.2,6,793.6,585.2
14.3,6,794.4,585.8
14.4,6,795.2,586.4
14.5,6,796,587
14.6,6,796.8,587.6
14.7,6,797.6,588.2
14.8,6,798.4,588.8
14.9,6,799.2,589.4
15,6,800,590
15.1,6,800.8,590.6
15.2,6,801.6,591.2
15.3,6,802.4,591.8
15.4,6,803.2,592.4
15.5,6,804,593
15.6,6,804.8,593.6
15.7,6,805.6,594.2
15.8,6,806.4,594.8
15.9,6,807.2,595.4
16,6,808,596
16.1,6,808.8,596.6
16.2,6,809.6,597.2
16.3,6,810.4,597.8
16.4,6,811.2,598.4
16.5,6,812,599
16.6,6,812.8,599.6
16.7,6,813.6,600.2
16.8,6,814.4,600.8
16.9,6,815.2,601.4
17,6,816,602
17.1,6,816.8,602.6
17.2,6,817.6,603.2
17.3,6,818.4,603.8
17.4,6,819.2,604.4
17.5,6,820,605
17.6,6,820.8,605.6
17.7,6,821.6,606.2
17.8,6,822.4,606.8
17.9,6,823.2,607.4
18,6,824,608
18.1,6,824.8,608.6
18.2,6,825.6,609.2
18.3,6,826.4,609.8
18.4,6,827.2,610.4
18.5,6,828,611
18.6,6,828.8,611.6
18.7,6,829.6,612.2
18.8,6,830.4,612.8
18.9,6,831.2,613.4
19,6,832,614
19.1,6,832.8,614.6
19.2,6,833.6,615.2
19.3,6,834.4,615.8
19.4,6,835.2,616.4
19.5,6,836,617
19.6,6,836.8,617.6
19.7,6,837.6,618.2
19.8,6,838.4,618.8
19.9,6,839.2,619.4
20,6,attack_started,falsification
20,6,840,620
20.1,6,840.8,620.6
20.2,6,841.6,621.2
20.3,6,842.4,621.8
20.4,6,843.2,622.4
20.5,6,844,623
20.6,6,844.8,623.6
20.7,6,845.6,624.2
20.8,6,846.4,624.8
20.9,6,847.2,625.4
21,6,848,626
21.1,6,848.8,626.6
21.2,6,849.6,627.2
21.3,6,850.4,627.8
21.4,6,851.2,628.4
21.5,6,852,629
21.6,6,852.8,629.6
21.7,6,853.6,630.2
21.8,6,854.4,630.8
21.9,6,855.2,631.4
22,6,856,632
22.1,6,856.8,632.6
22.2,6,857.6,633.2
22.3,6,858.4,633.8
22.4,6,859.2,634.4
22.5,6,860,635
22.6,6,860.8,635.6
22.7,6,861.6,636.2
22.8,6,862.4,636.8
22.9,6,863.2,637.4
23,6,864,638
23.1,6,864.8,638.6
23.2,6,865.6,639.2
23.3,6,866.4,639.8
23.4,6,867.2,640.4
23.5,6,868,641
23.6,6,868.8,641.6
23.7,6,869.6,642.2
23.8,6,870.4,642.8
23.9,6,871.2,643.4
24,6,872,644
24.1,6,872.8,644.6
24.2,6,873.6,645.2
24.3,6,874.4,645.8
24.4,6,875.2,646.4
24.5,6,876,647
24.6,6,876.8,647.6
24.7,6,877.6,648.2
24.8,6,878.4,648.8
24.9,6,879.2,649.4
25,6,880,650
25.1,6,880.8,650.6
25.2,6,881.6,651.2
25.3,6,882.4,651.8
25.4,6,883.2,652.4
25.5,6,884,653
25.6,6,884.8,653.6
25.7,6,885.6,654.2
25.8,6,886.4,654.8
25.9,6,887.2,655.4
26,6,888,656
26.1,6,888.8,656.6
26.2,6,889.6,657.2
26.3,6,890.4,657.8
26.4,6,891.2,658.4
26.5,6,892,659
26.6,6,892.8,659.6
26.7,6,893.6,660.2
26.8,6,894.4,660.8
26.9,6,895.2,661.4
27,6,896,662
27.1,6,896.8,662.6
27.2,6,897.6,663.2
27.3,6,898.4,663.8
27.4,6,899.2,664.4
27.5,6,900,665
27.6,6,900.8,665.6
27.7,6,901.6,666.2
27.8,6,902.4,666.8
27.9,6,903.2,667.4
28,6,904,668
28.1,6,904.8,668.6
28.2,6,905.6,669.2
28.3,6,906.4,669.8
28.4,6,907.2,670.4
28.5,6,908,671
28.6,6,908.8,671.6
28.7,6,909.6,672.2
28.8,6,910.4,672.8
28.9,6,911.2,673.4
29,6,912,674
29.1,6,912.8,674.6
29.2,6,913.6,675.2
29.3,6,914.4,675.8
29.4,6,915.2,676.4
29.5,6,916,677
29.6,6,916.8,677.6
29.7,6,917.6,678.2
29.8,6,918.4,678.8
29.9,6,919.2,679.4
