timestamp,fakeId,attackerId,posX,posY
1,2001,2,80,16
1,2002,2,90,26
1,2003,2,100,36
1,2004,2,110,46
1,2005,2,120,56
1.1,2001,2,81,16.6
1.1,2002,2,91,26.6
1.1,2003,2,101,36.6
1.1,2004,2,111,46.6
1.1,2005,2,121,56.6
1.2,2001,2,82,17.2
1.2,2002,2,92,27.2
1.2,2003,2,102,37.2
1.2,2004,2,112,47.2
1.2,2005,2,122,57.2
1.3,2001,2,83,17.8
1.3,2002,2,93,27.8
1.3,2003,2,103,37.8
1.3,2004,2,113,47.8
1.3,2005,2,123,57.8
1.4,2001,2,84,18.4
1.4,2002,2,94,28.4
1.4,2003,2,104,38.4
1.4,2004,2,114,48.4
1.4,2005,2,124,58.4
1.5,2001,2,85,19
1.5,2002,2,95,29
1.5,2003,2,105,39
1.5,2004,2,115,49
1.5,2005,2,125,59
1.6,2001,2,86,19.6
1.6,2002,2,96,29.6
1.6,2003,2,106,39.6
1.6,2004,2,116,49.6
1.6,2005,2,126,59.6
1.7,2001,2,87,20.2
1.7,2002,2,97,30.2
1.7,2003,2,107,40.2
1.7,2004,2,117,50.2
1.7,2005,2,127,60.2
1.8,2001,2,88,20.8
1.8,2002,2,98,30.8
1.8,2003,2,108,40.8
1.8,2004,2,118,50.8
1.8,2005,2,128,60.8
1.9,2001,2,89,21.4
1.9,2002,2,99,31.4
1.9,2003,2,109,41.4
1.9,2004,2,119,51.4
1.9,2005,2,129,61.4
2,2001,2,90,22
2,2002,2,100,32
2,2003,2,110,42
2,2004,2,120,52
2,2005,2,130,62
2.1,2001,2,91,22.6
2.1,2002,2,101,32.6
2.1,2003,2,111,42.6
2.1,2004,2,121,52.6
2.1,2005,2,131,62.6
2.2,2001,2,92,23.2
2.2,2002,2,102,33.2
2.2,2003,2,112,43.2
2.2,2004,2,122,53.2
2.2,2005,2,132,63.2
2.3,2001,2,93,23.8
2.3,2002,2,103,33.8
2.3,2003,2,113,43.8
2.3,2004,2,123,53.8
2.3,2005,2,133,63.8
2.4,2001,2,94,24.4
2.4,2002,2,104,34.4
2.4,2003,2,114,44.4
2.4,2004,2,124,54.4
2.4,2005,2,134,64.4
2.5,2001,2,95,25
2.5,2002,2,105,35
2.5,2003,2,115,45
2.5,2004,2,125,55
2.5,2005,2,135,65
2.6,2001,2,96,25.6
2.6,2002,2,106,35.6
2.6,2003,2,116,45.6
2.6,2004,2,126,55.6
2.6,2005,2,136,65.6
2.7,2001,2,97,26.2
2.7,2002,2,107,36.2
2.7,2003,2,117,46.2
2.7,2004,2,127,56.2
2.7,2005,2,137,66.2
2.8,2001,2,98,26.8
2.8,2002,2,108,36.8
2.8,2003,2,118,46.8
2.8,2004,2,128,56.8
2.8,2005,2,138,66.8
2.9,2001,2,99,27.4
2.9,2002,2,109,37.4
2.9,2003,2,119,47.4
2.9,2004,2,129,57.4
2.9,2005,2,139,67.4
3,2001,2,100,28
3,2002,2,110,38
3,2003,2,120,48
3,2004,2,130,58
3,2005,2,140,68
3.1,2001,2,101,28.6
3.1,2002,2,111,38.6
3.1,2003,2,121,48.6
3.1,2004,2,131,58.6
3.1,2005,2,141,68.6
3.2,2001,2,102,29.2
3.2,2002,2,112,39.2
3.2,2003,2,122,49.2
3.2,2004,2,132,59.2
3.2,2005,2,142,69.2
3.3,2001,2,103,29.8
3.3,2002,2,113,39.8
3.3,2003,2,123,49.8
3.3,2004,2,133,59.8
3.3,2005,2,143,69.8
3.4,2001,2,104,30.4
3.4,2002,2,114,40.4
3.4,2003,2,124,50.4
3.4,2004,2,134,60.4
3.4,2005,2,144,70.4
3.5,2001,2,105,31
3.5,2002,2,115,41
3.5,2003,2,125,51
3.5,2004,2,135,61
3.5,2005,2,145,71
3.6,2001,2,106,31.6
3.6,2002,2,116,41.6
3.6,2003,2,126,51.6
3.6,2004,2,136,61.6
3.6,2005,2,146,71.6
3.7,2001,2,107,32.2
3.7,2002,2,117,42.2
3.7,2003,2,127,52.2
3.7,2004,2,137,62.2
3.7,2005,2,147,72.2
3.8,2001,2,108,32.8
3.8,2002,2,118,42.8
3.8,2003,2,128,52.8
3.8,2004,2,138,62.8
3.8,2005,2,148,72.8
3.9,2001,2,109,33.4
3.9,2002,2,119,43.4
3.9,2003,2,129,53.4
3.9,2004,2,139,63.4
3.9,2005,2,149,73.4
4,2,attack_started,sybil
4,2001,2,110,34
4,2002,2,120,44
4,2003,2,130,54
4,2004,2,140,64
4,2005,2,150,74
4.1,2001,2,111,34.6
4.1,2002,2,121,44.6
4.1,2003,2,131,54.6
4.1,2004,2,141,64.6
4.1,2005,2,151,74.6
4.2,2001,2,112,35.2
4.2,2002,2,122,45.2
4.2,2003,2,132,55.2
4.2,2004,2,142,65.2
4.2,2005,2,152,75.2
4.3,2001,2,113,35.8
4.3,2002,2,123,45.8
4.3,2003,2,133,55.8
4.3,2004,2,143,65.8
4.3,2005,2,153,75.8
4.4,2001,2,114,36.4
4.4,2002,2,124,46.4
4.4,2003,2,134,56.4
4.4,2004,2,144,66.4
4.4,2005,2,154,76.4
4.5,2001,2,115,37
4.5,2002,2,125,47
4.5,2003,2,135,57
4.5,2004,2,145,67
4.5,2005,2,155,77
4.6,2001,2,116,37.6
4.6,2002,2,126,47.6
4.6,2003,2,136,57.6
4.6,2004,2,146,67.6
4.6,2005,2,156,77.6
4.7,2001,2,117,38.2
4.7,2002,2,127,48.2
4.7,2003,2,137,58.2
4.7,2004,2,147,68.2
4.7,2005,2,157,78.2
4.8,2001,2,118,38.8
4.8,2002,2,128,48.8
4.8,2003,2,138,58.8
4.8,2004,2,148,68.8
4.8,2005,2,158,78.8
4.9,2001,2,119,39.4
4.9,2002,2,129,49.4
4.9,2003,2,139,59.4
4.9,2004,2,149,69.4
4.9,2005,2,159,79.4
5,2001,2,120,40
5,2002,2,130,50
5,2003,2,140,60
5,2004,2,150,70
5,2005,2,160,80
5.1,2001,2,121,40.6
5.1,2002,2,131,50.6
5.1,2003,2,141,60.6
5.1,2004,2,151,70.6
5.1,2005,2,161,80.6
5.2,2001,2,122,41.2
5.2,2002,2,132,51.2
5.2,2003,2,142,61.2
5.2,2004,2,152,71.2
5.2,2005,2,162,81.2
5.3,2001,2,123,41.8
5.3,2002,2,133,51.8
5.3,2003,2,143,61.8
5.3,2004,2,153,71.8
5.3,2005,2,163,81.8
5.4,2001,2,124,42.4
5.4,2002,2,134,52.4
5.4,2003,2,144,62.4
5.4,2004,2,154,72.4
5.4,2005,2,164,82.4
5.5,2001,2,125,43
5.5,2002,2,135,53
5.5,2003,2,145,63
5.5,2004,2,155,73
5.5,2005,2,165,83
5.6,2001,2,126,43.6
5.6,2002,2,136,53.6
5.6,2003,2,146,63.6
5.6,2004,2,156,73.6
5.6,2005,2,166,83.6
5.7,2001,2,127,44.2
5.7,2002,2,137,54.2
5.7,2003,2,147,64.2
5.7,2004,2,157,74.2
5.7,2005,2,167,84.2
5.8,2001,2,128,44.8
5.8,2002,2,138,54.8
5.8,2003,2,148,64.8
5.8,2004,2,158,74.8
5.8,2005,2,168,84.8
5.9,2001,2,129,45.4
5.9,2002,2,139,55.4
5.9,2003,2,149,65.4
5.9,2004,2,159,75.4
5.9,2005,2,169,85.4
6,2001,2,130,46
6,2002,2,140,56
6,2003,2,150,66
6,2004,2,160,76
6,2005,2,170,86
6.1,2001,2,131,46.6
6.1,2002,2,141,56.6
6.1,2003,2,151,66.6
6.1,2004,2,161,76.6
6.1,2005,2,171,86.6
6.2,2001,2,132,47.2
6.2,2002,2,142,57.2
6.2,2003,2,152,67.2
6.2,2004,2,162,77.2
6.2,2005,2,172,87.2
6.3,2001,2,133,47.8
6.3,2002,2,143,57.8
6.3,2003,2,153,67.8
6.3,2004,2,163,77.8
6.3,2005,2,173,87.8
6.4,2001,2,134,48.4
6.4,2002,2,144,58.4
6.4,2003,2,154,68.4
6.4,2004,2,164,78.4
6.4,2005,2,174,88.4
6.5,2001,2,135,49
6.5,2002,2,145,59
6.5,2003,2,155,69
6.5,2004,2,165,79
6.5,2005,2,175,89
6.6,2001,2,136,49.6
6.6,2002,2,146,59.6
6.6,2003,2,156,69.6
6.6,2004,2,166,79.6
6.6,2005,2,176,89.6
6.7,2001,2,137,50.2
6.7,2002,2,147,60.2
6.7,2003,2,157,70.2
6.7,2004,2,167,80.2
6.7,2005,2,177,90.2
6.8,2001,2,138,50.8
6.8,2002,2,148,60.8
6.8,2003,2,158,70.8
6.8,2004,2,168,80.8
6.8,2005,2,178,90.8
6.9,2001,2,139,51.4
6.9,2002,2,149,61.4
6.9,2003,2,159,71.4
6.9,2004,2,169,81.4
6.9,2005,2,179,91.4
7,2001,2,140,52
7,2002,2,150,62
7,2003,2,160,72
7,2004,2,170,82
7,2005,2,180,92
7.1,2001,2,141,52.6
7.1,2002,2,151,62.6
7.1,2003,2,161,72.6
7.1,2004,2,171,82.6
7.1,2005,2,181,92.6
7.2,2001,2,142,53.2
7.2,2002,2,152,63.2
7.2,2003,2,162,73.2
7.2,2004,2,172,83.2
7.2,2005,2,182,93.2
7.3,2001,2,143,53.8
7.3,2002,2,153,63.8
7.3,2003,2,163,73.8
7.3,2004,2,173,83.8
7.3,2005,2,183,93.8
7.4,2001,2,144,54.4
7.4,2002,2,154,64.4
7.4,2003,2,164,74.4
7.4,2004,2,174,84.4
7.4,2005,2,184,94.4
7.5,2001,2,145,55
7.5,2002,2,155,65
7.5,2003,2,165,75
7.5,2004,2,175,85
7.5,2005,2,185,95
7.6,2001,2,146,55.6
7.6,2002,2,156,65.6
7.6,2003,2,166,75.6
7.6,2004,2,176,85.6
7.6,2005,2,186,95.6
7.7,2001,2,147,56.2
7.7,2002,2,157,66.2
7.7,2003,2,167,76.2
7.7,2004,2,177,86.2
7.7,2005,2,187,96.2
7.8,2001,2,148,56.8
7.8,2002,2,158,66.8
7.8,2003,2,168,76.8
7.8,2004,2,178,86.8
7.8,2005,2,188,96.8
7.9,2001,2,149,57.4
7.9,2002,2,159,67.4
7.9,2003,2,169,77.4
7.9,2004,2,179,87.4
7.9,2005,2,189,97.4
8,2001,2,150,58
8,2002,2,160,68
8,2003,2,170,78
8,2004,2,180,88
8,2005,2,190,98
8.1,2001,2,151,58.6
8.1,2002,2,161,68.6
8.1,2003,2,171,78.6
8.1,2004,2,181,88.6
8.1,2005,2,191,98.6
8.2,2001,2,152,59.2
8.2,2002,2,162,69.2
8.2,2003,2,172,79.2
8.2,2004,2,182,89.2
8.2,2005,2,192,99.2
8.3,2001,2,153,59.8
8.3,2002,2,163,69.8
8.3,2003,2,173,79.8
8.3,2004,2,183,89.8
8.3,2005,2,193,99.8
8.4,2001,2,154,60.4
8.4,2002,2,164,70.4
8.4,2003,2,174,80.4
8.4,2004,2,184,90.4
8.4,2005,2,194,100.4
8.5,2001,2,155,61
8.5,2002,2,165,71
8.5,2003,2,175,81
8.5,2004,2,185,91
8.5,2005,2,195,101
8.6,2001,2,156,61.6
8.6,2002,2,166,71.6
8.6,2003,2,176,81.6
8.6,2004,2,186,91.6
8.6,2005,2,196,101.6
8.7,2001,2,157,62.2
8.7,2002,2,167,72.2
8.7,2003,2,177,82.2
8.7,2004,2,187,92.2
8.7,2005,2,197,102.2
8.8,2001,2,158,62.8
8.8,2002,2,168,72.8
8.8,2003,2,178,82.8
8.8,2004,2,188,92.8
8.8,2005,2,198,102.8
8.9,2001,2,159,63.4
8.9,2002,2,169,73.4
8.9,2003,2,179,83.4
8.9,2004,2,189,93.4
8.9,2005,2,199,103.4
9,2001,2,160,64
9,2002,2,170,74
9,2003,2,180,84
9,2004,2,190,94
9,2005,2,200,104
9.1,2001,2,161,64.6
9.1,2002,2,171,74.6
9.1,2003,2,181,84.6
9.1,2004,2,191,94.6
9.1,2005,2,201,104.6
9.2,2001,2,162,65.2
9.2,2002,2,172,75.2
9.2,2003,2,182,85.2
9.2,2004,2,192,95.2
9.2,2005,2,202,105.2
9.3,2001,2,163,65.8
9.3,2002,2,173,75.8
9.3,2003,2,183,85.8
9.3,2004,2,193,95.8
9.3,2005,2,203,105.8
9.4,2001,2,164,66.4
9.4,2002,2,174,76.4
9.4,2003,2,184,86.4
9.4,2004,2,194,96.4
9.4,2005,2,204,106.4
9.5,2001,2,165,67
9.5,2002,2,175,77
9.5,2003,2,185,87
9.5,2004,2,195,97
9.5,2005,2,205,107
9.6,2001,2,166,67.6
9.6,2002,2,176,77.6
9.6,2003,2,186,87.6
9.6,2004,2,196,97.6
9.6,2005,2,206,107.6
9.7,2001,2,167,68.2
9.7,2002,2,177,78.2
9.7,2003,2,187,88.2
9.7,2004,2,197,98.2
9.7,2005,2,207,108.2
9.8,2001,2,168,68.8
9.8,2002,2,178,78.8
9.8,2003,2,188,88.8
9.8,2004,2,198,98.8
9.8,2005,2,208,108.8
9.9,2001,2,169,69.4
9.9,2002,2,179,79.4
9.9,2003,2,189,89.4
9.9,2004,2,199,99.4
9.9,2005,2,209,109.4
10,2001,2,170,70
10,2002,2,180,80
10,2003,2,190,90
10,2004,2,200,100
10,2005,2,210,110
10.1,2001,2,171,70.6
10.1,2002,2,181,80.6
10.1,2003,2,191,90.6
10.1,2004,2,201,100.6
10.1,2005,2,211,110.6
10.2,2001,2,172,71.2
10.2,2002,2,182,81.2
10.2,2003,2,192,91.2
10.2,2004,2,202,101.2
10.2,2005,2,212,111.2
10.3,2001,2,173,71.8
10.3,2002,2,183,81.8
10.3,2003,2,193,91.8
10.3,2004,2,203,101.8
10.3,2005,2,213,111.8
10.4,2001,2,174,72.4
10.4,2002,2,184,82.4
10.4,2003,2,194,92.4
10.4,2004,2,204,102.4
10.4,2005,2,214,112.4
10.5,2001,2,175,73
10.5,2002,2,185,83
10.5,2003,2,195,93
10.5,2004,2,205,103
10.5,2005,2,215,113
10.6,2001,2,176,73.6
10.6,2002,2,186,83.6
10.6,2003,2,196,93.6
10.6,2004,2,206,103.6
10.6,2005,2,216,113.6
10.7,2001,2,177,74.2
10.7,2002,2,187,84.2
10.7,2003,2,197,94.2
10.7,2004,2,207,104.2
10.7,2005,2,217,114.2
10.8,2001,2,178,74.8
10.8,2002,2,188,84.8
10.8,2003,2,198,94.8
10.8,2004,2,208,104.8
10.8,2005,2,218,114.8
10.9,2001,2,179,75.4
10.9,2002,2,189,85.4
10.9,2003,2,199,95.4
10.9,2004,2,209,105.4
10.9,2005,2,219,115.4
11,2,attack_started,sybil
11,2001,2,180,76
11,2002,2,190,86
11,2003,2,200,96
11,2004,2,210,106
11,2005,2,220,116
11.1,2001,2,181,76.6
11.1,2002,2,191,86.6
11.1,2003,2,201,96.6
11.1,2004,2,211,106.6
11.1,2005,2,221,116.6
11.2,2001,2,182,77.2
11.2,2002,2,192,87.2
11.2,2003,2,202,97.2
11.2,2004,2,212,107.2
11.2,2005,2,222,117.2
11.3,2001,2,183,77.8
11.3,2002,2,193,87.8
11.3,2003,2,203,97.8
11.3,2004,2,213,107.8
11.3,2005,2,223,117.8
11.4,2001,2,184,78.4
11.4,2002,2,194,88.4
11.4,2003,2,204,98.4
11.4,2004,2,214,108.4
11.4,2005,2,224,118.4
11.5,2001,2,185,79
11.5,2002,2,195,89
11.5,2003,2,205,99
11.5,2004,2,215,109
11.5,2005,2,225,119
11.6,2001,2,186,79.6
11.6,2002,2,196,89.6
11.6,2003,2,206,99.6
11.6,2004,2,216,109.6
11.6,2005,2,226,119.6
11.7,2001,2,187,80.2
11.7,2002,2,197,90.2
11.7,2003,2,207,100.2
11.7,2004,2,217,110.2
11.7,2005,2,227,120.2
11.8,2001,2,188,80.8
11.8,2002,2,198,90.8
11.8,2003,2,208,100.8
11.8,2004,2,218,110.8
11.8,2005,2,228,120.8
11.9,2001,2,189,81.4
11.9,2002,2,199,91.4
11.9,2003,2,209,101.4
11.9,2004,2,219,111.4
11.9,2005,2,229,121.4
12,2001,2,190,82
12,2002,2,200,92
12,2003,2,210,102
12,2004,2,220,112
12,2005,2,230,122
12.1,2001,2,191,82.6
12.1,2002,2,201,92.6
12.1,2003,2,211,102.6
12.1,2004,2,221,112.6
12.1,2005,2,231,122.6
12.2,2001,2,192,83.2
12.2,2002,2,202,93.2
12.2,2003,2,212,103.2
12.2,2004,2,222,113.2
12.2,2005,2,232,123.2
12.3,2001,2,193,83.8
12.3,2002,2,203,93.8
12.3,2003,2,213,103.8
12.3,2004,2,223,113.8
12.3,2005,2,233,123.8
12.4,2001,2,194,84.4
12.4,2002,2,204,94.4
12.4,2003,2,214,104.4
12.4,2004,2,224,114.4
12.4,2005,2,234,124.4
12.5,2001,2,195,85
12.5,2002,2,205,95
12.5,2003,2,215,105
12.5,2004,2,225,115
12.5,2005,2,235,125
12.6,2001,2,196,85.6
12.6,2002,2,206,95.6
12.6,2003,2,216,105.6
12.6,2004,2,226,115.6
12.6,2005,2,236,125.6
12.7,2001,2,197,86.2
12.7,2002,2,207,96.2
12.7,2003,2,217,106.2
12.7,2004,2,227,116.2
12.7,2005,2,237,126.2
12.8,2001,2,198,86.8
12.8,2002,2,208,96.8
12.8,2003,2,218,106.8
12.8,2004,2,228,116.8
12.8,2005,2,238,126.8
12.9,2001,2,199,87.4
12.9,2002,2,209,97.4
12.9,2003,2,219,107.4
12.9,2004,2,229,117.4
12.9,2005,2,239,127.4
13,2001,2,200,88
13,2002,2,210,98
13,2003,2,220,108
13,2004,2,230,118
13,2005,2,240,128
13.1,2001,2,201,88.6
13.1,2002,2,211,98.6
13.1,2003,2,221,108.6
13.1,2004,2,231,118.6
13.1,2005,2,241,128.6
13.2,2001,2,202,89.2
13.2,2002,2,212,99.2
13.2,2003,2,222,109.2
13.2,2004,2,232,119.2
13.2,2005,2,242,129.2
13.3,2001,2,203,89.8
13.3,2002,2,213,99.8
13.3,2003,2,223,109.8
13.3,2004,2,233,119.8
13.3,2005,2,243,129.8
13.4,2001,2,204,90.4
13.4,2002,2,214,100.4
13.4,2003,2,224,110.4
13.4,2004,2,234,120.4
13.4,2005,2,244,130.4
13.5,2001,2,205,91
13.5,2002,2,215,101
13.5,2003,2,225,111
13.5,2004,2,235,121
13.5,2005,2,245,131
13.6,2001,2,206,91.6
13.6,2002,2,216,101.6
13.6,2003,2,226,111.6
13.6,2004,2,236,121.6
13.6,2005,2,246,131.6
13.7,2001,2,207,92.2
13.7,2002,2,217,102.2
13.7,2003,2,227,112.2
13.7,2004,2,237,122.2
13.7,2005,2,247,132.2
13.8,2001,2,208,92.8
13.8,2002,2,218,102.8
13.8,2003,2,228,112.8
13.8,2004,2,238,122.8
13.8,2005,2,248,132.8
13.9,2001,2,209,93.4
13.9,2002,2,219,103.4
13.9,2003,2,229,113.4
13.9,2004,2,239,123.4
13.9,2005,2,249,133.4
14,2001,2,210,94
14,2002,2,220,104
14,2003,2,230,114
14,2004,2,240,124
14,2005,2,250,134
14.1,2001,2,211,94.6
14.1,2002,2,221,104.6
14.1,2003,2,231,114.6
14.1,2004,2,241,124.6
14.1,2005,2,251,134.6
14.2,2001,2,212,95.2
14.2,2002,2,222,105.2
14.2,2003,2,232,115.2
14.2,2004,2,242,125.2
14.2,2005,2,252,135.2
14.3,2001,2,213,95.8
14.3,2002,2,223,105.8
14.3,2003,2,233,115.8
14.3,2004,2,243,125.8
14.3,2005,2,253,135.8
14.4,2001,2,214,96.4
14.4,2002,2,224,106.4
14.4,2003,2,234,116.4
14.4,2004,2,244,126.4
14.4,2005,2,254,136.4
14.5,2001,2,215,97
14.5,2002,2,225,107
14.5,2003,2,235,117
14.5,2004,2,245,127
14.5,2005,2,255,137
14.6,2001,2,216,97.6
14.6,2002,2,226,107.6
14.6,2003,2,236,117.6
14.6,2004,2,246,127.6
14.6,2005,2,256,137.6
14.7,2001,2,217,98.2
14.7,2002,2,227,108.2
14.7,2003,2,237,118.2
14.7,2004,2,247,128.2
14.7,2005,2,257,138.2
14.8,2001,2,218,98.8
14.8,2002,2,228,108.8
14.8,2003,2,238,118.8
14.8,2004,2,248,128.8
14.8,2005,2,258,138.8
14.9,2001,2,219,99.4
14.9,2002,2,229,109.4
14.9,2003,2,239,119.4
14.9,2004,2,249,129.4
14.9,2005,2,259,139.4
15,2001,2,220,100
15,2002,2,230,110
15,2003,2,240,120
15,2004,2,250,130
15,2005,2,260,140
15.1,2001,2,221,100.6
15.1,2002,2,231,110.6
15.1,2003,2,241,120.6
15.1,2004,2,251,130.6
15.1,2005,2,261,140.6
15.2,2001,2,222,101.2
15.2,2002,2,232,111.2
15.2,2003,2,242,121.2
15.2,2004,2,252,131.2
15.2,2005,2,262,141.2
15.3,2001,2,223,101.8
15.3,2002,2,233,111.8
15.3,2003,2,243,121.8
15.3,2004,2,253,131.8
15.3,2005,2,263,141.8
15.4,2001,2,224,102.4
15.4,2002,2,234,112.4
15.4,2003,2,244,122.4
15.4,2004,2,254,132.4
15.4,2005,2,264,142.4
15.5,2001,2,225,103
15.5,2002,2,235,113
15.5,2003,2,245,123
15.5,2004,2,255,133
15.5,2005,2,265,143
15.6,2001,2,226,103.6
15.6,2002,2,236,113.6
15.6,2003,2,246,123.6
15.6,2004,2,256,133.6
15.6,2005,2,266,143.6
15.7,2001,2,227,104.2
15.7,2002,2,237,114.2
15.7,2003,2,247,124.2
15.7,2004,2,257,134.2
15.7,2005,2,267,144.2
15.8,2001,2,228,104.8
15.8,2002,2,238,114.8
15.8,2003,2,248,124.8
15.8,2004,2,258,134.8
15.8,2005,2,268,144.8
15.9,2001,2,229,105.4
15.9,2002,2,239,115.4
15.9,2003,2,249,125.4
15.9,2004,2,259,135.4
15.9,2005,2,269,145.4
16,2001,2,230,106
16,2002,2,240,116
16,2003,2,250,126
16,2004,2,260,136
16,2005,2,270,146
16.1,2001,2,231,106.6
16.1,2002,2,241,116.6
16.1,2003,2,251,126.6
16.1,2004,2,261,136.6
16.1,2005,2,271,146.6
16.2,2001,2,232,107.2
16.2,2002,2,242,117.2
16.2,2003,2,252,127.2
16.2,2004,2,262,137.2
16.2,2005,2,272,147.2
16.3,2001,2,233,107.8
16.3,2002,2,243,117.8
16.3,2003,2,253,127.8
16.3,2004,2,263,137.8
16.3,2005,2,273,147.8
16.4,2001,2,234,108.4
16.4,2002,2,244,118.4
16.4,2003,2,254,128.4
16.4,2004,2,264,138.4
16.4,2005,2,274,148.4
16.5,2001,2,235,109
16.5,2002,2,245,119
16.5,2003,2,255,129
16.5,2004,2,265,139
16.5,2005,2,275,149
16.6,2001,2,236,109.6
16.6,2002,2,246,119.6
16.6,2003,2,256,129.6
16.6,2004,2,266,139.6
16.6,2005,2,276,149.6
16.7,2001,2,237,110.2
16.7,2002,2,247,120.2
16.7,2003,2,257,130.2
16.7,2004,2,267,140.2
16.7,2005,2,277,150.2
16.8,2001,2,238,110.8
16.8,2002,2,248,120.8
16.8,2003,2,258,130.8
16.8,2004,2,268,140.8
16.8,2005,2,278,150.8
16.9,2001,2,239,111.4
16.9,2002,2,249,121.4
16.9,2003,2,259,131.4
16.9,2004,2,269,141.4
16.9,2005,2,279,151.4
17,2001,2,240,112
17,2002,2,250,122
17,2003,2,260,132
17,2004,2,270,142
17,2005,2,280,152
17.1,2001,2,241,112.6
17.1,2002,2,251,122.6
17.1,2003,2,261,132.6
17.1,2004,2,271,142.6
17.1,2005,2,281,152.6
17.2,2001,2,242,113.2
17.2,2002,2,252,123.2
17.2,2003,2,262,133.2
17.2,2004,2,272,143.2
17.2,2005,2,282,153.2
17.3,2001,2,243,113.8
17.3,2002,2,253,123.8
17.3,2003,2,263,133.8
17.3,2004,2,273,143.8
17.3,2005,2,283,153.8
17.4,2001,2,244,114.4
17.4,2002,2,254,124.4
17.4,2003,2,264,134.4
17.4,2004,2,274,144.4
17.4,2005,2,284,154.4
17.5,2001,2,245,115
17.5,2002,2,255,125
17.5,2003,2,265,135
17.5,2004,2,275,145
17.5,2005,2,285,155
17.6,2001,2,246,115.6
17.6,2002,2,256,125.6
17.6,2003,2,266,135.6
17.6,2004,2,276,145.6
17.6,2005,2,286,155.6
17.7,2001,2,247,116.2
17.7,2002,2,257,126.2
17.7,2003,2,267,136.2
17.7,2004,2,277,146.2
17.7,2005,2,287,156.2
17.8,2001,2,248,116.8
17.8,2002,2,258,126.8
17.8,2003,2,268,136.8
17.8,2004,2,278,146.8
17.8,2005,2,288,156.8
17.9,2001,2,249,117.4
17.9,2002,2,259,127.4
17.9,2003,2,269,137.4
17.9,2004,2,279,147.4
17.9,2005,2,289,157.4
18,2,attack_started,sybil
18,2001,2,250,118
18,2002,2,260,128
18,2003,2,270,138
18,2004,2,280,148
18,2005,2,290,158
18.1,2001,2,251,118.6
18.1,2002,2,261,128.6
18.1,2003,2,271,138.6
18.1,2004,2,281,148.6
18.1,2005,2,291,158.6
18.2,2001,2,252,119.2
18.2,2002,2,262,129.2
18.2,2003,2,272,139.2
18.2,2004,2,282,149.2
18.2,2005,2,292,159.2
18.3,2001,2,253,119.8
18.3,2002,2,263,129.8
18.3,2003,2,273,139.8
18.3,2004,2,283,149.8
18.3,2005,2,293,159.8
18.4,2001,2,254,120.4
18.4,2002,2,264,130.4
18.4,2003,2,274,140.4
18.4,2004,2,284,150.4
18.4,2005,2,294,160.4
18.5,2001,2,255,121
18.5,2002,2,265,131
18.5,2003,2,275,141
18.5,2004,2,285,151
18.5,2005,2,295,161
18.6,2001,2,256,121.6
18.6,2002,2,266,131.6
18.6,2003,2,276,141.6
18.6,2004,2,286,151.6
18.6,2005,2,296,161.6
18.7,2001,2,257,122.2
18.7,2002,2,267,132.2
18.7,2003,2,277,142.2
18.7,2004,2,287,152.2
18.7,2005,2,297,162.2
18.8,2001,2,258,122.8
18.8,2002,2,268,132.8
18.8,2003,2,278,142.8
18.8,2004,2,288,152.8
18.8,2005,2,298,162.8
18.9,2001,2,259,123.4
18.9,2002,2,269,133.4
18.9,2003,2,279,143.4
18.9,2004,2,289,153.4
18.9,2005,2,299,163.4
19,2001,2,260,124
19,2002,2,270,134
19,2003,2,280,144
19,2004,2,290,154
19,2005,2,300,164
19.1,2001,2,261,124.6
19.1,2002,2,271,134.6
19.1,2003,2,281,144.6
19.1,2004,2,291,154.6
19.1,2005,2,301,164.6
19.2,2001,2,262,125.2
19.2,2002,2,272,135.2
19.2,2003,2,282,145.2
19.2,2004,2,292,155.2
19.2,2005,2,302,165.2
19.3,2001,2,263,125.8
19.3,2002,2,273,135.8
19.3,2003,2,283,145.8
19.3,2004,2,293,155.8
19.3,2005,2,303,165.8
19.4,2001,2,264,126.4
19.4,2002,2,274,136.4
19.4,2003,2,284,146.4
19.4,2004,2,294,156.4
19.4,2005,2,304,166.4
19.5,2001,2,265,127
19.5,2002,2,275,137
19.5,2003,2,285,147
19.5,2004,2,295,157
19.5,2005,2,305,167
19.6,2001,2,266,127.6
19.6,2002,2,276,137.6
19.6,2003,2,286,147.6
19.6,2004,2,296,157.6
19.6,2005,2,306,167.6
19.7,2001,2,267,128.2
19.7,2002,2,277,138.2
19.7,2003,2,287,148.2
19.7,2004,2,297,158.2
19.7,2005,2,307,168.2
19.8,2001,2,268,128.8
19.8,2002,2,278,138.8
19.8,2003,2,288,148.8
19.8,2004,2,298,158.8
19.8,2005,2,308,168.8
19.9,2001,2,269,129.4
19.9,2002,2,279,139.4
19.9,2003,2,289,149.4
19.9,2004,2,299,159.4
19.9,2005,2,309,169.4
20,2001,2,270,130
20,2002,2,280,140
20,2003,2,290,150
20,2004,2,300,160
20,2005,2,310,170
20.1,2001,2,271,130.6
20.1,2002,2,281,140.6
20.1,2003,2,291,150.6
20.1,2004,2,301,160.6
20.1,2005,2,311,170.6
20.2,2001,2,272,131.2
20.2,2002,2,282,141.2
20.2,2003,2,292,151.2
20.2,2004,2,302,161.2
20.2,2005,2,312,171.2
20.3,2001,2,273,131.8
20.3,2002,2,283,141.8
20.3,2003,2,293,151.8
20.3,2004,2,303,161.8
20.3,2005,2,313,171.8
20.4,2001,2,274,132.4
20.4,2002,2,284,142.4
20.4,2003,2,294,152.4
20.4,2004,2,304,162.4
20.4,2005,2,314,172.4
20.5,2001,2,275,133
20.5,2002,2,285,143
20.5,2003,2,295,153
20.5,2004,2,305,163
20.5,2005,2,315,173
20.6,2001,2,276,133.6
20.6,2002,2,286,143.6
20.6,2003,2,296,153.6
20.6,2004,2,306,163.6
20.6,2005,2,316,173.6
20.7,2001,2,277,134.2
20.7,2002,2,287,144.2
20.7,2003,2,297,154.2
20.7,2004,2,307,164.2
20.7,2005,2,317,174.2
20.8,2001,2,278,134.8
20.8,2002,2,288,144.8
20.8,2003,2,298,154.8
20.8,2004,2,308,164.8
20.8,2005,2,318,174.8
20.9,2001,2,279,135.4
20.9,2002,2,289,145.4
20.9,2003,2,299,155.4
20.9,2004,2,309,165.4
20.9,2005,2,319,175.4
21,2001,2,280,136
21,2002,2,290,146
21,2003,2,300,156
21,2004,2,310,166
21,2005,2,320,176
21.1,2001,2,281,136.6
21.1,2002,2,291,146.6
21.1,2003,2,301,156.6
21.1,2004,2,311,166.6
21.1,2005,2,321,176.6
21.2,2001,2,282,137.2
21.2,2002,2,292,147.2
21.2,2003,2,302,157.2
21.2,2004,2,312,167.2
21.2,2005,2,322,177.2
21.3,2001,2,283,137.8
21.3,2002,2,293,147.8
21.3,2003,2,303,157.8
21.3,2004,2,313,167.8
21.3,2005,2,323,177.8
21.4,2001,2,284,138.4
21.4,2002,2,294,148.4
21.4,2003,2,304,158.4
21.4,2004,2,314,168.4
21.4,2005,2,324,178.4
21.5,2001,2,285,139
21.5,2002,2,295,149
21.5,2003,2,305,159
21.5,2004,2,315,169
21.5,2005,2,325,179
21.6,2001,2,286,139.6
21.6,2002,2,296,149.6
21.6,2003,2,306,159.6
21.6,2004,2,316,169.6
21.6,2005,2,326,179.6
21.7,2001,2,287,140.2
21.7,2002,2,297,150.2
21.7,2003,2,307,160.2
21.7,2004,2,317,170.2
21.7,2005,2,327,180.2
21.8,2001,2,288,140.8
21.8,2002,2,298,150.8
21.8,2003,2,308,160.8
21.8,2004,2,318,170.8
21.8,2005,2,328,180.8
21.9,2001,2,289,141.4
21.9,2002,2,299,151.4
21.9,2003,2,309,161.4
21.9,2004,2,319,171.4
21.9,2005,2,329,181.4
22,2001,2,290,142
22,2002,2,300,152
22,2003,2,310,162
22,2004,2,320,172
22,2005,2,330,182
22.1,2001,2,291,142.6
22.1,2002,2,301,152.6
22.1,2003,2,311,162.6
22.1,2004,2,321,172.6
22.1,2005,2,331,182.6
22.2,2001,2,292,143.2
22.2,2002,2,302,153.2
22.2,2003,2,312,163.2
22.2,2004,2,322,173.2
22.2,2005,2,332,183.2
22.3,2001,2,293,143.8
22.3,2002,2,303,153.8
22.3,2003,2,313,163.8
22.3,2004,2,323,173.8
22.3,2005,2,333,183.8
22.4,2001,2,294,144.4
22.4,2002,2,304,154.4
22.4,2003,2,314,164.4
22.4,2004,2,324,174.4
22.4,2005,2,334,184.4
22.5,2001,2,295,145
22.5,2002,2,305,155
22.5,2003,2,315,165
22.5,2004,2,325,175
22.5,2005,2,335,185
22.6,2001,2,296,145.6
22.6,2002,2,306,155.6
22.6,2003,2,316,165.6
22.6,2004,2,326,175.6
22.6,2005,2,336,185.6
22.7,2001,2,297,146.2
22.7,2002,2,307,156.2
22.7,2003,2,317,166.2
22.7,2004,2,327,176.2
22.7,2005,2,337,186.2
22.8,2001,2,298,146.8
22.8,2002,2,308,156.8
22.8,2003,2,318,166.8
22.8,2004,2,328,176.8
22.8,2005,2,338,186.8
22.9,2001,2,299,147.4
22.9,2002,2,309,157.4
22.9,2003,2,319,167.4
22.9,2004,2,329,177.4
22.9,2005,2,339,187.4
23,2001,2,300,148
23,2002,2,310,158
23,2003,2,320,168
23,2004,2,330,178
23,2005,2,340,188
23.1,2001,2,301,148.6
23.1,2002,2,311,158.6
23.1,2003,2,321,168.6
23.1,2004,2,331,178.6
23.1,2005,2,341,188.6
23.2,2001,2,302,149.2
23.2,2002,2,312,159.2
23.2,2003,2,322,169.2
23.2,2004,2,332,179.2
23.2,2005,2,342,189.2
23.3,2001,2,303,149.8
23.3,2002,2,313,159.8
23.3,2003,2,323,169.8
23.3,2004,2,333,179.8
23.3,2005,2,343,189.8
23.4,2001,2,304,150.4
23.4,2002,2,314,160.4
23.4,2003,2,324,170.4
23.4,2004,2,334,180.4
23.4,2005,2,344,190.4
23.5,2001,2,305,151
23.5,2002,2,315,161
23.5,2003,2,325,171
23.5,2004,2,335,181
23.5,2005,2,345,191
23.6,2001,2,306,151.6
23.6,2002,2,316,161.6
23.6,2003,2,326,171.6
23.6,2004,2,336,181.6
23.6,2005,2,346,191.6
23.7,2001,2,307,152.2
23.7,2002,2,317,162.2
23.7,2003,2,327,172.2
23.7,2004,2,337,182.2
23.7,2005,2,347,192.2
23.8,2001,2,308,152.8
23.8,2002,2,318,162.8
23.8,2003,2,328,172.8
23.8,2004,2,338,182.8
23.8,2005,2,348,192.8
23.9,2001,2,309,153.4
23.9,2002,2,319,163.4
23.9,2003,2,329,173.4
23.9,2004,2,339,183.4
23.9,2005,2,349,193.4
24,2001,2,310,154
24,2002,2,320,164
24,2003,2,330,174
24,2004,2,340,184
24,2005,2,350,194
24.1,2001,2,311,154.6
24.1,2002,2,321,164.6
24.1,2003,2,331,174.6
24.1,2004,2,341,184.6
24.1,2005,2,351,194.6
24.2,2001,2,312,155.2
24.2,2002,2,322,165.2
24.2,2003,2,332,175.2
24.2,2004,2,342,185.2
24.2,2005,2,352,195.2
24.3,2001,2,313,155.8
24.3,2002,2,323,165.8
24.3,2003,2,333,175.8
24.3,2004,2,343,185.8
24.3,2005,2,353,195.8
24.4,2001,2,314,156.4
24.4,2002,2,324,166.4
24.4,2003,2,334,176.4
24.4,2004,2,344,186.4
24.4,2005,2,354,196.4
24.5,2001,2,315,157
24.5,2002,2,325,167
24.5,2003,2,335,177
24.5,2004,2,345,187
24.5,2005,2,355,197
24.6,2001,2,316,157.6
24.6,2002,2,326,167.6
24.6,2003,2,336,177.6
24.6,2004,2,346,187.6
24.6,2005,2,356,197.6
24.7,2001,2,317,158.2
24.7,2002,2,327,168.2
24.7,2003,2,337,178.2
24.7,2004,2,347,188.2
24.7,2005,2,357,198.2
24.8,2001,2,318,158.8
24.8,2002,2,328,168.8
24.8,2003,2,338,178.8
24.8,2004,2,348,188.8
24.8,2005,2,358,198.8
24.9,2001,2,319,159.4
24.9,2002,2,329,169.4
24.9,2003,2,339,179.4
24.9,2004,2,349,189.4
24.9,2005,2,359,199.4
25,2,attack_started,sybil
25,2001,2,320,160
25,2002,2,330,170
25,2003,2,340,180
25,2004,2,350,190
25,2005,2,360,200
25.1,2001,2,321,160.6
25.1,2002,2,331,170.6
25.1,2003,2,341,180.6
25.1,2004,2,351,190.6
25.1,2005,2,361,200.6
25.2,2001,2,322,161.2
25.2,2002,2,332,171.2
25.2,2003,2,342,181.2
25.2,2004,2,352,191.2
25.2,2005,2,362,201.2
25.3,2001,2,323,161.8
25.3,2002,2,333,171.8
25.3,2003,2,343,181.8
25.3,2004,2,353,191.8
25.3,2005,2,363,201.8
25.4,2001,2,324,162.4
25.4,2002,2,334,172.4
25.4,2003,2,344,182.4
25.4,2004,2,354,192.4
25.4,2005,2,364,202.4
25.5,2001,2,325,163
25.5,2002,2,335,173
25.5,2003,2,345,183
25.5,2004,2,355,193
25.5,2005,2,365,203
25.6,2001,2,326,163.6
25.6,2002,2,336,173.6
25.6,2003,2,346,183.6
25.6,2004,2,356,193.6
25.6,2005,2,366,203.6
25.7,2001,2,327,164.2
25.7,2002,2,337,174.2
25.7,2003,2,347,184.2
25.7,2004,2,357,194.2
25.7,2005,2,367,204.2
25.8,2001,2,328,164.8
25.8,2002,2,338,174.8
25.8,2003,2,348,184.8
25.8,2004,2,358,194.8
25.8,2005,2,368,204.8
25.9,2001,2,329,165.4
25.9,2002,2,339,175.4
25.9,2003,2,349,185.4
25.9,2004,2,359,195.4
25.9,2005,2,369,205.4
26,2001,2,330,166
26,2002,2,340,176
26,2003,2,350,186
26,2004,2,360,196
26,2005,2,370,206
26.1,2001,2,331,166.6
26.1,2002,2,341,176.6
26.1,2003,2,351,186.6
26.1,2004,2,361,196.6
26.1,2005,2,371,206.6
26.2,2001,2,332,167.2
26.2,2002,2,342,177.2
26.2,2003,2,352,187.2
26.2,2004,2,362,197.2
26.2,2005,2,372,207.2
26.3,2001,2,333,167.8
26.3,2002,2,343,177.8
26.3,2003,2,353,187.8
26.3,2004,2,363,197.8
26.3,2005,2,373,207.8
26.4,2001,2,334,168.4
26.4,2002,2,344,178.4
26.4,2003,2,354,188.4
26.4,2004,2,364,198.4
26.4,2005,2,374,208.4
26.5,2001,2,335,169
26.5,2002,2,345,179
26.5,2003,2,355,189
26.5,2004,2,365,199
26.5,2005,2,375,209
26.6,2001,2,336,169.6
26.6,2002,2,346,179.6
26.6,2003,2,356,189.6
26.6,2004,2,366,199.6
26.6,2005,2,376,209.6
26.7,2001,2,337,170.2
26.7,2002,2,347,180.2
26.7,2003,2,357,190.2
26.7,2004,2,367,200.2
26.7,2005,2,377,210.2
26.8,2001,2,338,170.8
26.8,2002,2,348,180.8
26.8,2003,2,358,190.8
26.8,2004,2,368,200.8
26.8,2005,2,378,210.8
26.9,2001,2,339,171.4
26.9,2002,2,349,181.4
26.9,2003,2,359,191.4
26.9,2004,2,369,201.4
26.9,2005,2,379,211.4
27,2001,2,340,172
27,2002,2,350,182
27,2003,2,360,192
27,2004,2,370,202
27,2005,2,380,212
27.1,2001,2,341,172.6
27.1,2002,2,351,182.6
27.1,2003,2,361,192.6
27.1,2004,2,371,202.6
27.1,2005,2,381,212.6
27.2,2001,2,342,173.2
27.2,2002,2,352,183.2
27.2,2003,2,362,193.2
27.2,2004,2,372,203.2
27.2,2005,2,382,213.2
27.3,2001,2,343,173.8
27.3,2002,2,353,183.8
27.3,2003,2,363,193.8
27.3,2004,2,373,203.8
27.3,2005,2,383,213.8
27.4,2001,2,344,174.4
27.4,2002,2,354,184.4
27.4,2003,2,364,194.4
27.4,2004,2,374,204.4
27.4,2005,2,384,214.4
27.5,2001,2,345,175
27.5,2002,2,355,185
27.5,2003,2,365,195
27.5,2004,2,375,205
27.5,2005,2,385,215
27.6,2001,2,346,175.6
27.6,2002,2,356,185.6
27.6,2003,2,366,195.6
27.6,2004,2,376,205.6
27.6,2005,2,386,215.6
27.7,2001,2,347,176.2
27.7,2002,2,357,186.2
27.7,2003,2,367,196.2
27.7,2004,2,377,206.2
27.7,2005,2,387,216.2
27.8,2001,2,348,176.8
27.8,2002,2,358,186.8
27.8,2003,2,368,196.8
27.8,2004,2,378,206.8
27.8,2005,2,388,216.8
27.9,2001,2,349,177.4
27.9,2002,2,359,187.4
27.9,2003,2,369,197.4
27.9,2004,2,379,207.4
27.9,2005,2,389,217.4
28,2001,2,350,178
28,2002,2,360,188
28,2003,2,370,198
28,2004,2,380,208
28,2005,2,390,218
28.1,2001,2,351,178.6
28.1,2002,2,361,188.6
28.1,2003,2,371,198.6
28.1,2004,2,381,208.6
28.1,2005,2,391,218.6
28.2,2001,2,352,179.2
28.2,2002,2,362,189.2
28.2,2003,2,372,199.2
28.2,2004,2,382,209.2
28.2,2005,2,392,219.2
28.3,2001,2,353,179.8
28.3,2002,2,363,189.8
28.3,2003,2,373,199.8
28.3,2004,2,383,209.8
28.3,2005,2,393,219.8
28.4,2001,2,354,180.4
28.4,2002,2,364,190.4
28.4,2003,2,374,200.4
28.4,2004,2,384,210.4
28.4,2005,2,394,220.4
28.5,2001,2,355,181
28.5,2002,2,365,191
28.5,2003,2,375,201
28.5,2004,2,385,211
28.5,2005,2,395,221
28.6,2001,2,356,181.6
28.6,2002,2,366,191.6
28.6,2003,2,376,201.6
28.6,2004,2,386,211.6
28.6,2005,2,396,221.6
28.7,2001,2,357,182.2
28.7,2002,2,367,192.2
28.7,2003,2,377,202.2
28.7,2004,2,387,212.2
28.7,2005,2,397,222.2
28.8,2001,2,358,182.8
28.8,2002,2,368,192.8
28.8,2003,2,378,202.8
28.8,2004,2,388,212.8
28.8,2005,2,398,222.8
28.9,2001,2,359,183.4
28.9,2002,2,369,193.4
28.9,2003,2,379,203.4
28.9,2004,2,389,213.4
28.9,2005,2,399,223.4
29,2001,2,360,184
29,2002,2,370,194
29,2003,2,380,204
29,2004,2,390,214
29,2005,2,400,224
29.1,2001,2,361,184.6
29.1,2002,2,371,194.6
29.1,2003,2,381,204.6
29.1,2004,2,391,214.6
29.1,2005,2,401,224.6
29.2,2001,2,362,185.2
29.2,2002,2,372,195.2
29.2,2003,2,382,205.2
29.2,2004,2,392,215.2
29.2,2005,2,402,225.2
29.3,2001,2,363,185.8
29.3,2002,2,373,195.8
29.3,2003,2,383,205.8
29.3,2004,2,393,215.8
29.3,2005,2,403,225.8
29.4,2001,2,364,186.4
29.4,2002,2,374,196.4
29.4,2003,2,384,206.4
29.4,2004,2,394,216.4
29.4,2005,2,404,226.4
29.5,2001,2,365,187
29.5,2002,2,375,197
29.5,2003,2,385,207
29.5,2004,2,395,217
29.5,2005,2,405,227
29.6,2001,2,366,187.6
29.6,2002,2,376,197.6
29.6,2003,2,386,207.6
29.6,2004,2,396,217.6
29.6,2005,2,406,227.6
29.7,2001,2,367,188.2
29.7,2002,2,377,198.2
29.7,2003,2,387,208.2
29.7,2004,2,397,218.2
29.7,2005,2,407,228.2
29.8,2001,2,368,188.8
29.8,2002,2,378,198.8
29.8,2003,2,388,208.8
29.8,2004,2,398,218.8
29.8,2005,2,408,228.8
29.9,2001,2,369,189.4
29.9,2002,2,379,199.4
29.9,2003,2,389,209.4
29.9,2004,2,399,219.4
29.9,2005,2,409,229.4
