timestamp,nodeId,neighborCount
1,0,4
1,1,2
1,2,7
1,3,8
1,4,5
1,5,7
1,6,5
1,7,8
1,8,2
1,9,2
1,10,3
1,11,2
1,12,4
1,13,4
1,14,4
1,15,5
1,16,4
1,17,5
1,18,3
1,19,1
1,20,2
1,21,4
1,22,2
1,23,8
1,24,1
1,25,2
1,26,4
1,27,4
1,28,3
1,29,4
1,30,4
1,31,6
1,32,5
1,33,2
1,34,2
1,35,5
1,36,4
1,37,4
1,38,4
1,39,8
1,40,0
1,41,3
1,42,5
1,43,2
1,44,3
1,45,0
1,46,6
1,47,6
1,48,1
1,49,4
1,50,7
1,51,6
1,52,4
1,53,5
1,54,3
1,55,1
1,56,1
1,57,3
1,58,6
1,59,3
1,60,2
1,61,5
1,62,1
1,63,4
1,64,2
1,65,4
1,66,0
1,67,4
1,68,8
1,69,6
1,70,5
1,71,4
1,72,4
1,73,3
1,74,7
1,75,10
1,76,0
1,77,6
1,78,4
1,79,10
1,80,8
1,81,1
1,82,2
1,83,7
1,84,5
1,85,3
1,86,4
1,87,5
1,88,6
1,89,5
1,90,1
1,91,8
1,92,4
1,93,4
1,94,0
1,95,3
1,96,5
1,97,8
1,98,2
1,99,2
1,100,1
1,101,0
1,102,5
1,103,4
1,104,3
1,105,4
1,106,2
1,107,2
1,108,4
1,109,5
1,110,2
1,111,4
1,112,8
1,113,3
1,114,3
1,115,5
1,116,1
1,117,10
1,118,2
1,119,3
1,120,3
1,121,3
1,122,8
1,123,5
1,124,8
1,125,6
1,126,6
1,127,5
1,128,7
1,129,3
1,130,5
1,131,6
1.2,0,4
1.2,1,2
1.2,2,7
1.2,3,8
1.2,4,5
1.2,5,7
1.2,6,5
1.2,7,8
1.2,8,2
1.2,9,2
1.2,10,3
1.2,11,2
1.2,12,4
1.2,13,4
1.2,14,4
1.2,15,5
1.2,16,4
1.2,17,5
1.2,18,3
1.2,19,1
1.2,20,2
1.2,21,4
1.2,22,2
1.2,23,8
1.2,24,1
1.2,25,2
1.2,26,4
1.2,27,4
1.2,28,3
1.2,29,4
1.2,30,4
1.2,31,6
1.2,32,5
1.2,33,2
1.2,34,2
1.2,35,5
1.2,36,4
1.2,37,4
1.2,38,4
1.2,39,8
1.2,40,0
1.2,41,3
1.2,42,5
1.2,43,2
1.2,44,3
1.2,45,0
1.2,46,6
1.2,47,6
1.2,48,1
1.2,49,4
1.2,50,7
1.2,51,6
1.2,52,4
1.2,53,5
1.2,54,3
1.2,55,1
1.2,56,1
1.2,57,3
1.2,58,6
1.2,59,3
1.2,60,2
1.2,61,5
1.2,62,1
1.2,63,4
1.2,64,2
1.2,65,4
1.2,66,0
1.2,67,4
1.2,68,8
1.2,69,6
1.2,70,5
1.2,71,4
1.2,72,4
1.2,73,3
1.2,74,7
1.2,75,10
1.2,76,0
1.2,77,6
1.2,78,4
1.2,79,10
1.2,80,8
1.2,81,1
1.2,82,2
1.2,83,7
1.2,84,5
1.2,85,3
1.2,86,4
1.2,87,5
1.2,88,6
1.2,89,5
1.2,90,1
1.2,91,8
1.2,92,4
1.2,93,4
1.2,94,0
1.2,95,3
1.2,96,5
1.2,97,8
1.2,98,2
1.2,99,2
1.2,100,1
1.2,101,0
1.2,102,5
1.2,103,4
1.2,104,3
1.2,105,4
1.2,106,2
1.2,107,2
1.2,108,4
1.2,109,5
1.2,110,2
1.2,111,4
1.2,112,8
1.2,113,3
1.2,114,3
1.2,115,5
1.2,116,1
1.2,117,10
1.2,118,2
1.2,119,3
1.2,120,3
1.2,121,3
1.2,122,8
1.2,123,5
1.2,124,8
1.2,125,6
1.2,126,6
1.2,127,5
1.2,128,7
1.2,129,3
1.2,130,5
1.2,131,6
1.4,0,4
1.4,1,2
1.4,2,7
1.4,3,8
1.4,4,5
1.4,5,7
1.4,6,5
1.4,7,8
1.4,8,2
1.4,9,2
1.4,10,3
1.4,11,2
1.4,12,4
1.4,13,4
1.4,14,4
1.4,15,5
1.4,16,4
1.4,17,5
1.4,18,3
1.4,19,1
1.4,20,2
1.4,21,4
1.4,22,2
1.4,23,8
1.4,24,1
1.4,25,2
1.4,26,4
1.4,27,4
1.4,28,3
1.4,29,4
1.4,30,4
1.4,31,6
1.4,32,5
1.4,33,2
1.4,34,2
1.4,35,5
1.4,36,4
1.4,37,4
1.4,38,4
1.4,39,8
1.4,40,0
1.4,41,3
1.4,42,5
1.4,43,2
1.4,44,3
1.4,45,0
1.4,46,6
1.4,47,6
1.4,48,1
1.4,49,4
1.4,50,7
1.4,51,6
1.4,52,4
1.4,53,5
1.4,54,3
1.4,55,1
1.4,56,1
1.4,57,3
1.4,58,6
1.4,59,3
1.4,60,2
1.4,61,5
1.4,62,1
1.4,63,4
1.4,64,2
1.4,65,4
1.4,66,0
1.4,67,4
1.4,68,8
1.4,69,6
1.4,70,5
1.4,71,4
1.4,72,4
1.4,73,3
1.4,74,7
1.4,75,10
1.4,76,0
1.4,77,6
1.4,78,4
1.4,79,10
1.4,80,8
1.4,81,1
1.4,82,2
1.4,83,7
1.4,84,5
1.4,85,3
1.4,86,4
1.4,87,5
1.4,88,6
1.4,89,5
1.4,90,1
1.4,91,8
1.4,92,4
1.4,93,4
1.4,94,0
1.4,95,3
1.4,96,5
1.4,97,8
1.4,98,2
1.4,99,2
1.4,100,1
1.4,101,0
1.4,102,5
1.4,103,4
1.4,104,3
1.4,105,4
1.4,106,2
1.4,107,2
1.4,108,4
1.4,109,5
1.4,110,2
1.4,111,4
1.4,112,8
1.4,113,3
1.4,114,3
1.4,115,5
1.4,116,1
1.4,117,10
1.4,118,2
1.4,119,3
1.4,120,3
1.4,121,3
1.4,122,8
1.4,123,5
1.4,124,8
1.4,125,6
1.4,126,6
1.4,127,5
1.4,128,7
1.4,129,3
1.4,130,5
1.4,131,6
1.6,0,4
1.6,1,2
1.6,2,7
1.6,3,8
1.6,4,5
1.6,5,7
1.6,6,5
1.6,7,8
1.6,8,2
1.6,9,2
1.6,10,3
1.6,11,2
1.6,12,4
1.6,13,4
1.6,14,4
1.6,15,5
1.6,16,4
1.6,17,5
1.6,18,3
1.6,19,1
1.6,20,2
1.6,21,4
1.6,22,2
1.6,23,8
1.6,24,1
1.6,25,2
1.6,26,4
1.6,27,4
1.6,28,3
1.6,29,4
1.6,30,4
1.6,31,6
1.6,32,5
1.6,33,2
1.6,34,2
1.6,35,5
1.6,36,4
1.6,37,4
1.6,38,4
1.6,39,8
1.6,40,0
1.6,41,3
1.6,42,5
1.6,43,2
1.6,44,3
1.6,45,0
1.6,46,6
1.6,47,6
1.6,48,1
1.6,49,4
1.6,50,7
1.6,51,6
1.6,52,4
1.6,53,5
1.6,54,3
1.6,55,1
1.6,56,1
1.6,57,3
1.6,58,6
1.6,59,3
1.6,60,2
1.6,61,5
1.6,62,1
1.6,63,4
1.6,64,2
1.6,65,4
1.6,66,0
1.6,67,4
1.6,68,8
1.6,69,6
1.6,70,5
1.6,71,4
1.6,72,4
1.6,73,3
1.6,74,7
1.6,75,10
1.6,76,0
1.6,77,6
1.6,78,4
1.6,79,10
1.6,80,8
1.6,81,1
1.6,82,2
1.6,83,7
1.6,84,5
1.6,85,3
1.6,86,4
1.6,87,5
1.6,88,6
1.6,89,5
1.6,90,1
1.6,91,8
1.6,92,4
1.6,93,4
1.6,94,0
1.6,95,3
1.6,96,5
1.6,97,8
1.6,98,2
1.6,99,2
1.6,100,1
1.6,101,0
1.6,102,5
1.6,103,4
1.6,104,3
1.6,105,4
1.6,106,2
1.6,107,2
1.6,108,4
1.6,109,5
1.6,110,2
1.6,111,4
1.6,112,8
1.6,113,3
1.6,114,3
1.6,115,5
1.6,116,1
1.6,117,10
1.6,118,2
1.6,119,3
1.6,120,3
1.6,121,3
1.6,122,8
1.6,123,5
1.6,124,8
1.6,125,6
1.6,126,6
1.6,127,5
1.6,128,7
1.6,129,3
1.6,130,5
1.6,131,6
1.8,0,4
1.8,1,2
1.8,2,7
1.8,3,8
1.8,4,5
1.8,5,7
1.8,6,5
1.8,7,8
1.8,8,2
1.8,9,2
1.8,10,3
1.8,11,2
1.8,12,4
1.8,13,4
1.8,14,4
1.8,15,5
1.8,16,4
1.8,17,5
1.8,18,3
1.8,19,1
1.8,20,2
1.8,21,4
1.8,22,2
1.8,23,8
1.8,24,1
1.8,25,2
1.8,26,4
1.8,27,4
1.8,28,3
1.8,29,4
1.8,30,4
1.8,31,6
1.8,32,5
1.8,33,2
1.8,34,2
1.8,35,5
1.8,36,4
1.8,37,4
1.8,38,4
1.8,39,8
1.8,40,0
1.8,41,3
1.8,42,5
1.8,43,2
1.8,44,3
1.8,45,0
1.8,46,6
1.8,47,6
1.8,48,1
1.8,49,4
1.8,50,7
1.8,51,6
1.8,52,4
1.8,53,5
1.8,54,3
1.8,55,1
1.8,56,1
1.8,57,3
1.8,58,6
1.8,59,3
1.8,60,2
1.8,61,5
1.8,62,1
1.8,63,4
1.8,64,2
1.8,65,4
1.8,66,0
1.8,67,4
1.8,68,8
1.8,69,6
1.8,70,5
1.8,71,4
1.8,72,4
1.8,73,3
1.8,74,7
1.8,75,10
1.8,76,0
1.8,77,6
1.8,78,4
1.8,79,10
1.8,80,8
1.8,81,1
1.8,82,2
1.8,83,7
1.8,84,5
1.8,85,3
1.8,86,4
1.8,87,5
1.8,88,6
1.8,89,5
1.8,90,1
1.8,91,8
1.8,92,4
1.8,93,4
1.8,94,0
1.8,95,3
1.8,96,5
1.8,97,8
1.8,98,2
1.8,99,2
1.8,100,1
1.8,101,0
1.8,102,5
1.8,103,4
1.8,104,3
1.8,105,4
1.8,106,2
1.8,107,2
1.8,108,4
1.8,109,5
1.8,110,2
1.8,111,4
1.8,112,8
1.8,113,3
1.8,114,3
1.8,115,5
1.8,116,1
1.8,117,10
1.8,118,2
1.8,119,3
1.8,120,3
1.8,121,3
1.8,122,8
1.8,123,5
1.8,124,8
1.8,125,6
1.8,126,6
1.8,127,5
1.8,128,7
1.8,129,3
1.8,130,5
1.8,131,6
2,0,4
2,1,2
2,2,7
2,3,8
2,4,5
2,5,7
2,6,5
2,7,8
2,8,2
2,9,2
2,10,3
2,11,2
2,12,4
2,13,4
2,14,4
2,15,5
2,16,4
2,17,5
2,18,3
2,19,1
2,20,2
2,21,4
2,22,2
2,23,8
2,24,1
2,25,2
2,26,4
2,27,4
2,28,3
2,29,4
2,30,4
2,31,6
2,32,5
2,33,2
2,34,2
2,35,5
2,36,4
2,37,4
2,38,4
2,39,8
2,40,0
2,41,3
2,42,5
2,43,2
2,44,3
2,45,0
2,46,6
2,47,6
2,48,1
2,49,4
2,50,7
2,51,6
2,52,4
2,53,5
2,54,3
2,55,1
2,56,1
2,57,3
2,58,6
2,59,3
2,60,2
2,61,5
2,62,1
2,63,4
2,64,2
2,65,4
2,66,0
2,67,4
2,68,8
2,69,6
2,70,5
2,71,4
2,72,4
2,73,3
2,74,7
2,75,10
2,76,0
2,77,6
2,78,4
2,79,10
2,80,8
2,81,1
2,82,2
2,83,7
2,84,5
2,85,3
2,86,4
2,87,5
2,88,6
2,89,5
2,90,1
2,91,8
2,92,4
2,93,4
2,94,0
2,95,3
2,96,5
2,97,8
2,98,2
2,99,2
2,100,1
2,101,0
2,102,5
2,103,4
2,104,3
2,105,4
2,106,2
2,107,2
2,108,4
2,109,5
2,110,2
2,111,4
2,112,8
2,113,3
2,114,3
2,115,5
2,116,1
2,117,10
2,118,2
2,119,3
2,120,3
2,121,3
2,122,8
2,123,5
2,124,8
2,125,6
2,126,6
2,127,5
2,128,7
2,129,3
2,130,5
2,131,6
2.2,0,4
2.2,1,2
2.2,2,7
2.2,3,8
2.2,4,5
2.2,5,7
2.2,6,5
2.2,7,8
2.2,8,2
2.2,9,2
2.2,10,3
2.2,11,2
2.2,12,4
2.2,13,4
2.2,14,4
2.2,15,5
2.2,16,4
2.2,17,5
2.2,18,3
2.2,19,1
2.2,20,2
2.2,21,4
2.2,22,2
2.2,23,8
2.2,24,1
2.2,25,2
2.2,26,4
2.2,27,4
2.2,28,3
2.2,29,4
2.2,30,4
2.2,31,6
2.2,32,5
2.2,33,2
2.2,34,2
2.2,35,5
2.2,36,4
2.2,37,4
2.2,38,4
2.2,39,8
2.2,40,0
2.2,41,3
2.2,42,5
2.2,43,2
2.2,44,3
2.2,45,0
2.2,46,6
2.2,47,6
2.2,48,1
2.2,49,4
2.2,50,7
2.2,51,6
2.2,52,4
2.2,53,5
2.2,54,3
2.2,55,1
2.2,56,1
2.2,57,3
2.2,58,6
2.2,59,3
2.2,60,2
2.2,61,5
2.2,62,1
2.2,63,4
2.2,64,2
2.2,65,4
2.2,66,0
2.2,67,4
2.2,68,8
2.2,69,6
2.2,70,5
2.2,71,4
2.2,72,4
2.2,73,3
2.2,74,7
2.2,75,10
2.2,76,0
2.2,77,6
2.2,78,4
2.2,79,10
2.2,80,8
2.2,81,1
2.2,82,2
2.2,83,7
2.2,84,5
2.2,85,3
2.2,86,4
2.2,87,5
2.2,88,6
2.2,89,5
2.2,90,1
2.2,91,8
2.2,92,4
2.2,93,4
2.2,94,0
2.2,95,3
2.2,96,5
2.2,97,8
2.2,98,2
2.2,99,2
2.2,100,1
2.2,101,0
2.2,102,5
2.2,103,4
2.2,104,3
2.2,105,4
2.2,106,2
2.2,107,2
2.2,108,4
2.2,109,5
2.2,110,2
2.2,111,4
2.2,112,8
2.2,113,3
2.2,114,3
2.2,115,5
2.2,116,1
2.2,117,10
2.2,118,2
2.2,119,3
2.2,120,3
2.2,121,3
2.2,122,8
2.2,123,5
2.2,124,8
2.2,125,6
2.2,126,6
2.2,127,5
2.2,128,7
2.2,129,3
2.2,130,5
2.2,131,6
2.4,0,4
2.4,1,2
2.4,2,7
2.4,3,8
2.4,4,5
2.4,5,7
2.4,6,5
2.4,7,8
2.4,8,2
2.4,9,2
2.4,10,3
2.4,11,2
2.4,12,4
2.4,13,4
2.4,14,4
2.4,15,5
2.4,16,4
2.4,17,5
2.4,18,3
2.4,19,1
2.4,20,2
2.4,21,4
2.4,22,2
2.4,23,8
2.4,24,1
2.4,25,2
2.4,26,4
2.4,27,4
2.4,28,3
2.4,29,4
2.4,30,4
2.4,31,6
2.4,32,5
2.4,33,2
2.4,34,2
2.4,35,5
2.4,36,4
2.4,37,4
2.4,38,4
2.4,39,8
2.4,40,0
2.4,41,3
2.4,42,5
2.4,43,2
2.4,44,3
2.4,45,0
2.4,46,6
2.4,47,6
2.4,48,1
2.4,49,4
2.4,50,7
2.4,51,6
2.4,52,4
2.4,53,5
2.4,54,3
2.4,55,1
2.4,56,1
2.4,57,3
2.4,58,6
2.4,59,3
2.4,60,2
2.4,61,5
2.4,62,1
2.4,63,4
2.4,64,2
2.4,65,4
2.4,66,0
2.4,67,4
2.4,68,8
2.4,69,6
2.4,70,5
2.4,71,4
2.4,72,4
2.4,73,3
2.4,74,7
2.4,75,10
2.4,76,0
2.4,77,6
2.4,78,4
2.4,79,10
2.4,80,8
2.4,81,1
2.4,82,2
2.4,83,7
2.4,84,5
2.4,85,3
2.4,86,4
2.4,87,5
2.4,88,6
2.4,89,5
2.4,90,1
2.4,91,8
2.4,92,4
2.4,93,4
2.4,94,0
2.4,95,3
2.4,96,5
2.4,97,8
2.4,98,2
2.4,99,2
2.4,100,1
2.4,101,0
2.4,102,5
2.4,103,4
2.4,104,3
2.4,105,4
2.4,106,2
2.4,107,2
2.4,108,4
2.4,109,5
2.4,110,2
2.4,111,4
2.4,112,8
2.4,113,3
2.4,114,3
2.4,115,5
2.4,116,1
2.4,117,10
2.4,118,2
2.4,119,3
2.4,120,3
2.4,121,3
2.4,122,8
2.4,123,5
2.4,124,8
2.4,125,6
2.4,126,6
2.4,127,5
2.4,128,7
2.4,129,3
2.4,130,5
2.4,131,6
2.6,0,4
2.6,1,2
2.6,2,7
2.6,3,8
2.6,4,5
2.6,5,7
2.6,6,5
2.6,7,8
2.6,8,2
2.6,9,2
2.6,10,3
2.6,11,2
2.6,12,4
2.6,13,4
2.6,14,4
2.6,15,5
2.6,16,4
2.6,17,5
2.6,18,3
2.6,19,1
2.6,20,2
2.6,21,4
2.6,22,2
2.6,23,8
2.6,24,1
2.6,25,2
2.6,26,4
2.6,27,4
2.6,28,3
2.6,29,4
2.6,30,4
2.6,31,6
2.6,32,5
2.6,33,2
2.6,34,2
2.6,35,5
2.6,36,4
2.6,37,4
2.6,38,4
2.6,39,8
2.6,40,0
2.6,41,3
2.6,42,5
2.6,43,2
2.6,44,3
2.6,45,0
2.6,46,6
2.6,47,6
2.6,48,1
2.6,49,4
2.6,50,7
2.6,51,6
2.6,52,4
2.6,53,5
2.6,54,3
2.6,55,1
2.6,56,1
2.6,57,3
2.6,58,6
2.6,59,3
2.6,60,2
2.6,61,5
2.6,62,1
2.6,63,4
2.6,64,2
2.6,65,4
2.6,66,0
2.6,67,4
2.6,68,8
2.6,69,6
2.6,70,5
2.6,71,4
2.6,72,4
2.6,73,3
2.6,74,7
2.6,75,10
2.6,76,0
2.6,77,6
2.6,78,4
2.6,79,10
2.6,80,8
2.6,81,1
2.6,82,2
2.6,83,7
2.6,84,5
2.6,85,3
2.6,86,4
2.6,87,5
2.6,88,6
2.6,89,5
2.6,90,1
2.6,91,8
2.6,92,4
2.6,93,4
2.6,94,0
2.6,95,3
2.6,96,5
2.6,97,8
2.6,98,2
2.6,99,2
2.6,100,1
2.6,101,0
2.6,102,5
2.6,103,4
2.6,104,3
2.6,105,4
2.6,106,2
2.6,107,2
2.6,108,4
2.6,109,5
2.6,110,2
2.6,111,4
2.6,112,8
2.6,113,3
2.6,114,3
2.6,115,5
2.6,116,1
2.6,117,10
2.6,118,2
2.6,119,3
2.6,120,3
2.6,121,3
2.6,122,8
2.6,123,5
2.6,124,8
2.6,125,6
2.6,126,6
2.6,127,5
2.6,128,7
2.6,129,3
2.6,130,5
2.6,131,6
2.8,0,4
2.8,1,2
2.8,2,7
2.8,3,8
2.8,4,5
2.8,5,7
2.8,6,5
2.8,7,8
2.8,8,2
2.8,9,2
2.8,10,3
2.8,11,2
2.8,12,4
2.8,13,4
2.8,14,4
2.8,15,5
2.8,16,4
2.8,17,5
2.8,18,3
2.8,19,1
2.8,20,2
2.8,21,4
2.8,22,2
2.8,23,8
2.8,24,1
2.8,25,2
2.8,26,4
2.8,27,4
2.8,28,3
2.8,29,4
2.8,30,4
2.8,31,6
2.8,32,5
2.8,33,2
2.8,34,2
2.8,35,5
2.8,36,4
2.8,37,4
2.8,38,4
2.8,39,8
2.8,40,0
2.8,41,3
2.8,42,5
2.8,43,2
2.8,44,3
2.8,45,0
2.8,46,6
2.8,47,6
2.8,48,1
2.8,49,4
2.8,50,7
2.8,51,6
2.8,52,4
2.8,53,5
2.8,54,3
2.8,55,1
2.8,56,1
2.8,57,3
2.8,58,6
2.8,59,3
2.8,60,2
2.8,61,5
2.8,62,1
2.8,63,4
2.8,64,2
2.8,65,4
2.8,66,0
2.8,67,4
2.8,68,8
2.8,69,6
2.8,70,5
2.8,71,4
2.8,72,4
2.8,73,3
2.8,74,7
2.8,75,10
2.8,76,0
2.8,77,6
2.8,78,4
2.8,79,10
2.8,80,8
2.8,81,1
2.8,82,2
2.8,83,7
2.8,84,5
2.8,85,3
2.8,86,4
2.8,87,5
2.8,88,6
2.8,89,5
2.8,90,1
2.8,91,8
2.8,92,4
2.8,93,4
2.8,94,0
2.8,95,3
2.8,96,5
2.8,97,8
2.8,98,2
2.8,99,2
2.8,100,1
2.8,101,0
2.8,102,5
2.8,103,4
2.8,104,3
2.8,105,4
2.8,106,2
2.8,107,2
2.8,108,4
2.8,109,5
2.8,110,2
2.8,111,4
2.8,112,8
2.8,113,3
2.8,114,3
2.8,115,5
2.8,116,1
2.8,117,10
2.8,118,2
2.8,119,3
2.8,120,3
2.8,121,3
2.8,122,8
2.8,123,5
2.8,124,8
2.8,125,6
2.8,126,6
2.8,127,5
2.8,128,7
2.8,129,3
2.8,130,5
2.8,131,6
3,0,4
3,1,2
3,2,7
3,3,8
3,4,5
3,5,7
3,6,5
3,7,8
3,8,2
3,9,2
3,10,3
3,11,2
3,12,4
3,13,4
3,14,4
3,15,5
3,16,4
3,17,5
3,18,3
3,19,1
3,20,2
3,21,4
3,22,2
3,23,8
3,24,1
3,25,2
3,26,4
3,27,4
3,28,3
3,29,4
3,30,4
3,31,6
3,32,5
3,33,2
3,34,2
3,35,5
3,36,4
3,37,4
3,38,4
3,39,8
3,40,0
3,41,3
3,42,5
3,43,2
3,44,3
3,45,0
3,46,6
3,47,6
3,48,1
3,49,4
3,50,7
3,51,6
3,52,4
3,53,5
3,54,3
3,55,1
3,56,1
3,57,3
3,58,6
3,59,3
3,60,2
3,61,5
3,62,1
3,63,4
3,64,2
3,65,4
3,66,0
3,67,4
3,68,8
3,69,6
3,70,5
3,71,4
3,72,4
3,73,3
3,74,7
3,75,10
3,76,0
3,77,6
3,78,4
3,79,10
3,80,8
3,81,1
3,82,2
3,83,7
3,84,5
3,85,3
3,86,4
3,87,5
3,88,6
3,89,5
3,90,1
3,91,8
3,92,4
3,93,4
3,94,0
3,95,3
3,96,5
3,97,8
3,98,2
3,99,2
3,100,1
3,101,0
3,102,5
3,103,4
3,104,3
3,105,4
3,106,2
3,107,2
3,108,4
3,109,5
3,110,2
3,111,4
3,112,8
3,113,3
3,114,3
3,115,5
3,116,1
3,117,10
3,118,2
3,119,3
3,120,3
3,121,3
3,122,8
3,123,5
3,124,8
3,125,6
3,126,6
3,127,5
3,128,7
3,129,3
3,130,5
3,131,6
3.2,0,4
3.2,1,2
3.2,2,7
3.2,3,8
3.2,4,5
3.2,5,7
3.2,6,5
3.2,7,8
3.2,8,2
3.2,9,2
3.2,10,3
3.2,11,2
3.2,12,4
3.2,13,4
3.2,14,4
3.2,15,5
3.2,16,4
3.2,17,5
3.2,18,3
3.2,19,1
3.2,20,2
3.2,21,4
3.2,22,2
3.2,23,8
3.2,24,1
3.2,25,2
3.2,26,4
3.2,27,4
3.2,28,3
3.2,29,4
3.2,30,4
3.2,31,6
3.2,32,5
3.2,33,2
3.2,34,2
3.2,35,5
3.2,36,4
3.2,37,4
3.2,38,4
3.2,39,8
3.2,40,0
3.2,41,3
3.2,42,5
3.2,43,2
3.2,44,3
3.2,45,0
3.2,46,6
3.2,47,6
3.2,48,1
3.2,49,4
3.2,50,7
3.2,51,6
3.2,52,4
3.2,53,5
3.2,54,3
3.2,55,1
3.2,56,1
3.2,57,3
3.2,58,6
3.2,59,3
3.2,60,2
3.2,61,5
3.2,62,1
3.2,63,4
3.2,64,2
3.2,65,4
3.2,66,0
3.2,67,4
3.2,68,8
3.2,69,6
3.2,70,5
3.2,71,4
3.2,72,4
3.2,73,3
3.2,74,7
3.2,75,10
3.2,76,0
3.2,77,6
3.2,78,4
3.2,79,10
3.2,80,8
3.2,81,1
3.2,82,2
3.2,83,7
3.2,84,5
3.2,85,3
3.2,86,4
3.2,87,5
3.2,88,6
3.2,89,5
3.2,90,1
3.2,91,8
3.2,92,4
3.2,93,4
3.2,94,0
3.2,95,3
3.2,96,5
3.2,97,8
3.2,98,2
3.2,99,2
3.2,100,1
3.2,101,0
3.2,102,5
3.2,103,4
3.2,104,3
3.2,105,4
3.2,106,2
3.2,107,2
3.2,108,4
3.2,109,5
3.2,110,2
3.2,111,4
3.2,112,8
3.2,113,3
3.2,114,3
3.2,115,5
3.2,116,1
3.2,117,10
3.2,118,2
3.2,119,3
3.2,120,3
3.2,121,3
3.2,122,8
3.2,123,5
3.2,124,8
3.2,125,6
3.2,126,6
3.2,127,5
3.2,128,7
3.2,129,3
3.2,130,5
3.2,131,6
3.4,0,4
3.4,1,2
3.4,2,7
3.4,3,8
3.4,4,5
3.4,5,7
3.4,6,5
3.4,7,8
3.4,8,2
3.4,9,2
3.4,10,3
3.4,11,2
3.4,12,4
3.4,13,4
3.4,14,4
3.4,15,5
3.4,16,4
3.4,17,5
3.4,18,3
3.4,19,1
3.4,20,2
3.4,21,4
3.4,22,2
3.4,23,8
3.4,24,1
3.4,25,2
3.4,26,4
3.4,27,4
3.4,28,3
3.4,29,4
3.4,30,4
3.4,31,6
3.4,32,5
3.4,33,2
3.4,34,2
3.4,35,5
3.4,36,4
3.4,37,4
3.4,38,4
3.4,39,8
3.4,40,0
3.4,41,3
3.4,42,5
3.4,43,2
3.4,44,3
3.4,45,0
3.4,46,6
3.4,47,6
3.4,48,1
3.4,49,4
3.4,50,7
3.4,51,6
3.4,52,4
3.4,53,5
3.4,54,3
3.4,55,1
3.4,56,1
3.4,57,3
3.4,58,6
3.4,59,3
3.4,60,2
3.4,61,5
3.4,62,1
3.4,63,4
3.4,64,2
3.4,65,4
3.4,66,0
3.4,67,4
3.4,68,8
3.4,69,6
3.4,70,5
3.4,71,4
3.4,72,4
3.4,73,3
3.4,74,7
3.4,75,10
3.4,76,0
3.4,77,6
3.4,78,4
3.4,79,10
3.4,80,8
3.4,81,1
3.4,82,2
3.4,83,7
3.4,84,5
3.4,85,3
3.4,86,4
3.4,87,5
3.4,88,6
3.4,89,5
3.4,90,1
3.4,91,8
3.4,92,4
3.4,93,4
3.4,94,0
3.4,95,3
3.4,96,5
3.4,97,8
3.4,98,2
3.4,99,2
3.4,100,1
3.4,101,0
3.4,102,5
3.4,103,4
3.4,104,3
3.4,105,4
3.4,106,2
3.4,107,2
3.4,108,4
3.4,109,5
3.4,110,2
3.4,111,4
3.4,112,8
3.4,113,3
3.4,114,3
3.4,115,5
3.4,116,1
3.4,117,10
3.4,118,2
3.4,119,3
3.4,120,3
3.4,121,3
3.4,122,8
3.4,123,5
3.4,124,8
3.4,125,6
3.4,126,6
3.4,127,5
3.4,128,7
3.4,129,3
3.4,130,5
3.4,131,6
3.6,0,4
3.6,1,2
3.6,2,7
3.6,3,8
3.6,4,5
3.6,5,7
3.6,6,5
3.6,7,8
3.6,8,2
3.6,9,2
3.6,10,3
3.6,11,2
3.6,12,4
3.6,13,4
3.6,14,4
3.6,15,5
3.6,16,4
3.6,17,5
3.6,18,3
3.6,19,1
3.6,20,2
3.6,21,4
3.6,22,2
3.6,23,8
3.6,24,1
3.6,25,2
3.6,26,4
3.6,27,4
3.6,28,3
3.6,29,4
3.6,30,4
3.6,31,6
3.6,32,5
3.6,33,2
3.6,34,2
3.6,35,5
3.6,36,4
3.6,37,4
3.6,38,4
3.6,39,8
3.6,40,0
3.6,41,3
3.6,42,5
3.6,43,2
3.6,44,3
3.6,45,0
3.6,46,6
3.6,47,6
3.6,48,1
3.6,49,4
3.6,50,7
3.6,51,6
3.6,52,4
3.6,53,5
3.6,54,3
3.6,55,1
3.6,56,1
3.6,57,3
3.6,58,6
3.6,59,3
3.6,60,2
3.6,61,5
3.6,62,1
3.6,63,4
3.6,64,2
3.6,65,4
3.6,66,0
3.6,67,4
3.6,68,8
3.6,69,6
3.6,70,5
3.6,71,4
3.6,72,4
3.6,73,3
3.6,74,7
3.6,75,10
3.6,76,0
3.6,77,6
3.6,78,4
3.6,79,10
3.6,80,8
3.6,81,1
3.6,82,2
3.6,83,7
3.6,84,5
3.6,85,3
3.6,86,4
3.6,87,5
3.6,88,6
3.6,89,5
3.6,90,1
3.6,91,8
3.6,92,4
3.6,93,4
3.6,94,0
3.6,95,3
3.6,96,5
3.6,97,8
3.6,98,2
3.6,99,2
3.6,100,1
3.6,101,0
3.6,102,5
3.6,103,4
3.6,104,3
3.6,105,4
3.6,106,2
3.6,107,2
3.6,108,4
3.6,109,5
3.6,110,2
3.6,111,4
3.6,112,8
3.6,113,3
3.6,114,3
3.6,115,5
3.6,116,1
3.6,117,10
3.6,118,2
3.6,119,3
3.6,120,3
3.6,121,3
3.6,122,8
3.6,123,5
3.6,124,8
3.6,125,6
3.6,126,6
3.6,127,5
3.6,128,7
3.6,129,3
3.6,130,5
3.6,131,6
3.8,0,4
3.8,1,2
3.8,2,7
3.8,3,8
3.8,4,5
3.8,5,7
3.8,6,5
3.8,7,8
3.8,8,2
3.8,9,2
3.8,10,3
3.8,11,2
3.8,12,4
3.8,13,4
3.8,14,4
3.8,15,5
3.8,16,4
3.8,17,5
3.8,18,3
3.8,19,1
3.8,20,2
3.8,21,4
3.8,22,2
3.8,23,8
3.8,24,1
3.8,25,2
3.8,26,4
3.8,27,4
3.8,28,3
3.8,29,4
3.8,30,4
3.8,31,6
3.8,32,5
3.8,33,2
3.8,34,2
3.8,35,5
3.8,36,4
3.8,37,4
3.8,38,4
3.8,39,8
3.8,40,0
3.8,41,3
3.8,42,5
3.8,43,2
3.8,44,3
3.8,45,0
3.8,46,6
3.8,47,6
3.8,48,1
3.8,49,4
3.8,50,7
3.8,51,6
3.8,52,4
3.8,53,5
3.8,54,3
3.8,55,1
3.8,56,1
3.8,57,3
3.8,58,6
3.8,59,3
3.8,60,2
3.8,61,5
3.8,62,1
3.8,63,4
3.8,64,2
3.8,65,4
3.8,66,0
3.8,67,4
3.8,68,8
3.8,69,6
3.8,70,5
3.8,71,4
3.8,72,4
3.8,73,3
3.8,74,7
3.8,75,10
3.8,76,0
3.8,77,6
3.8,78,4
3.8,79,10
3.8,80,8
3.8,81,1
3.8,82,2
3.8,83,7
3.8,84,5
3.8,85,3
3.8,86,4
3.8,87,5
3.8,88,6
3.8,89,5
3.8,90,1
3.8,91,8
3.8,92,4
3.8,93,4
3.8,94,0
3.8,95,3
3.8,96,5
3.8,97,8
3.8,98,2
3.8,99,2
3.8,100,1
3.8,101,0
3.8,102,5
3.8,103,4
3.8,104,3
3.8,105,4
3.8,106,2
3.8,107,2
3.8,108,4
3.8,109,5
3.8,110,2
3.8,111,4
3.8,112,8
3.8,113,3
3.8,114,3
3.8,115,5
3.8,116,1
3.8,117,10
3.8,118,2
3.8,119,3
3.8,120,3
3.8,121,3
3.8,122,8
3.8,123,5
3.8,124,8
3.8,125,6
3.8,126,6
3.8,127,5
3.8,128,7
3.8,129,3
3.8,130,5
3.8,131,6
4,0,4
4,1,2
4,2,7
4,3,8
4,4,5
4,5,7
4,6,5
4,7,8
4,8,2
4,9,2
4,10,3
4,11,2
4,12,4
4,13,4
4,14,4
4,15,5
4,16,4
4,17,5
4,18,3
4,19,1
4,20,2
4,21,4
4,22,2
4,23,8
4,24,1
4,25,2
4,26,4
4,27,4
4,28,3
4,29,4
4,30,4
4,31,6
4,32,5
4,33,2
4,34,2
4,35,5
4,36,4
4,37,4
4,38,4
4,39,8
4,40,0
4,41,3
4,42,5
4,43,2
4,44,3
4,45,0
4,46,6
4,47,6
4,48,1
4,49,4
4,50,7
4,51,6
4,52,4
4,53,5
4,54,3
4,55,1
4,56,1
4,57,3
4,58,6
4,59,3
4,60,2
4,61,5
4,62,1
4,63,4
4,64,2
4,65,4
4,66,0
4,67,4
4,68,8
4,69,6
4,70,5
4,71,4
4,72,4
4,73,3
4,74,7
4,75,10
4,76,0
4,77,6
4,78,4
4,79,10
4,80,8
4,81,1
4,82,2
4,83,7
4,84,5
4,85,3
4,86,4
4,87,5
4,88,6
4,89,5
4,90,1
4,91,8
4,92,4
4,93,4
4,94,0
4,95,3
4,96,5
4,97,8
4,98,2
4,99,2
4,100,1
4,101,0
4,102,5
4,103,4
4,104,3
4,105,4
4,106,2
4,107,2
4,108,4
4,109,5
4,110,2
4,111,4
4,112,8
4,113,3
4,114,3
4,115,5
4,116,1
4,117,10
4,118,2
4,119,3
4,120,3
4,121,3
4,122,8
4,123,5
4,124,8
4,125,6
4,126,6
4,127,5
4,128,7
4,129,3
4,130,5
4,131,6
4.2,0,4
4.2,1,2
4.2,2,7
4.2,3,8
4.2,4,5
4.2,5,7
4.2,6,5
4.2,7,8
4.2,8,2
4.2,9,2
4.2,10,3
4.2,11,2
4.2,12,4
4.2,13,4
4.2,14,4
4.2,15,5
4.2,16,4
4.2,17,5
4.2,18,3
4.2,19,1
4.2,20,2
4.2,21,4
4.2,22,2
4.2,23,8
4.2,24,1
4.2,25,2
4.2,26,4
4.2,27,4
4.2,28,3
4.2,29,4
4.2,30,4
4.2,31,6
4.2,32,5
4.2,33,2
4.2,34,2
4.2,35,5
4.2,36,4
4.2,37,4
4.2,38,4
4.2,39,8
4.2,40,0
4.2,41,3
4.2,42,5
4.2,43,2
4.2,44,3
4.2,45,0
4.2,46,6
4.2,47,6
4.2,48,1
4.2,49,4
4.2,50,7
4.2,51,6
4.2,52,4
4.2,53,5
4.2,54,3
4.2,55,1
4.2,56,1
4.2,57,3
4.2,58,6
4.2,59,3
4.2,60,2
4.2,61,5
4.2,62,1
4.2,63,4
4.2,64,2
4.2,65,4
4.2,66,0
4.2,67,4
4.2,68,8
4.2,69,6
4.2,70,5
4.2,71,4
4.2,72,4
4.2,73,3
4.2,74,7
4.2,75,10
4.2,76,0
4.2,77,6
4.2,78,4
4.2,79,10
4.2,80,8
4.2,81,1
4.2,82,2
4.2,83,7
4.2,84,5
4.2,85,3
4.2,86,4
4.2,87,5
4.2,88,6
4.2,89,5
4.2,90,1
4.2,91,8
4.2,92,4
4.2,93,4
4.2,94,0
4.2,95,3
4.2,96,5
4.2,97,8
4.2,98,2
4.2,99,2
4.2,100,1
4.2,101,0
4.2,102,5
4.2,103,4
4.2,104,3
4.2,105,4
4.2,106,2
4.2,107,2
4.2,108,4
4.2,109,5
4.2,110,2
4.2,111,4
4.2,112,8
4.2,113,3
4.2,114,3
4.2,115,5
4.2,116,1
4.2,117,10
4.2,118,2
4.2,119,3
4.2,120,3
4.2,121,3
4.2,122,8
4.2,123,5
4.2,124,8
4.2,125,6
4.2,126,6
4.2,127,5
4.2,128,7
4.2,129,3
4.2,130,5
4.2,131,6
4.4,0,4
4.4,1,2
4.4,2,7
4.4,3,8
4.4,4,5
4.4,5,7
4.4,6,5
4.4,7,8
4.4,8,2
4.4,9,2
4.4,10,3
4.4,11,2
4.4,12,4
4.4,13,4
4.4,14,4
4.4,15,5
4.4,16,4
4.4,17,5
4.4,18,3
4.4,19,1
4.4,20,2
4.4,21,4
4.4,22,2
4.4,23,8
4.4,24,1
4.4,25,2
4.4,26,4
4.4,27,4
4.4,28,3
4.4,29,4
4.4,30,4
4.4,31,6
4.4,32,5
4.4,33,2
4.4,34,2
4.4,35,5
4.4,36,4
4.4,37,4
4.4,38,4
4.4,39,8
4.4,40,0
4.4,41,3
4.4,42,5
4.4,43,2
4.4,44,3
4.4,45,0
4.4,46,6
4.4,47,6
4.4,48,1
4.4,49,4
4.4,50,7
4.4,51,6
4.4,52,4
4.4,53,5
4.4,54,3
4.4,55,1
4.4,56,1
4.4,57,3
4.4,58,6
4.4,59,3
4.4,60,2
4.4,61,5
4.4,62,1
4.4,63,4
4.4,64,2
4.4,65,4
4.4,66,0
4.4,67,4
4.4,68,8
4.4,69,6
4.4,70,5
4.4,71,4
4.4,72,4
4.4,73,3
4.4,74,7
4.4,75,10
4.4,76,0
4.4,77,6
4.4,78,4
4.4,79,10
4.4,80,8
4.4,81,1
4.4,82,2
4.4,83,7
4.4,84,5
4.4,85,3
4.4,86,4
4.4,87,5
4.4,88,6
4.4,89,5
4.4,90,1
4.4,91,8
4.4,92,4
4.4,93,4
4.4,94,0
4.4,95,3
4.4,96,5
4.4,97,8
4.4,98,2
4.4,99,2
4.4,100,1
4.4,101,0
4.4,102,5
4.4,103,4
4.4,104,3
4.4,105,4
4.4,106,2
4.4,107,2
4.4,108,4
4.4,109,5
4.4,110,2
4.4,111,4
4.4,112,8
4.4,113,3
4.4,114,3
4.4,115,5
4.4,116,1
4.4,117,10
4.4,118,2
4.4,119,3
4.4,120,3
4.4,121,3
4.4,122,8
4.4,123,5
4.4,124,8
4.4,125,6
4.4,126,6
4.4,127,5
4.4,128,7
4.4,129,3
4.4,130,5
4.4,131,6
4.6,0,4
4.6,1,2
4.6,2,7
4.6,3,8
4.6,4,5
4.6,5,7
4.6,6,5
4.6,7,8
4.6,8,2
4.6,9,2
4.6,10,3
4.6,11,2
4.6,12,4
4.6,13,4
4.6,14,4
4.6,15,5
4.6,16,4
4.6,17,5
4.6,18,3
4.6,19,1
4.6,20,2
4.6,21,4
4.6,22,2
4.6,23,8
4.6,24,1
4.6,25,2
4.6,26,4
4.6,27,4
4.6,28,3
4.6,29,4
4.6,30,4
4.6,31,6
4.6,32,5
4.6,33,2
4.6,34,2
4.6,35,5
4.6,36,4
4.6,37,4
4.6,38,4
4.6,39,8
4.6,40,0
4.6,41,3
4.6,42,5
4.6,43,2
4.6,44,3
4.6,45,0
4.6,46,6
4.6,47,6
4.6,48,1
4.6,49,4
4.6,50,7
4.6,51,6
4.6,52,4
4.6,53,5
4.6,54,3
4.6,55,1
4.6,56,1
4.6,57,3
4.6,58,6
4.6,59,3
4.6,60,2
4.6,61,5
4.6,62,1
4.6,63,4
4.6,64,2
4.6,65,4
4.6,66,0
4.6,67,4
4.6,68,8
4.6,69,6
4.6,70,5
4.6,71,4
4.6,72,4
4.6,73,3
4.6,74,7
4.6,75,10
4.6,76,0
4.6,77,6
4.6,78,4
4.6,79,10
4.6,80,8
4.6,81,1
4.6,82,2
4.6,83,7
4.6,84,5
4.6,85,3
4.6,86,4
4.6,87,5
4.6,88,6
4.6,89,5
4.6,90,1
4.6,91,8
4.6,92,4
4.6,93,4
4.6,94,0
4.6,95,3
4.6,96,5
4.6,97,8
4.6,98,2
4.6,99,2
4.6,100,1
4.6,101,0
4.6,102,5
4.6,103,4
4.6,104,3
4.6,105,4
4.6,106,2
4.6,107,2
4.6,108,4
4.6,109,5
4.6,110,2
4.6,111,4
4.6,112,8
4.6,113,3
4.6,114,3
4.6,115,5
4.6,116,1
4.6,117,10
4.6,118,2
4.6,119,3
4.6,120,3
4.6,121,3
4.6,122,8
4.6,123,5
4.6,124,8
4.6,125,6
4.6,126,6
4.6,127,5
4.6,128,7
4.6,129,3
4.6,130,5
4.6,131,6
4.8,0,4
4.8,1,2
4.8,2,7
4.8,3,8
4.8,4,5
4.8,5,7
4.8,6,5
4.8,7,8
4.8,8,2
4.8,9,2
4.8,10,3
4.8,11,2
4.8,12,4
4.8,13,4
4.8,14,4
4.8,15,5
4.8,16,4
4.8,17,5
4.8,18,3
4.8,19,1
4.8,20,2
4.8,21,4
4.8,22,2
4.8,23,8
4.8,24,1
4.8,25,2
4.8,26,4
4.8,27,4
4.8,28,3
4.8,29,4
4.8,30,4
4.8,31,6
4.8,32,5
4.8,33,2
4.8,34,2
4.8,35,5
4.8,36,4
4.8,37,4
4.8,38,4
4.8,39,8
4.8,40,0
4.8,41,3
4.8,42,5
4.8,43,2
4.8,44,3
4.8,45,0
4.8,46,6
4.8,47,6
4.8,48,1
4.8,49,4
4.8,50,7
4.8,51,6
4.8,52,4
4.8,53,5
4.8,54,3
4.8,55,1
4.8,56,1
4.8,57,3
4.8,58,6
4.8,59,3
4.8,60,2
4.8,61,5
4.8,62,1
4.8,63,4
4.8,64,2
4.8,65,4
4.8,66,0
4.8,67,4
4.8,68,8
4.8,69,6
4.8,70,5
4.8,71,4
4.8,72,4
4.8,73,3
4.8,74,7
4.8,75,10
4.8,76,0
4.8,77,6
4.8,78,4
4.8,79,10
4.8,80,8
4.8,81,1
4.8,82,2
4.8,83,7
4.8,84,5
4.8,85,3
4.8,86,4
4.8,87,5
4.8,88,6
4.8,89,5
4.8,90,1
4.8,91,8
4.8,92,4
4.8,93,4
4.8,94,0
4.8,95,3
4.8,96,5
4.8,97,8
4.8,98,2
4.8,99,2
4.8,100,1
4.8,101,0
4.8,102,5
4.8,103,4
4.8,104,3
4.8,105,4
4.8,106,2
4.8,107,2
4.8,108,4
4.8,109,5
4.8,110,2
4.8,111,4
4.8,112,8
4.8,113,3
4.8,114,3
4.8,115,5
4.8,116,1
4.8,117,10
4.8,118,2
4.8,119,3
4.8,120,3
4.8,121,3
4.8,122,8
4.8,123,5
4.8,124,8
4.8,125,6
4.8,126,6
4.8,127,5
4.8,128,7
4.8,129,3
4.8,130,5
4.8,131,6
5,0,4
5,1,2
5,2,7
5,3,8
5,4,5
5,5,7
5,6,5
5,7,8
5,8,2
5,9,2
5,10,3
5,11,2
5,12,4
5,13,4
5,14,4
5,15,5
5,16,4
5,17,5
5,18,3
5,19,1
5,20,2
5,21,4
5,22,2
5,23,8
5,24,1
5,25,2
5,26,4
5,27,4
5,28,3
5,29,4
5,30,4
5,31,6
5,32,5
5,33,2
5,34,2
5,35,5
5,36,4
5,37,4
5,38,4
5,39,8
5,40,0
5,41,3
5,42,5
5,43,2
5,44,3
5,45,0
5,46,6
5,47,6
5,48,1
5,49,4
5,50,7
5,51,6
5,52,4
5,53,5
5,54,3
5,55,1
5,56,1
5,57,3
5,58,6
5,59,3
5,60,2
5,61,5
5,62,1
5,63,4
5,64,2
5,65,4
5,66,0
5,67,4
5,68,8
5,69,6
5,70,5
5,71,4
5,72,4
5,73,3
5,74,7
5,75,10
5,76,0
5,77,6
5,78,4
5,79,10
5,80,8
5,81,1
5,82,2
5,83,7
5,84,5
5,85,3
5,86,4
5,87,5
5,88,6
5,89,5
5,90,1
5,91,8
5,92,4
5,93,4
5,94,0
5,95,3
5,96,5
5,97,8
5,98,2
5,99,2
5,100,1
5,101,0
5,102,5
5,103,4
5,104,3
5,105,4
5,106,2
5,107,2
5,108,4
5,109,5
5,110,2
5,111,4
5,112,8
5,113,3
5,114,3
5,115,5
5,116,1
5,117,10
5,118,2
5,119,3
5,120,3
5,121,3
5,122,8
5,123,5
5,124,8
5,125,6
5,126,6
5,127,5
5,128,7
5,129,3
5,130,5
5,131,6
5.2,0,4
5.2,1,2
5.2,2,7
5.2,3,8
5.2,4,5
5.2,5,7
5.2,6,5
5.2,7,8
5.2,8,2
5.2,9,2
5.2,10,3
5.2,11,2
5.2,12,4
5.2,13,4
5.2,14,4
5.2,15,5
5.2,16,4
5.2,17,5
5.2,18,3
5.2,19,1
5.2,20,2
5.2,21,4
5.2,22,2
5.2,23,8
5.2,24,1
5.2,25,2
5.2,26,4
5.2,27,4
5.2,28,3
5.2,29,4
5.2,30,4
5.2,31,6
5.2,32,5
5.2,33,2
5.2,34,2
5.2,35,5
5.2,36,4
5.2,37,4
5.2,38,4
5.2,39,8
5.2,40,0
5.2,41,3
5.2,42,5
5.2,43,2
5.2,44,3
5.2,45,0
5.2,46,6
5.2,47,6
5.2,48,1
5.2,49,4
5.2,50,7
5.2,51,6
5.2,52,4
5.2,53,5
5.2,54,3
5.2,55,1
5.2,56,1
5.2,57,3
5.2,58,6
5.2,59,3
5.2,60,2
5.2,61,5
5.2,62,1
5.2,63,4
5.2,64,2
5.2,65,4
5.2,66,0
5.2,67,4
5.2,68,8
5.2,69,6
5.2,70,5
5.2,71,4
5.2,72,4
5.2,73,3
5.2,74,7
5.2,75,10
5.2,76,0
5.2,77,6
5.2,78,4
5.2,79,10
5.2,80,8
5.2,81,1
5.2,82,2
5.2,83,7
5.2,84,5
5.2,85,3
5.2,86,4
5.2,87,5
5.2,88,6
5.2,89,5
5.2,90,1
5.2,91,8
5.2,92,4
5.2,93,4
5.2,94,0
5.2,95,3
5.2,96,5
5.2,97,8
5.2,98,2
5.2,99,2
5.2,100,1
5.2,101,0
5.2,102,5
5.2,103,4
5.2,104,3
5.2,105,4
5.2,106,2
5.2,107,2
5.2,108,4
5.2,109,5
5.2,110,2
5.2,111,4
5.2,112,8
5.2,113,3
5.2,114,3
5.2,115,5
5.2,116,1
5.2,117,10
5.2,118,2
5.2,119,3
5.2,120,3
5.2,121,3
5.2,122,8
5.2,123,5
5.2,124,8
5.2,125,6
5.2,126,6
5.2,127,5
5.2,128,7
5.2,129,3
5.2,130,5
5.2,131,6
5.4,0,4
5.4,1,2
5.4,2,7
5.4,3,8
5.4,4,5
5.4,5,7
5.4,6,5
5.4,7,8
5.4,8,2
5.4,9,2
5.4,10,3
5.4,11,2
5.4,12,4
5.4,13,4
5.4,14,4
5.4,15,5
5.4,16,4
5.4,17,5
5.4,18,3
5.4,19,1
5.4,20,2
5.4,21,4
5.4,22,2
5.4,23,8
5.4,24,1
5.4,25,2
5.4,26,4
5.4,27,4
5.4,28,3
5.4,29,4
5.4,30,4
5.4,31,6
5.4,32,5
5.4,33,2
5.4,34,2
5.4,35,5
5.4,36,4
5.4,37,4
5.4,38,4
5.4,39,8
5.4,40,0
5.4,41,3
5.4,42,5
5.4,43,2
5.4,44,3
5.4,45,0
5.4,46,6
5.4,47,6
5.4,48,1
5.4,49,4
5.4,50,7
5.4,51,6
5.4,52,4
5.4,53,5
5.4,54,3
5.4,55,1
5.4,56,1
5.4,57,3
5.4,58,6
5.4,59,3
5.4,60,2
5.4,61,5
5.4,62,1
5.4,63,4
5.4,64,2
5.4,65,4
5.4,66,0
5.4,67,4
5.4,68,8
5.4,69,6
5.4,70,5
5.4,71,4
5.4,72,4
5.4,73,3
5.4,74,7
5.4,75,10
5.4,76,0
5.4,77,6
5.4,78,4
5.4,79,10
5.4,80,8
5.4,81,1
5.4,82,2
5.4,83,7
5.4,84,5
5.4,85,3
5.4,86,4
5.4,87,5
5.4,88,6
5.4,89,5
5.4,90,1
5.4,91,8
5.4,92,4
5.4,93,4
5.4,94,0
5.4,95,3
5.4,96,5
5.4,97,8
5.4,98,2
5.4,99,2
5.4,100,1
5.4,101,0
5.4,102,5
5.4,103,4
5.4,104,3
5.4,105,4
5.4,106,2
5.4,107,2
5.4,108,4
5.4,109,5
5.4,110,2
5.4,111,4
5.4,112,8
5.4,113,3
5.4,114,3
5.4,115,5
5.4,116,1
5.4,117,10
5.4,118,2
5.4,119,3
5.4,120,3
5.4,121,3
5.4,122,8
5.4,123,5
5.4,124,8
5.4,125,6
5.4,126,6
5.4,127,5
5.4,128,7
5.4,129,3
5.4,130,5
5.4,131,6
5.6,0,4
5.6,1,2
5.6,2,7
5.6,3,8
5.6,4,5
5.6,5,7
5.6,6,5
5.6,7,8
5.6,8,2
5.6,9,2
5.6,10,3
5.6,11,2
5.6,12,4
5.6,13,4
5.6,14,4
5.6,15,5
5.6,16,4
5.6,17,5
5.6,18,3
5.6,19,1
5.6,20,2
5.6,21,4
5.6,22,2
5.6,23,8
5.6,24,1
5.6,25,2
5.6,26,4
5.6,27,4
5.6,28,3
5.6,29,4
5.6,30,4
5.6,31,6
5.6,32,5
5.6,33,2
5.6,34,2
5.6,35,5
5.6,36,4
5.6,37,4
5.6,38,4
5.6,39,8
5.6,40,0
5.6,41,3
5.6,42,5
5.6,43,2
5.6,44,3
5.6,45,0
5.6,46,6
5.6,47,6
5.6,48,1
5.6,49,4
5.6,50,7
5.6,51,6
5.6,52,4
5.6,53,5
5.6,54,3
5.6,55,1
5.6,56,1
5.6,57,3
5.6,58,6
5.6,59,3
5.6,60,2
5.6,61,5
5.6,62,1
5.6,63,4
5.6,64,2
5.6,65,4
5.6,66,0
5.6,67,4
5.6,68,8
5.6,69,6
5.6,70,5
5.6,71,4
5.6,72,4
5.6,73,3
5.6,74,7
5.6,75,10
5.6,76,0
5.6,77,6
5.6,78,4
5.6,79,10
5.6,80,8
5.6,81,1
5.6,82,2
5.6,83,7
5.6,84,5
5.6,85,3
5.6,86,4
5.6,87,5
5.6,88,6
5.6,89,5
5.6,90,1
5.6,91,8
5.6,92,4
5.6,93,4
5.6,94,0
5.6,95,3
5.6,96,5
5.6,97,8
5.6,98,2
5.6,99,2
5.6,100,1
5.6,101,0
5.6,102,5
5.6,103,4
5.6,104,3
5.6,105,4
5.6,106,2
5.6,107,2
5.6,108,4
5.6,109,5
5.6,110,2
5.6,111,4
5.6,112,8
5.6,113,3
5.6,114,3
5.6,115,5
5.6,116,1
5.6,117,10
5.6,118,2
5.6,119,3
5.6,120,3
5.6,121,3
5.6,122,8
5.6,123,5
5.6,124,8
5.6,125,6
5.6,126,6
5.6,127,5
5.6,128,7
5.6,129,3
5.6,130,5
5.6,131,6
5.8,0,4
5.8,1,2
5.8,2,7
5.8,3,8
5.8,4,5
5.8,5,7
5.8,6,5
5.8,7,8
5.8,8,2
5.8,9,2
5.8,10,3
5.8,11,2
5.8,12,4
5.8,13,4
5.8,14,4
5.8,15,5
5.8,16,4
5.8,17,5
5.8,18,3
5.8,19,1
5.8,20,2
5.8,21,4
5.8,22,2
5.8,23,8
5.8,24,1
5.8,25,2
5.8,26,4
5.8,27,4
5.8,28,3
5.8,29,4
5.8,30,4
5.8,31,6
5.8,32,5
5.8,33,2
5.8,34,2
5.8,35,5
5.8,36,4
5.8,37,4
5.8,38,4
5.8,39,8
5.8,40,0
5.8,41,3
5.8,42,5
5.8,43,2
5.8,44,3
5.8,45,0
5.8,46,6
5.8,47,6
5.8,48,1
5.8,49,4
5.8,50,7
5.8,51,6
5.8,52,4
5.8,53,5
5.8,54,3
5.8,55,1
5.8,56,1
5.8,57,3
5.8,58,6
5.8,59,3
5.8,60,2
5.8,61,5
5.8,62,1
5.8,63,4
5.8,64,2
5.8,65,4
5.8,66,0
5.8,67,4
5.8,68,8
5.8,69,6
5.8,70,5
5.8,71,4
5.8,72,4
5.8,73,3
5.8,74,7
5.8,75,10
5.8,76,0
5.8,77,6
5.8,78,4
5.8,79,10
5.8,80,8
5.8,81,1
5.8,82,2
5.8,83,7
5.8,84,5
5.8,85,3
5.8,86,4
5.8,87,5
5.8,88,6
5.8,89,5
5.8,90,1
5.8,91,8
5.8,92,4
5.8,93,4
5.8,94,0
5.8,95,3
5.8,96,5
5.8,97,8
5.8,98,2
5.8,99,2
5.8,100,1
5.8,101,0
5.8,102,5
5.8,103,4
5.8,104,3
5.8,105,4
5.8,106,2
5.8,107,2
5.8,108,4
5.8,109,5
5.8,110,2
5.8,111,4
5.8,112,8
5.8,113,3
5.8,114,3
5.8,115,5
5.8,116,1
5.8,117,10
5.8,118,2
5.8,119,3
5.8,120,3
5.8,121,3
5.8,122,8
5.8,123,5
5.8,124,8
5.8,125,6
5.8,126,6
5.8,127,5
5.8,128,7
5.8,129,3
5.8,130,5
5.8,131,6
6,0,4
6,1,2
6,2,7
6,3,8
6,4,5
6,5,7
6,6,5
6,7,8
6,8,2
6,9,2
6,10,3
6,11,2
6,12,4
6,13,4
6,14,4
6,15,5
6,16,4
6,17,5
6,18,3
6,19,1
6,20,2
6,21,4
6,22,2
6,23,8
6,24,1
6,25,2
6,26,4
6,27,4
6,28,3
6,29,4
6,30,4
6,31,6
6,32,5
6,33,2
6,34,2
6,35,5
6,36,4
6,37,4
6,38,4
6,39,8
6,40,0
6,41,3
6,42,5
6,43,2
6,44,3
6,45,0
6,46,6
6,47,6
6,48,1
6,49,4
6,50,7
6,51,6
6,52,4
6,53,5
6,54,3
6,55,1
6,56,1
6,57,3
6,58,6
6,59,3
6,60,2
6,61,5
6,62,1
6,63,4
6,64,2
6,65,4
6,66,0
6,67,4
6,68,8
6,69,6
6,70,5
6,71,4
6,72,4
6,73,3
6,74,7
6,75,10
6,76,0
6,77,6
6,78,4
6,79,10
6,80,8
6,81,1
6,82,2
6,83,7
6,84,5
6,85,3
6,86,4
6,87,5
6,88,6
6,89,5
6,90,1
6,91,8
6,92,4
6,93,4
6,94,0
6,95,3
6,96,5
6,97,8
6,98,2
6,99,2
6,100,1
6,101,0
6,102,5
6,103,4
6,104,3
6,105,4
6,106,2
6,107,2
6,108,4
6,109,5
6,110,2
6,111,4
6,112,8
6,113,3
6,114,3
6,115,5
6,116,1
6,117,10
6,118,2
6,119,3
6,120,3
6,121,3
6,122,8
6,123,5
6,124,8
6,125,6
6,126,6
6,127,5
6,128,7
6,129,3
6,130,5
6,131,6
6.2,0,4
6.2,1,2
6.2,2,7
6.2,3,8
6.2,4,5
6.2,5,7
6.2,6,5
6.2,7,8
6.2,8,2
6.2,9,2
6.2,10,3
6.2,11,2
6.2,12,4
6.2,13,4
6.2,14,4
6.2,15,5
6.2,16,4
6.2,17,5
6.2,18,3
6.2,19,1
6.2,20,2
6.2,21,4
6.2,22,2
6.2,23,8
6.2,24,1
6.2,25,2
6.2,26,4
6.2,27,4
6.2,28,3
6.2,29,4
6.2,30,4
6.2,31,6
6.2,32,5
6.2,33,2
6.2,34,2
6.2,35,5
6.2,36,4
6.2,37,4
6.2,38,4
6.2,39,8
6.2,40,0
6.2,41,3
6.2,42,5
6.2,43,2
6.2,44,3
6.2,45,0
6.2,46,6
6.2,47,6
6.2,48,1
6.2,49,4
6.2,50,7
6.2,51,6
6.2,52,4
6.2,53,5
6.2,54,3
6.2,55,1
6.2,56,1
6.2,57,3
6.2,58,6
6.2,59,3
6.2,60,2
6.2,61,5
6.2,62,1
6.2,63,4
6.2,64,2
6.2,65,4
6.2,66,0
6.2,67,4
6.2,68,8
6.2,69,6
6.2,70,5
6.2,71,4
6.2,72,4
6.2,73,3
6.2,74,7
6.2,75,10
6.2,76,0
6.2,77,6
6.2,78,4
6.2,79,10
6.2,80,8
6.2,81,1
6.2,82,2
6.2,83,7
6.2,84,5
6.2,85,3
6.2,86,4
6.2,87,5
6.2,88,6
6.2,89,5
6.2,90,1
6.2,91,8
6.2,92,4
6.2,93,4
6.2,94,0
6.2,95,3
6.2,96,5
6.2,97,8
6.2,98,2
6.2,99,2
6.2,100,1
6.2,101,0
6.2,102,5
6.2,103,4
6.2,104,3
6.2,105,4
6.2,106,2
6.2,107,2
6.2,108,4
6.2,109,5
6.2,110,2
6.2,111,4
6.2,112,8
6.2,113,3
6.2,114,3
6.2,115,5
6.2,116,1
6.2,117,10
6.2,118,2
6.2,119,3
6.2,120,3
6.2,121,3
6.2,122,8
6.2,123,5
6.2,124,8
6.2,125,6
6.2,126,6
6.2,127,5
6.2,128,7
6.2,129,3
6.2,130,5
6.2,131,6
6.4,0,4
6.4,1,2
6.4,2,7
6.4,3,8
6.4,4,5
6.4,5,7
6.4,6,5
6.4,7,8
6.4,8,2
6.4,9,2
6.4,10,3
6.4,11,2
6.4,12,4
6.4,13,4
6.4,14,4
6.4,15,5
6.4,16,4
6.4,17,5
6.4,18,3
6.4,19,1
6.4,20,2
6.4,21,4
6.4,22,2
6.4,23,8
6.4,24,1
6.4,25,2
6.4,26,4
6.4,27,4
6.4,28,3
6.4,29,4
6.4,30,4
6.4,31,6
6.4,32,5
6.4,33,2
6.4,34,2
6.4,35,5
6.4,36,4
6.4,37,4
6.4,38,4
6.4,39,8
6.4,40,0
6.4,41,3
6.4,42,5
6.4,43,2
6.4,44,3
6.4,45,0
6.4,46,6
6.4,47,6
6.4,48,1
6.4,49,4
6.4,50,7
6.4,51,6
6.4,52,4
6.4,53,5
6.4,54,3
6.4,55,1
6.4,56,1
6.4,57,3
6.4,58,6
6.4,59,3
6.4,60,2
6.4,61,5
6.4,62,1
6.4,63,4
6.4,64,2
6.4,65,4
6.4,66,0
6.4,67,4
6.4,68,8
6.4,69,6
6.4,70,5
6.4,71,4
6.4,72,4
6.4,73,3
6.4,74,7
6.4,75,10
6.4,76,0
6.4,77,6
6.4,78,4
6.4,79,10
6.4,80,8
6.4,81,1
6.4,82,2
6.4,83,7
6.4,84,5
6.4,85,3
6.4,86,4
6.4,87,5
6.4,88,6
6.4,89,5
6.4,90,1
6.4,91,8
6.4,92,4
6.4,93,4
6.4,94,0
6.4,95,3
6.4,96,5
6.4,97,8
6.4,98,2
6.4,99,2
6.4,100,1
6.4,101,0
6.4,102,5
6.4,103,4
6.4,104,3
6.4,105,4
6.4,106,2
6.4,107,2
6.4,108,4
6.4,109,5
6.4,110,2
6.4,111,4
6.4,112,8
6.4,113,3
6.4,114,3
6.4,115,5
6.4,116,1
6.4,117,10
6.4,118,2
6.4,119,3
6.4,120,3
6.4,121,3
6.4,122,8
6.4,123,5
6.4,124,8
6.4,125,6
6.4,126,6
6.4,127,5
6.4,128,7
6.4,129,3
6.4,130,5
6.4,131,6
6.6,0,4
6.6,1,2
6.6,2,7
6.6,3,8
6.6,4,5
6.6,5,7
6.6,6,5
6.6,7,8
6.6,8,2
6.6,9,2
6.6,10,3
6.6,11,2
6.6,12,4
6.6,13,4
6.6,14,4
6.6,15,5
6.6,16,4
6.6,17,5
6.6,18,3
6.6,19,1
6.6,20,2
6.6,21,4
6.6,22,2
6.6,23,8
6.6,24,1
6.6,25,2
6.6,26,4
6.6,27,4
6.6,28,3
6.6,29,4
6.6,30,4
6.6,31,6
6.6,32,5
6.6,33,2
6.6,34,2
6.6,35,5
6.6,36,4
6.6,37,4
6.6,38,4
6.6,39,8
6.6,40,0
6.6,41,3
6.6,42,5
6.6,43,2
6.6,44,3
6.6,45,0
6.6,46,6
6.6,47,6
6.6,48,1
6.6,49,4
6.6,50,7
6.6,51,6
6.6,52,4
6.6,53,5
6.6,54,3
6.6,55,1
6.6,56,1
6.6,57,3
6.6,58,6
6.6,59,3
6.6,60,2
6.6,61,5
6.6,62,1
6.6,63,4
6.6,64,2
6.6,65,4
6.6,66,0
6.6,67,4
6.6,68,8
6.6,69,6
6.6,70,5
6.6,71,4
6.6,72,4
6.6,73,3
6.6,74,7
6.6,75,10
6.6,76,0
6.6,77,6
6.6,78,4
6.6,79,10
6.6,80,8
6.6,81,1
6.6,82,2
6.6,83,7
6.6,84,5
6.6,85,3
6.6,86,4
6.6,87,5
6.6,88,6
6.6,89,5
6.6,90,1
6.6,91,8
6.6,92,4
6.6,93,4
6.6,94,0
6.6,95,3
6.6,96,5
6.6,97,8
6.6,98,2
6.6,99,2
6.6,100,1
6.6,101,0
6.6,102,5
6.6,103,4
6.6,104,3
6.6,105,4
6.6,106,2
6.6,107,2
6.6,108,4
6.6,109,5
6.6,110,2
6.6,111,4
6.6,112,8
6.6,113,3
6.6,114,3
6.6,115,5
6.6,116,1
6.6,117,10
6.6,118,2
6.6,119,3
6.6,120,3
6.6,121,3
6.6,122,8
6.6,123,5
6.6,124,8
6.6,125,6
6.6,126,6
6.6,127,5
6.6,128,7
6.6,129,3
6.6,130,5
6.6,131,6
6.8,0,4
6.8,1,2
6.8,2,7
6.8,3,8
6.8,4,5
6.8,5,7
6.8,6,5
6.8,7,8
6.8,8,2
6.8,9,2
6.8,10,3
6.8,11,2
6.8,12,4
6.8,13,4
6.8,14,4
6.8,15,5
6.8,16,4
6.8,17,5
6.8,18,3
6.8,19,1
6.8,20,2
6.8,21,4
6.8,22,2
6.8,23,8
6.8,24,1
6.8,25,2
6.8,26,4
6.8,27,4
6.8,28,3
6.8,29,4
6.8,30,4
6.8,31,6
6.8,32,5
6.8,33,2
6.8,34,2
6.8,35,5
6.8,36,4
6.8,37,4
6.8,38,4
6.8,39,8
6.8,40,0
6.8,41,3
6.8,42,5
6.8,43,2
6.8,44,3
6.8,45,0
6.8,46,6
6.8,47,6
6.8,48,1
6.8,49,4
6.8,50,7
6.8,51,6
6.8,52,4
6.8,53,5
6.8,54,3
6.8,55,1
6.8,56,1
6.8,57,3
6.8,58,6
6.8,59,3
6.8,60,2
6.8,61,5
6.8,62,1
6.8,63,4
6.8,64,2
6.8,65,4
6.8,66,0
6.8,67,4
6.8,68,8
6.8,69,6
6.8,70,5
6.8,71,4
6.8,72,4
6.8,73,3
6.8,74,7
6.8,75,10
6.8,76,0
6.8,77,6
6.8,78,4
6.8,79,10
6.8,80,8
6.8,81,1
6.8,82,2
6.8,83,7
6.8,84,5
6.8,85,3
6.8,86,4
6.8,87,5
6.8,88,6
6.8,89,5
6.8,90,1
6.8,91,8
6.8,92,4
6.8,93,4
6.8,94,0
6.8,95,3
6.8,96,5
6.8,97,8
6.8,98,2
6.8,99,2
6.8,100,1
6.8,101,0
6.8,102,5
6.8,103,4
6.8,104,3
6.8,105,4
6.8,106,2
6.8,107,2
6.8,108,4
6.8,109,5
6.8,110,2
6.8,111,4
6.8,112,8
6.8,113,3
6.8,114,3
6.8,115,5
6.8,116,1
6.8,117,10
6.8,118,2
6.8,119,3
6.8,120,3
6.8,121,3
6.8,122,8
6.8,123,5
6.8,124,8
6.8,125,6
6.8,126,6
6.8,127,5
6.8,128,7
6.8,129,3
6.8,130,5
6.8,131,6
7,0,4
7,1,2
7,2,7
7,3,8
7,4,5
7,5,7
7,6,5
7,7,8
7,8,2
7,9,2
7,10,3
7,11,2
7,12,4
7,13,4
7,14,4
7,15,5
7,16,4
7,17,5
7,18,3
7,19,1
7,20,2
7,21,4
7,22,2
7,23,8
7,24,1
7,25,2
7,26,4
7,27,4
7,28,3
7,29,4
7,30,4
7,31,6
7,32,5
7,33,2
7,34,2
7,35,5
7,36,4
7,37,4
7,38,4
7,39,8
7,40,0
7,41,3
7,42,5
7,43,2
7,44,3
7,45,0
7,46,6
7,47,6
7,48,1
7,49,4
7,50,7
7,51,6
7,52,4
7,53,5
7,54,3
7,55,1
7,56,1
7,57,3
7,58,6
7,59,3
7,60,2
7,61,5
7,62,1
7,63,4
7,64,2
7,65,4
7,66,0
7,67,4
7,68,8
7,69,6
7,70,5
7,71,4
7,72,4
7,73,3
7,74,7
7,75,10
7,76,0
7,77,6
7,78,4
7,79,10
7,80,8
7,81,1
7,82,2
7,83,7
7,84,5
7,85,3
7,86,4
7,87,5
7,88,6
7,89,5
7,90,1
7,91,8
7,92,4
7,93,4
7,94,0
7,95,3
7,96,5
7,97,8
7,98,2
7,99,2
7,100,1
7,101,0
7,102,5
7,103,4
7,104,3
7,105,4
7,106,2
7,107,2
7,108,4
7,109,5
7,110,2
7,111,4
7,112,8
7,113,3
7,114,3
7,115,5
7,116,1
7,117,10
7,118,2
7,119,3
7,120,3
7,121,3
7,122,8
7,123,5
7,124,8
7,125,6
7,126,6
7,127,5
7,128,7
7,129,3
7,130,5
7,131,6
7.2,0,4
7.2,1,2
7.2,2,7
7.2,3,8
7.2,4,5
7.2,5,7
7.2,6,5
7.2,7,8
7.2,8,2
7.2,9,2
7.2,10,3
7.2,11,2
7.2,12,4
7.2,13,4
7.2,14,4
7.2,15,5
7.2,16,4
7.2,17,5
7.2,18,3
7.2,19,1
7.2,20,2
7.2,21,4
7.2,22,2
7.2,23,8
7.2,24,1
7.2,25,2
7.2,26,4
7.2,27,4
7.2,28,3
7.2,29,4
7.2,30,4
7.2,31,6
7.2,32,5
7.2,33,2
7.2,34,2
7.2,35,5
7.2,36,4
7.2,37,4
7.2,38,4
7.2,39,8
7.2,40,0
7.2,41,3
7.2,42,5
7.2,43,2
7.2,44,3
7.2,45,0
7.2,46,6
7.2,47,6
7.2,48,1
7.2,49,4
7.2,50,7
7.2,51,6
7.2,52,4
7.2,53,5
7.2,54,3
7.2,55,1
7.2,56,1
7.2,57,3
7.2,58,6
7.2,59,3
7.2,60,2
7.2,61,5
7.2,62,1
7.2,63,4
7.2,64,2
7.2,65,4
7.2,66,0
7.2,67,4
7.2,68,8
7.2,69,6
7.2,70,5
7.2,71,4
7.2,72,4
7.2,73,3
7.2,74,7
7.2,75,10
7.2,76,0
7.2,77,6
7.2,78,4
7.2,79,10
7.2,80,8
7.2,81,1
7.2,82,2
7.2,83,7
7.2,84,5
7.2,85,3
7.2,86,4
7.2,87,5
7.2,88,6
7.2,89,5
7.2,90,1
7.2,91,8
7.2,92,4
7.2,93,4
7.2,94,0
7.2,95,3
7.2,96,5
7.2,97,8
7.2,98,2
7.2,99,2
7.2,100,1
7.2,101,0
7.2,102,5
7.2,103,4
7.2,104,3
7.2,105,4
7.2,106,2
7.2,107,2
7.2,108,4
7.2,109,5
7.2,110,2
7.2,111,4
7.2,112,8
7.2,113,3
7.2,114,3
7.2,115,5
7.2,116,1
7.2,117,10
7.2,118,2
7.2,119,3
7.2,120,3
7.2,121,3
7.2,122,8
7.2,123,5
7.2,124,8
7.2,125,6
7.2,126,6
7.2,127,5
7.2,128,7
7.2,129,3
7.2,130,5
7.2,131,6
7.4,0,4
7.4,1,2
7.4,2,7
7.4,3,8
7.4,4,5
7.4,5,7
7.4,6,5
7.4,7,8
7.4,8,2
7.4,9,2
7.4,10,3
7.4,11,2
7.4,12,4
7.4,13,4
7.4,14,4
7.4,15,5
7.4,16,4
7.4,17,5
7.4,18,3
7.4,19,1
7.4,20,2
7.4,21,4
7.4,22,2
7.4,23,8
7.4,24,1
7.4,25,2
7.4,26,4
7.4,27,4
7.4,28,3
7.4,29,4
7.4,30,4
7.4,31,6
7.4,32,5
7.4,33,2
7.4,34,2
7.4,35,5
7.4,36,4
7.4,37,4
7.4,38,4
7.4,39,8
7.4,40,0
7.4,41,3
7.4,42,5
7.4,43,2
7.4,44,3
7.4,45,0
7.4,46,6
7.4,47,6
7.4,48,1
7.4,49,4
7.4,50,7
7.4,51,6
7.4,52,4
7.4,53,5
7.4,54,3
7.4,55,1
7.4,56,1
7.4,57,3
7.4,58,6
7.4,59,3
7.4,60,2
7.4,61,5
7.4,62,1
7.4,63,4
7.4,64,2
7.4,65,4
7.4,66,0
7.4,67,4
7.4,68,8
7.4,69,6
7.4,70,5
7.4,71,4
7.4,72,4
7.4,73,3
7.4,74,7
7.4,75,10
7.4,76,0
7.4,77,6
7.4,78,4
7.4,79,10
7.4,80,8
7.4,81,1
7.4,82,2
7.4,83,7
7.4,84,5
7.4,85,3
7.4,86,4
7.4,87,5
7.4,88,6
7.4,89,5
7.4,90,1
7.4,91,8
7.4,92,4
7.4,93,4
7.4,94,0
7.4,95,3
7.4,96,5
7.4,97,8
7.4,98,2
7.4,99,2
7.4,100,1
7.4,101,0
7.4,102,5
7.4,103,4
7.4,104,3
7.4,105,4
7.4,106,2
7.4,107,2
7.4,108,4
7.4,109,5
7.4,110,2
7.4,111,4
7.4,112,8
7.4,113,3
7.4,114,3
7.4,115,5
7.4,116,1
7.4,117,10
7.4,118,2
7.4,119,3
7.4,120,3
7.4,121,3
7.4,122,8
7.4,123,5
7.4,124,8
7.4,125,6
7.4,126,6
7.4,127,5
7.4,128,7
7.4,129,3
7.4,130,5
7.4,131,6
7.6,0,4
7.6,1,2
7.6,2,7
7.6,3,8
7.6,4,5
7.6,5,7
7.6,6,5
7.6,7,8
7.6,8,2
7.6,9,2
7.6,10,3
7.6,11,2
7.6,12,4
7.6,13,4
7.6,14,4
7.6,15,5
7.6,16,4
7.6,17,5
7.6,18,3
7.6,19,1
7.6,20,2
7.6,21,4
7.6,22,2
7.6,23,8
7.6,24,1
7.6,25,2
7.6,26,4
7.6,27,4
7.6,28,3
7.6,29,4
7.6,30,4
7.6,31,6
7.6,32,5
7.6,33,2
7.6,34,2
7.6,35,5
7.6,36,4
7.6,37,4
7.6,38,4
7.6,39,8
7.6,40,0
7.6,41,3
7.6,42,5
7.6,43,2
7.6,44,3
7.6,45,0
7.6,46,6
7.6,47,6
7.6,48,1
7.6,49,4
7.6,50,7
7.6,51,6
7.6,52,4
7.6,53,5
7.6,54,3
7.6,55,1
7.6,56,1
7.6,57,3
7.6,58,6
7.6,59,3
7.6,60,2
7.6,61,5
7.6,62,1
7.6,63,4
7.6,64,2
7.6,65,4
7.6,66,0
7.6,67,4
7.6,68,8
7.6,69,6
7.6,70,5
7.6,71,4
7.6,72,4
7.6,73,3
7.6,74,7
7.6,75,10
7.6,76,0
7.6,77,6
7.6,78,4
7.6,79,10
7.6,80,8
7.6,81,1
7.6,82,2
7.6,83,7
7.6,84,5
7.6,85,3
7.6,86,4
7.6,87,5
7.6,88,6
7.6,89,5
7.6,90,1
7.6,91,8
7.6,92,4
7.6,93,4
7.6,94,0
7.6,95,3
7.6,96,5
7.6,97,8
7.6,98,2
7.6,99,2
7.6,100,1
7.6,101,0
7.6,102,5
7.6,103,4
7.6,104,3
7.6,105,4
7.6,106,2
7.6,107,2
7.6,108,4
7.6,109,5
7.6,110,2
7.6,111,4
7.6,112,8
7.6,113,3
7.6,114,3
7.6,115,5
7.6,116,1
7.6,117,10
7.6,118,2
7.6,119,3
7.6,120,3
7.6,121,3
7.6,122,8
7.6,123,5
7.6,124,8
7.6,125,6
7.6,126,6
7.6,127,5
7.6,128,7
7.6,129,3
7.6,130,5
7.6,131,6
7.8,0,4
7.8,1,2
7.8,2,7
7.8,3,8
7.8,4,5
7.8,5,7
7.8,6,5
7.8,7,8
7.8,8,2
7.8,9,2
7.8,10,3
7.8,11,2
7.8,12,4
7.8,13,4
7.8,14,4
7.8,15,5
7.8,16,4
7.8,17,5
7.8,18,3
7.8,19,1
7.8,20,2
7.8,21,4
7.8,22,2
7.8,23,8
7.8,24,1
7.8,25,2
7.8,26,4
7.8,27,4
7.8,28,3
7.8,29,4
7.8,30,4
7.8,31,6
7.8,32,5
7.8,33,2
7.8,34,2
7.8,35,5
7.8,36,4
7.8,37,4
7.8,38,4
7.8,39,8
7.8,40,0
7.8,41,3
7.8,42,5
7.8,43,2
7.8,44,3
7.8,45,0
7.8,46,6
7.8,47,6
7.8,48,1
7.8,49,4
7.8,50,7
7.8,51,6
7.8,52,4
7.8,53,5
7.8,54,3
7.8,55,1
7.8,56,1
7.8,57,3
7.8,58,6
7.8,59,3
7.8,60,2
7.8,61,5
7.8,62,1
7.8,63,4
7.8,64,2
7.8,65,4
7.8,66,0
7.8,67,4
7.8,68,8
7.8,69,6
7.8,70,5
7.8,71,4
7.8,72,4
7.8,73,3
7.8,74,7
7.8,75,10
7.8,76,0
7.8,77,6
7.8,78,4
7.8,79,10
7.8,80,8
7.8,81,1
7.8,82,2
7.8,83,7
7.8,84,5
7.8,85,3
7.8,86,4
7.8,87,5
7.8,88,6
7.8,89,5
7.8,90,1
7.8,91,8
7.8,92,4
7.8,93,4
7.8,94,0
7.8,95,3
7.8,96,5
7.8,97,8
7.8,98,2
7.8,99,2
7.8,100,1
7.8,101,0
7.8,102,5
7.8,103,4
7.8,104,3
7.8,105,4
7.8,106,2
7.8,107,2
7.8,108,4
7.8,109,5
7.8,110,2
7.8,111,4
7.8,112,8
7.8,113,3
7.8,114,3
7.8,115,5
7.8,116,1
7.8,117,10
7.8,118,2
7.8,119,3
7.8,120,3
7.8,121,3
7.8,122,8
7.8,123,5
7.8,124,8
7.8,125,6
7.8,126,6
7.8,127,5
7.8,128,7
7.8,129,3
7.8,130,5
7.8,131,6
8,0,4
8,1,2
8,2,7
8,3,8
8,4,5
8,5,7
8,6,5
8,7,8
8,8,2
8,9,2
8,10,3
8,11,2
8,12,4
8,13,4
8,14,4
8,15,5
8,16,4
8,17,5
8,18,3
8,19,1
8,20,2
8,21,4
8,22,2
8,23,8
8,24,1
8,25,2
8,26,4
8,27,4
8,28,3
8,29,4
8,30,4
8,31,6
8,32,5
8,33,2
8,34,2
8,35,5
8,36,4
8,37,4
8,38,4
8,39,8
8,40,0
8,41,3
8,42,5
8,43,2
8,44,3
8,45,0
8,46,6
8,47,6
8,48,1
8,49,4
8,50,7
8,51,6
8,52,4
8,53,5
8,54,3
8,55,1
8,56,1
8,57,3
8,58,6
8,59,3
8,60,2
8,61,5
8,62,1
8,63,4
8,64,2
8,65,4
8,66,0
8,67,4
8,68,8
8,69,6
8,70,5
8,71,4
8,72,4
8,73,3
8,74,7
8,75,10
8,76,0
8,77,6
8,78,4
8,79,10
8,80,8
8,81,1
8,82,2
8,83,7
8,84,5
8,85,3
8,86,4
8,87,5
8,88,6
8,89,5
8,90,1
8,91,8
8,92,4
8,93,4
8,94,0
8,95,3
8,96,5
8,97,8
8,98,2
8,99,2
8,100,1
8,101,0
8,102,5
8,103,4
8,104,3
8,105,4
8,106,2
8,107,2
8,108,4
8,109,5
8,110,2
8,111,4
8,112,8
8,113,3
8,114,3
8,115,5
8,116,1
8,117,10
8,118,2
8,119,3
8,120,3
8,121,3
8,122,8
8,123,5
8,124,8
8,125,6
8,126,6
8,127,5
8,128,7
8,129,3
8,130,5
8,131,6
8.2,0,4
8.2,1,2
8.2,2,7
8.2,3,8
8.2,4,5
8.2,5,7
8.2,6,5
8.2,7,8
8.2,8,2
8.2,9,2
8.2,10,3
8.2,11,2
8.2,12,4
8.2,13,4
8.2,14,4
8.2,15,5
8.2,16,4
8.2,17,5
8.2,18,3
8.2,19,1
8.2,20,2
8.2,21,4
8.2,22,2
8.2,23,8
8.2,24,1
8.2,25,2
8.2,26,4
8.2,27,4
8.2,28,3
8.2,29,4
8.2,30,4
8.2,31,6
8.2,32,5
8.2,33,2
8.2,34,2
8.2,35,5
8.2,36,4
8.2,37,4
8.2,38,4
8.2,39,8
8.2,40,0
8.2,41,3
8.2,42,5
8.2,43,2
8.2,44,3
8.2,45,0
8.2,46,6
8.2,47,6
8.2,48,1
8.2,49,4
8.2,50,7
8.2,51,6
8.2,52,4
8.2,53,5
8.2,54,3
8.2,55,1
8.2,56,1
8.2,57,3
8.2,58,6
8.2,59,3
8.2,60,2
8.2,61,5
8.2,62,1
8.2,63,4
8.2,64,2
8.2,65,4
8.2,66,0
8.2,67,4
8.2,68,8
8.2,69,6
8.2,70,5
8.2,71,4
8.2,72,4
8.2,73,3
8.2,74,7
8.2,75,10
8.2,76,0
8.2,77,6
8.2,78,4
8.2,79,10
8.2,80,8
8.2,81,1
8.2,82,2
8.2,83,7
8.2,84,5
8.2,85,3
8.2,86,4
8.2,87,5
8.2,88,6
8.2,89,5
8.2,90,1
8.2,91,8
8.2,92,4
8.2,93,4
8.2,94,0
8.2,95,3
8.2,96,5
8.2,97,8
8.2,98,2
8.2,99,2
8.2,100,1
8.2,101,0
8.2,102,5
8.2,103,4
8.2,104,3
8.2,105,4
8.2,106,2
8.2,107,2
8.2,108,4
8.2,109,5
8.2,110,2
8.2,111,4
8.2,112,8
8.2,113,3
8.2,114,3
8.2,115,5
8.2,116,1
8.2,117,10
8.2,118,2
8.2,119,3
8.2,120,3
8.2,121,3
8.2,122,8
8.2,123,5
8.2,124,8
8.2,125,6
8.2,126,6
8.2,127,5
8.2,128,7
8.2,129,3
8.2,130,5
8.2,131,6
8.4,0,4
8.4,1,2
8.4,2,7
8.4,3,8
8.4,4,5
8.4,5,7
8.4,6,5
8.4,7,8
8.4,8,2
8.4,9,2
8.4,10,3
8.4,11,2
8.4,12,4
8.4,13,4
8.4,14,4
8.4,15,5
8.4,16,4
8.4,17,5
8.4,18,3
8.4,19,1
8.4,20,2
8.4,21,4
8.4,22,2
8.4,23,8
8.4,24,1
8.4,25,2
8.4,26,4
8.4,27,4
8.4,28,3
8.4,29,4
8.4,30,4
8.4,31,6
8.4,32,5
8.4,33,2
8.4,34,2
8.4,35,5
8.4,36,4
8.4,37,4
8.4,38,4
8.4,39,8
8.4,40,0
8.4,41,3
8.4,42,5
8.4,43,2
8.4,44,3
8.4,45,0
8.4,46,6
8.4,47,6
8.4,48,1
8.4,49,4
8.4,50,7
8.4,51,6
8.4,52,4
8.4,53,5
8.4,54,3
8.4,55,1
8.4,56,1
8.4,57,3
8.4,58,6
8.4,59,3
8.4,60,2
8.4,61,5
8.4,62,1
8.4,63,4
8.4,64,2
8.4,65,4
8.4,66,0
8.4,67,4
8.4,68,8
8.4,69,6
8.4,70,5
8.4,71,4
8.4,72,4
8.4,73,3
8.4,74,7
8.4,75,10
8.4,76,0
8.4,77,6
8.4,78,4
8.4,79,10
8.4,80,8
8.4,81,1
8.4,82,2
8.4,83,7
8.4,84,5
8.4,85,3
8.4,86,4
8.4,87,5
8.4,88,6
8.4,89,5
8.4,90,1
8.4,91,8
8.4,92,4
8.4,93,4
8.4,94,0
8.4,95,3
8.4,96,5
8.4,97,8
8.4,98,2
8.4,99,2
8.4,100,1
8.4,101,0
8.4,102,5
8.4,103,4
8.4,104,3
8.4,105,4
8.4,106,2
8.4,107,2
8.4,108,4
8.4,109,5
8.4,110,2
8.4,111,4
8.4,112,8
8.4,113,3
8.4,114,3
8.4,115,5
8.4,116,1
8.4,117,10
8.4,118,2
8.4,119,3
8.4,120,3
8.4,121,3
8.4,122,8
8.4,123,5
8.4,124,8
8.4,125,6
8.4,126,6
8.4,127,5
8.4,128,7
8.4,129,3
8.4,130,5
8.4,131,6
8.6,0,4
8.6,1,2
8.6,2,7
8.6,3,8
8.6,4,5
8.6,5,7
8.6,6,5
8.6,7,8
8.6,8,2
8.6,9,2
8.6,10,3
8.6,11,2
8.6,12,4
8.6,13,4
8.6,14,4
8.6,15,5
8.6,16,4
8.6,17,5
8.6,18,3
8.6,19,1
8.6,20,2
8.6,21,4
8.6,22,2
8.6,23,8
8.6,24,1
8.6,25,2
8.6,26,4
8.6,27,4
8.6,28,3
8.6,29,4
8.6,30,4
8.6,31,6
8.6,32,5
8.6,33,2
8.6,34,2
8.6,35,5
8.6,36,4
8.6,37,4
8.6,38,4
8.6,39,8
8.6,40,0
8.6,41,3
8.6,42,5
8.6,43,2
8.6,44,3
8.6,45,0
8.6,46,6
8.6,47,6
8.6,48,1
8.6,49,4
8.6,50,7
8.6,51,6
8.6,52,4
8.6,53,5
8.6,54,3
8.6,55,1
8.6,56,1
8.6,57,3
8.6,58,6
8.6,59,3
8.6,60,2
8.6,61,5
8.6,62,1
8.6,63,4
8.6,64,2
8.6,65,4
8.6,66,0
8.6,67,4
8.6,68,8
8.6,69,6
8.6,70,5
8.6,71,4
8.6,72,4
8.6,73,3
8.6,74,7
8.6,75,10
8.6,76,0
8.6,77,6
8.6,78,4
8.6,79,10
8.6,80,8
8.6,81,1
8.6,82,2
8.6,83,7
8.6,84,5
8.6,85,3
8.6,86,4
8.6,87,5
8.6,88,6
8.6,89,5
8.6,90,1
8.6,91,8
8.6,92,4
8.6,93,4
8.6,94,0
8.6,95,3
8.6,96,5
8.6,97,8
8.6,98,2
8.6,99,2
8.6,100,1
8.6,101,0
8.6,102,5
8.6,103,4
8.6,104,3
8.6,105,4
8.6,106,2
8.6,107,2
8.6,108,4
8.6,109,5
8.6,110,2
8.6,111,4
8.6,112,8
8.6,113,3
8.6,114,3
8.6,115,5
8.6,116,1
8.6,117,10
8.6,118,2
8.6,119,3
8.6,120,3
8.6,121,3
8.6,122,8
8.6,123,5
8.6,124,8
8.6,125,6
8.6,126,6
8.6,127,5
8.6,128,7
8.6,129,3
8.6,130,5
8.6,131,6
8.8,0,4
8.8,1,2
8.8,2,7
8.8,3,8
8.8,4,5
8.8,5,7
8.8,6,5
8.8,7,8
8.8,8,2
8.8,9,2
8.8,10,3
8.8,11,2
8.8,12,4
8.8,13,4
8.8,14,4
8.8,15,5
8.8,16,4
8.8,17,5
8.8,18,3
8.8,19,1
8.8,20,2
8.8,21,4
8.8,22,2
8.8,23,8
8.8,24,1
8.8,25,2
8.8,26,4
8.8,27,4
8.8,28,3
8.8,29,4
8.8,30,4
8.8,31,6
8.8,32,5
8.8,33,2
8.8,34,2
8.8,35,5
8.8,36,4
8.8,37,4
8.8,38,4
8.8,39,8
8.8,40,0
8.8,41,3
8.8,42,5
8.8,43,2
8.8,44,3
8.8,45,0
8.8,46,6
8.8,47,6
8.8,48,1
8.8,49,4
8.8,50,7
8.8,51,6
8.8,52,4
8.8,53,5
8.8,54,3
8.8,55,1
8.8,56,1
8.8,57,3
8.8,58,6
8.8,59,3
8.8,60,2
8.8,61,5
8.8,62,1
8.8,63,4
8.8,64,2
8.8,65,4
8.8,66,0
8.8,67,4
8.8,68,8
8.8,69,6
8.8,70,5
8.8,71,4
8.8,72,4
8.8,73,3
8.8,74,7
8.8,75,10
8.8,76,0
8.8,77,6
8.8,78,4
8.8,79,10
8.8,80,8
8.8,81,1
8.8,82,2
8.8,83,7
8.8,84,5
8.8,85,3
8.8,86,4
8.8,87,5
8.8,88,6
8.8,89,5
8.8,90,1
8.8,91,8
8.8,92,4
8.8,93,4
8.8,94,0
8.8,95,3
8.8,96,5
8.8,97,8
8.8,98,2
8.8,99,2
8.8,100,1
8.8,101,0
8.8,102,5
8.8,103,4
8.8,104,3
8.8,105,4
8.8,106,2
8.8,107,2
8.8,108,4
8.8,109,5
8.8,110,2
8.8,111,4
8.8,112,8
8.8,113,3
8.8,114,3
8.8,115,5
8.8,116,1
8.8,117,10
8.8,118,2
8.8,119,3
8.8,120,3
8.8,121,3
8.8,122,8
8.8,123,5
8.8,124,8
8.8,125,6
8.8,126,6
8.8,127,5
8.8,128,7
8.8,129,3
8.8,130,5
8.8,131,6
9,0,4
9,1,2
9,2,7
9,3,8
9,4,5
9,5,7
9,6,5
9,7,8
9,8,2
9,9,2
9,10,3
9,11,2
9,12,4
9,13,4
9,14,4
9,15,5
9,16,4
9,17,5
9,18,3
9,19,1
9,20,2
9,21,4
9,22,2
9,23,8
9,24,1
9,25,2
9,26,4
9,27,4
9,28,3
9,29,4
9,30,4
9,31,6
9,32,5
9,33,2
9,34,2
9,35,5
9,36,4
9,37,4
9,38,4
9,39,8
9,40,0
9,41,3
9,42,5
9,43,2
9,44,3
9,45,0
9,46,6
9,47,6
9,48,1
9,49,4
9,50,7
9,51,6
9,52,4
9,53,5
9,54,3
9,55,1
9,56,1
9,57,3
9,58,6
9,59,3
9,60,2
9,61,5
9,62,1
9,63,4
9,64,2
9,65,4
9,66,0
9,67,4
9,68,8
9,69,6
9,70,5
9,71,4
9,72,4
9,73,3
9,74,7
9,75,10
9,76,0
9,77,6
9,78,4
9,79,10
9,80,8
9,81,1
9,82,2
9,83,7
9,84,5
9,85,3
9,86,4
9,87,5
9,88,6
9,89,5
9,90,1
9,91,8
9,92,4
9,93,4
9,94,0
9,95,3
9,96,5
9,97,8
9,98,2
9,99,2
9,100,1
9,101,0
9,102,5
9,103,4
9,104,3
9,105,4
9,106,2
9,107,2
9,108,4
9,109,5
9,110,2
9,111,4
9,112,8
9,113,3
9,114,3
9,115,5
9,116,1
9,117,10
9,118,2
9,119,3
9,120,3
9,121,3
9,122,8
9,123,5
9,124,8
9,125,6
9,126,6
9,127,5
9,128,7
9,129,3
9,130,5
9,131,6
9.2,0,4
9.2,1,2
9.2,2,7
9.2,3,8
9.2,4,5
9.2,5,7
9.2,6,5
9.2,7,8
9.2,8,2
9.2,9,2
9.2,10,3
9.2,11,2
9.2,12,4
9.2,13,4
9.2,14,4
9.2,15,5
9.2,16,4
9.2,17,5
9.2,18,3
9.2,19,1
9.2,20,2
9.2,21,4
9.2,22,2
9.2,23,8
9.2,24,1
9.2,25,2
9.2,26,4
9.2,27,4
9.2,28,3
9.2,29,4
9.2,30,4
9.2,31,6
9.2,32,5
9.2,33,2
9.2,34,2
9.2,35,5
9.2,36,4
9.2,37,4
9.2,38,4
9.2,39,8
9.2,40,0
9.2,41,3
9.2,42,5
9.2,43,2
9.2,44,3
9.2,45,0
9.2,46,6
9.2,47,6
9.2,48,1
9.2,49,4
9.2,50,7
9.2,51,6
9.2,52,4
9.2,53,5
9.2,54,3
9.2,55,1
9.2,56,1
9.2,57,3
9.2,58,6
9.2,59,3
9.2,60,2
9.2,61,5
9.2,62,1
9.2,63,4
9.2,64,2
9.2,65,4
9.2,66,0
9.2,67,4
9.2,68,8
9.2,69,6
9.2,70,5
9.2,71,4
9.2,72,4
9.2,73,3
9.2,74,7
9.2,75,10
9.2,76,0
9.2,77,6
9.2,78,4
9.2,79,10
9.2,80,8
9.2,81,1
9.2,82,2
9.2,83,7
9.2,84,5
9.2,85,3
9.2,86,4
9.2,87,5
9.2,88,6
9.2,89,5
9.2,90,1
9.2,91,8
9.2,92,4
9.2,93,4
9.2,94,0
9.2,95,3
9.2,96,5
9.2,97,8
9.2,98,2
9.2,99,2
9.2,100,1
9.2,101,0
9.2,102,5
9.2,103,4
9.2,104,3
9.2,105,4
9.2,106,2
9.2,107,2
9.2,108,4
9.2,109,5
9.2,110,2
9.2,111,4
9.2,112,8
9.2,113,3
9.2,114,3
9.2,115,5
9.2,116,1
9.2,117,10
9.2,118,2
9.2,119,3
9.2,120,3
9.2,121,3
9.2,122,8
9.2,123,5
9.2,124,8
9.2,125,6
9.2,126,6
9.2,127,5
9.2,128,7
9.2,129,3
9.2,130,5
9.2,131,6
9.4,0,4
9.4,1,2
9.4,2,7
9.4,3,8
9.4,4,5
9.4,5,7
9.4,6,5
9.4,7,8
9.4,8,2
9.4,9,2
9.4,10,3
9.4,11,2
9.4,12,4
9.4,13,4
9.4,14,4
9.4,15,5
9.4,16,4
9.4,17,5
9.4,18,3
9.4,19,1
9.4,20,2
9.4,21,4
9.4,22,2
9.4,23,8
9.4,24,1
9.4,25,2
9.4,26,4
9.4,27,4
9.4,28,3
9.4,29,4
9.4,30,4
9.4,31,6
9.4,32,5
9.4,33,2
9.4,34,2
9.4,35,5
9.4,36,4
9.4,37,4
9.4,38,4
9.4,39,8
9.4,40,0
9.4,41,3
9.4,42,5
9.4,43,2
9.4,44,3
9.4,45,0
9.4,46,6
9.4,47,6
9.4,48,1
9.4,49,4
9.4,50,7
9.4,51,6
9.4,52,4
9.4,53,5
9.4,54,3
9.4,55,1
9.4,56,1
9.4,57,3
9.4,58,6
9.4,59,3
9.4,60,2
9.4,61,5
9.4,62,1
9.4,63,4
9.4,64,2
9.4,65,4
9.4,66,0
9.4,67,4
9.4,68,8
9.4,69,6
9.4,70,5
9.4,71,4
9.4,72,4
9.4,73,3
9.4,74,7
9.4,75,10
9.4,76,0
9.4,77,6
9.4,78,4
9.4,79,10
9.4,80,8
9.4,81,1
9.4,82,2
9.4,83,7
9.4,84,5
9.4,85,3
9.4,86,4
9.4,87,5
9.4,88,6
9.4,89,5
9.4,90,1
9.4,91,8
9.4,92,4
9.4,93,4
9.4,94,0
9.4,95,3
9.4,96,5
9.4,97,8
9.4,98,2
9.4,99,2
9.4,100,1
9.4,101,0
9.4,102,5
9.4,103,4
9.4,104,3
9.4,105,4
9.4,106,2
9.4,107,2
9.4,108,4
9.4,109,5
9.4,110,2
9.4,111,4
9.4,112,8
9.4,113,3
9.4,114,3
9.4,115,5
9.4,116,1
9.4,117,10
9.4,118,2
9.4,119,3
9.4,120,3
9.4,121,3
9.4,122,8
9.4,123,5
9.4,124,8
9.4,125,6
9.4,126,6
9.4,127,5
9.4,128,7
9.4,129,3
9.4,130,5
9.4,131,6
9.6,0,4
9.6,1,2
9.6,2,7
9.6,3,8
9.6,4,5
9.6,5,7
9.6,6,5
9.6,7,8
9.6,8,2
9.6,9,2
9.6,10,3
9.6,11,2
9.6,12,4
9.6,13,4
9.6,14,4
9.6,15,5
9.6,16,4
9.6,17,5
9.6,18,3
9.6,19,1
9.6,20,2
9.6,21,4
9.6,22,2
9.6,23,8
9.6,24,1
9.6,25,2
9.6,26,4
9.6,27,4
9.6,28,3
9.6,29,4
9.6,30,4
9.6,31,6
9.6,32,5
9.6,33,2
9.6,34,2
9.6,35,5
9.6,36,4
9.6,37,4
9.6,38,4
9.6,39,8
9.6,40,0
9.6,41,3
9.6,42,5
9.6,43,2
9.6,44,3
9.6,45,0
9.6,46,6
9.6,47,6
9.6,48,1
9.6,49,4
9.6,50,7
9.6,51,6
9.6,52,4
9.6,53,5
9.6,54,3
9.6,55,1
9.6,56,1
9.6,57,3
9.6,58,6
9.6,59,3
9.6,60,2
9.6,61,5
9.6,62,1
9.6,63,4
9.6,64,2
9.6,65,4
9.6,66,0
9.6,67,4
9.6,68,8
9.6,69,6
9.6,70,5
9.6,71,4
9.6,72,4
9.6,73,3
9.6,74,7
9.6,75,10
9.6,76,0
9.6,77,6
9.6,78,4
9.6,79,10
9.6,80,8
9.6,81,1
9.6,82,2
9.6,83,7
9.6,84,5
9.6,85,3
9.6,86,4
9.6,87,5
9.6,88,6
9.6,89,5
9.6,90,1
9.6,91,8
9.6,92,4
9.6,93,4
9.6,94,0
9.6,95,3
9.6,96,5
9.6,97,8
9.6,98,2
9.6,99,2
9.6,100,1
9.6,101,0
9.6,102,5
9.6,103,4
9.6,104,3
9.6,105,4
9.6,106,2
9.6,107,2
9.6,108,4
9.6,109,5
9.6,110,2
9.6,111,4
9.6,112,8
9.6,113,3
9.6,114,3
9.6,115,5
9.6,116,1
9.6,117,10
9.6,118,2
9.6,119,3
9.6,120,3
9.6,121,3
9.6,122,8
9.6,123,5
9.6,124,8
9.6,125,6
9.6,126,6
9.6,127,5
9.6,128,7
9.6,129,3
9.6,130,5
9.6,131,6
9.8,0,4
9.8,1,2
9.8,2,7
9.8,3,8
9.8,4,5
9.8,5,7
9.8,6,5
9.8,7,8
9.8,8,2
9.8,9,2
9.8,10,3
9.8,11,2
9.8,12,4
9.8,13,4
9.8,14,4
9.8,15,5
9.8,16,4
9.8,17,5
9.8,18,3
9.8,19,1
9.8,20,2
9.8,21,4
9.8,22,2
9.8,23,8
9.8,24,1
9.8,25,2
9.8,26,4
9.8,27,4
9.8,28,3
9.8,29,4
9.8,30,4
9.8,31,6
9.8,32,5
9.8,33,2
9.8,34,2
9.8,35,5
9.8,36,4
9.8,37,4
9.8,38,4
9.8,39,8
9.8,40,0
9.8,41,3
9.8,42,5
9.8,43,2
9.8,44,3
9.8,45,0
9.8,46,6
9.8,47,6
9.8,48,1
9.8,49,4
9.8,50,7
9.8,51,6
9.8,52,4
9.8,53,5
9.8,54,3
9.8,55,1
9.8,56,1
9.8,57,3
9.8,58,6
9.8,59,3
9.8,60,2
9.8,61,5
9.8,62,1
9.8,63,4
9.8,64,2
9.8,65,4
9.8,66,0
9.8,67,4
9.8,68,8
9.8,69,6
9.8,70,5
9.8,71,4
9.8,72,4
9.8,73,3
9.8,74,7
9.8,75,10
9.8,76,0
9.8,77,6
9.8,78,4
9.8,79,10
9.8,80,8
9.8,81,1
9.8,82,2
9.8,83,7
9.8,84,5
9.8,85,3
9.8,86,4
9.8,87,5
9.8,88,6
9.8,89,5
9.8,90,1
9.8,91,8
9.8,92,4
9.8,93,4
9.8,94,0
9.8,95,3
9.8,96,5
9.8,97,8
9.8,98,2
9.8,99,2
9.8,100,1
9.8,101,0
9.8,102,5
9.8,103,4
9.8,104,3
9.8,105,4
9.8,106,2
9.8,107,2
9.8,108,4
9.8,109,5
9.8,110,2
9.8,111,4
9.8,112,8
9.8,113,3
9.8,114,3
9.8,115,5
9.8,116,1
9.8,117,10
9.8,118,2
9.8,119,3
9.8,120,3
9.8,121,3
9.8,122,8
9.8,123,5
9.8,124,8
9.8,125,6
9.8,126,6
9.8,127,5
9.8,128,7
9.8,129,3
9.8,130,5
9.8,131,6
